[2025-03-28T12:54:08.118+0000] {manager.py:487} INFO - Processing files using up to 2 processes at a time 
[2025-03-28T12:54:08.121+0000] {manager.py:488} INFO - Process each file at most once every 30 seconds
[2025-03-28T12:54:08.122+0000] {manager.py:489} INFO - Checking for new files in /opt/airflow/dags every 300 seconds
[2025-03-28T12:54:08.124+0000] {manager.py:758} INFO - Searching for files in /opt/airflow/dags
[2025-03-28T12:54:08.129+0000] {manager.py:761} INFO - There are 0 files in /opt/airflow/dags
[2025-03-28T13:14:03.918+0000] {manager.py:487} INFO - Processing files using up to 2 processes at a time 
[2025-03-28T13:14:03.932+0000] {manager.py:488} INFO - Process each file at most once every 30 seconds
[2025-03-28T13:14:03.933+0000] {manager.py:489} INFO - Checking for new files in /opt/airflow/dags every 300 seconds
[2025-03-28T13:14:03.935+0000] {manager.py:758} INFO - Searching for files in /opt/airflow/dags
[2025-03-28T13:14:03.943+0000] {manager.py:761} INFO - There are 0 files in /opt/airflow/dags
[2025-03-28T13:17:22.072+0000] {manager.py:487} INFO - Processing files using up to 2 processes at a time 
[2025-03-28T13:17:22.075+0000] {manager.py:488} INFO - Process each file at most once every 30 seconds
[2025-03-28T13:17:22.076+0000] {manager.py:489} INFO - Checking for new files in /opt/airflow/dags every 300 seconds
[2025-03-28T13:17:22.077+0000] {manager.py:758} INFO - Searching for files in /opt/airflow/dags
[2025-03-28T13:17:22.081+0000] {manager.py:761} INFO - There are 0 files in /opt/airflow/dags
[2025-03-28T13:22:22.784+0000] {manager.py:758} INFO - Searching for files in /opt/airflow/dags
[2025-03-28T13:22:22.836+0000] {manager.py:761} INFO - There are 0 files in /opt/airflow/dags
[2025-03-28T13:26:53.845+0000] {manager.py:487} INFO - Processing files using up to 2 processes at a time 
[2025-03-28T13:26:53.847+0000] {manager.py:488} INFO - Process each file at most once every 30 seconds
[2025-03-28T13:26:53.847+0000] {manager.py:489} INFO - Checking for new files in /opt/airflow/dags every 300 seconds
[2025-03-28T13:26:53.848+0000] {manager.py:758} INFO - Searching for files in /opt/airflow/dags
[2025-03-28T13:26:53.852+0000] {manager.py:761} INFO - There are 0 files in /opt/airflow/dags
[2025-03-28T13:32:03.892+0000] {manager.py:487} INFO - Processing files using up to 2 processes at a time 
[2025-03-28T13:32:03.894+0000] {manager.py:488} INFO - Process each file at most once every 30 seconds
[2025-03-28T13:32:03.895+0000] {manager.py:489} INFO - Checking for new files in /opt/airflow/dags every 300 seconds
[2025-03-28T13:32:03.896+0000] {manager.py:758} INFO - Searching for files in /opt/airflow/dags
[2025-03-28T13:32:03.902+0000] {manager.py:761} INFO - There are 0 files in /opt/airflow/dags
[2025-03-28T13:37:04.531+0000] {manager.py:758} INFO - Searching for files in /opt/airflow/dags
[2025-03-28T13:37:04.582+0000] {manager.py:761} INFO - There are 0 files in /opt/airflow/dags
[2025-03-28T13:42:05.059+0000] {manager.py:758} INFO - Searching for files in /opt/airflow/dags
[2025-03-28T13:42:05.079+0000] {manager.py:761} INFO - There are 0 files in /opt/airflow/dags
[2025-03-28T13:47:05.570+0000] {manager.py:758} INFO - Searching for files in /opt/airflow/dags
[2025-03-28T13:47:05.583+0000] {manager.py:761} INFO - There are 0 files in /opt/airflow/dags
[2025-03-28T13:52:06.066+0000] {manager.py:758} INFO - Searching for files in /opt/airflow/dags
[2025-03-28T13:52:06.076+0000] {manager.py:761} INFO - There are 0 files in /opt/airflow/dags
[2025-03-28T13:57:06.594+0000] {manager.py:758} INFO - Searching for files in /opt/airflow/dags
[2025-03-28T13:57:06.607+0000] {manager.py:761} INFO - There are 0 files in /opt/airflow/dags
[2025-03-28T14:02:07.172+0000] {manager.py:758} INFO - Searching for files in /opt/airflow/dags
[2025-03-28T14:02:07.185+0000] {manager.py:761} INFO - There are 0 files in /opt/airflow/dags
[2025-03-28T14:07:07.663+0000] {manager.py:758} INFO - Searching for files in /opt/airflow/dags
[2025-03-28T14:07:07.675+0000] {manager.py:761} INFO - There are 0 files in /opt/airflow/dags
[2025-03-28T14:12:08.185+0000] {manager.py:758} INFO - Searching for files in /opt/airflow/dags
[2025-03-28T14:12:08.197+0000] {manager.py:761} INFO - There are 0 files in /opt/airflow/dags
[2025-03-28T14:17:08.600+0000] {manager.py:758} INFO - Searching for files in /opt/airflow/dags
[2025-03-28T14:17:08.610+0000] {manager.py:761} INFO - There are 0 files in /opt/airflow/dags
[2025-03-28T14:22:08.962+0000] {manager.py:758} INFO - Searching for files in /opt/airflow/dags
[2025-03-28T14:22:08.972+0000] {manager.py:761} INFO - There are 0 files in /opt/airflow/dags
[2025-03-28T14:27:09.379+0000] {manager.py:758} INFO - Searching for files in /opt/airflow/dags
[2025-03-28T14:27:09.392+0000] {manager.py:761} INFO - There are 0 files in /opt/airflow/dags
[2025-03-28T14:31:01.659+0000] {manager.py:487} INFO - Processing files using up to 2 processes at a time 
[2025-03-28T14:31:01.664+0000] {manager.py:488} INFO - Process each file at most once every 30 seconds
[2025-03-28T14:31:01.667+0000] {manager.py:489} INFO - Checking for new files in /opt/airflow/dags every 300 seconds
[2025-03-28T14:31:01.670+0000] {manager.py:758} INFO - Searching for files in /opt/airflow/dags
[2025-03-28T14:31:01.697+0000] {manager.py:761} INFO - There are 0 files in /opt/airflow/dags
[2025-03-28T14:45:09.648+0000] {manager.py:487} INFO - Processing files using up to 2 processes at a time 
[2025-03-28T14:45:09.651+0000] {manager.py:488} INFO - Process each file at most once every 30 seconds
[2025-03-28T14:45:09.652+0000] {manager.py:489} INFO - Checking for new files in /opt/airflow/dags every 300 seconds
[2025-03-28T14:45:09.654+0000] {manager.py:758} INFO - Searching for files in /opt/airflow/dags
[2025-03-28T14:45:09.663+0000] {manager.py:761} INFO - There are 0 files in /opt/airflow/dags
[2025-03-28T14:50:09.861+0000] {manager.py:758} INFO - Searching for files in /opt/airflow/dags
[2025-03-28T14:50:10.019+0000] {manager.py:761} INFO - There are 0 files in /opt/airflow/dags
[2025-03-28T14:55:10.475+0000] {manager.py:758} INFO - Searching for files in /opt/airflow/dags
[2025-03-28T14:55:10.479+0000] {manager.py:761} INFO - There are 0 files in /opt/airflow/dags
[2025-03-28T15:00:10.904+0000] {manager.py:758} INFO - Searching for files in /opt/airflow/dags
[2025-03-28T15:00:10.921+0000] {manager.py:761} INFO - There are 0 files in /opt/airflow/dags
[2025-03-28T15:05:11.397+0000] {manager.py:758} INFO - Searching for files in /opt/airflow/dags
[2025-03-28T15:05:11.408+0000] {manager.py:761} INFO - There are 0 files in /opt/airflow/dags
[2025-03-28T15:10:11.845+0000] {manager.py:758} INFO - Searching for files in /opt/airflow/dags
[2025-03-28T15:10:11.863+0000] {manager.py:761} INFO - There are 0 files in /opt/airflow/dags
[2025-03-28T15:15:12.406+0000] {manager.py:758} INFO - Searching for files in /opt/airflow/dags
[2025-03-28T15:15:12.423+0000] {manager.py:761} INFO - There are 0 files in /opt/airflow/dags
[2025-03-28T15:20:12.815+0000] {manager.py:758} INFO - Searching for files in /opt/airflow/dags
[2025-03-28T15:20:12.819+0000] {manager.py:761} INFO - There are 0 files in /opt/airflow/dags
[2025-03-28T15:25:13.146+0000] {manager.py:758} INFO - Searching for files in /opt/airflow/dags
[2025-03-28T15:25:13.154+0000] {manager.py:761} INFO - There are 0 files in /opt/airflow/dags
[2025-03-28T15:30:13.502+0000] {manager.py:758} INFO - Searching for files in /opt/airflow/dags
[2025-03-28T15:30:13.515+0000] {manager.py:761} INFO - There are 0 files in /opt/airflow/dags
[2025-03-28T15:35:13.897+0000] {manager.py:758} INFO - Searching for files in /opt/airflow/dags
[2025-03-28T15:35:13.909+0000] {manager.py:761} INFO - There are 0 files in /opt/airflow/dags
[2025-03-28T15:40:14.305+0000] {manager.py:758} INFO - Searching for files in /opt/airflow/dags
[2025-03-28T15:40:14.345+0000] {manager.py:761} INFO - There are 0 files in /opt/airflow/dags
[2025-03-28T15:45:09.737+0000] {manager.py:487} INFO - Processing files using up to 2 processes at a time 
[2025-03-28T15:45:09.739+0000] {manager.py:488} INFO - Process each file at most once every 30 seconds
[2025-03-28T15:45:09.742+0000] {manager.py:489} INFO - Checking for new files in /opt/airflow/dags every 300 seconds
[2025-03-28T15:45:09.744+0000] {manager.py:758} INFO - Searching for files in /opt/airflow/dags
[2025-03-28T15:45:09.764+0000] {manager.py:761} INFO - There are 1 files in /opt/airflow/dags
[2025-03-28T15:45:11.889+0000] {manager.py:889} INFO - 
================================================================================
DAG File Processing Stats

File Path                        PID  Runtime      # DAGs    # Errors  Last Runtime    Last Run
-----------------------------  -----  ---------  --------  ----------  --------------  ----------
/opt/airflow/dags/pipeline.py    159  1.23s             0           0
================================================================================
[2025-03-28T15:45:42.127+0000] {manager.py:889} INFO - 
================================================================================
DAG File Processing Stats

File Path                      PID    Runtime      # DAGs    # Errors  Last Runtime    Last Run
-----------------------------  -----  ---------  --------  ----------  --------------  -------------------
/opt/airflow/dags/pipeline.py                           1           0  1.51s           2025-03-28T15:45:12
================================================================================
[2025-03-28T15:46:12.544+0000] {manager.py:889} INFO - 
================================================================================
DAG File Processing Stats

File Path                      PID    Runtime      # DAGs    # Errors  Last Runtime    Last Run
-----------------------------  -----  ---------  --------  ----------  --------------  -------------------
/opt/airflow/dags/pipeline.py                           1           0  0.86s           2025-03-28T15:45:43
================================================================================
[2025-03-28T15:46:42.636+0000] {manager.py:889} INFO - 
================================================================================
DAG File Processing Stats

File Path                      PID    Runtime      # DAGs    # Errors  Last Runtime    Last Run
-----------------------------  -----  ---------  --------  ----------  --------------  -------------------
/opt/airflow/dags/pipeline.py                           1           0  0.76s           2025-03-28T15:46:14
================================================================================
[2025-03-28T15:47:13.314+0000] {manager.py:889} INFO - 
================================================================================
DAG File Processing Stats

File Path                      PID    Runtime      # DAGs    # Errors  Last Runtime    Last Run
-----------------------------  -----  ---------  --------  ----------  --------------  -------------------
/opt/airflow/dags/pipeline.py                           1           0  0.66s           2025-03-28T15:46:45
================================================================================
[2025-03-28T15:47:43.768+0000] {manager.py:889} INFO - 
================================================================================
DAG File Processing Stats

File Path                      PID    Runtime      # DAGs    # Errors  Last Runtime    Last Run
-----------------------------  -----  ---------  --------  ----------  --------------  -------------------
/opt/airflow/dags/pipeline.py                           1           0  0.74s           2025-03-28T15:47:16
================================================================================
[2025-03-28T15:48:14.112+0000] {manager.py:889} INFO - 
================================================================================
DAG File Processing Stats

File Path                      PID    Runtime      # DAGs    # Errors  Last Runtime    Last Run
-----------------------------  -----  ---------  --------  ----------  --------------  -------------------
/opt/airflow/dags/pipeline.py                           1           0  0.99s           2025-03-28T15:47:47
================================================================================
[2025-03-28T15:48:44.844+0000] {manager.py:889} INFO - 
================================================================================
DAG File Processing Stats

File Path                      PID    Runtime      # DAGs    # Errors  Last Runtime    Last Run
-----------------------------  -----  ---------  --------  ----------  --------------  -------------------
/opt/airflow/dags/pipeline.py                           1           0  0.20s           2025-03-28T15:48:17
================================================================================
[2025-03-28T15:49:15.219+0000] {manager.py:889} INFO - 
================================================================================
DAG File Processing Stats

File Path                      PID    Runtime      # DAGs    # Errors  Last Runtime    Last Run
-----------------------------  -----  ---------  --------  ----------  --------------  -------------------
/opt/airflow/dags/pipeline.py                           1           0  0.42s           2025-03-28T15:48:48
================================================================================
[2025-03-28T15:49:45.800+0000] {manager.py:889} INFO - 
================================================================================
DAG File Processing Stats

File Path                      PID    Runtime      # DAGs    # Errors  Last Runtime    Last Run
-----------------------------  -----  ---------  --------  ----------  --------------  -------------------
/opt/airflow/dags/pipeline.py                           1           0  0.19s           2025-03-28T15:49:18
================================================================================
[2025-03-28T15:50:05.543+0000] {manager.py:487} INFO - Processing files using up to 2 processes at a time 
[2025-03-28T15:50:05.544+0000] {manager.py:488} INFO - Process each file at most once every 30 seconds
[2025-03-28T15:50:05.545+0000] {manager.py:489} INFO - Checking for new files in /opt/airflow/dags every 300 seconds
[2025-03-28T15:50:05.546+0000] {manager.py:758} INFO - Searching for files in /opt/airflow/dags
[2025-03-28T15:50:05.558+0000] {manager.py:761} INFO - There are 1 files in /opt/airflow/dags
[2025-03-28T15:50:05.787+0000] {manager.py:889} INFO - 
================================================================================
DAG File Processing Stats

File Path                        PID  Runtime      # DAGs    # Errors  Last Runtime    Last Run
-----------------------------  -----  ---------  --------  ----------  --------------  ----------
/opt/airflow/dags/pipeline.py    158  0.14s             0           0
================================================================================
[2025-03-28T15:50:35.964+0000] {manager.py:889} INFO - 
================================================================================
DAG File Processing Stats

File Path                      PID    Runtime      # DAGs    # Errors  Last Runtime    Last Run
-----------------------------  -----  ---------  --------  ----------  --------------  -------------------
/opt/airflow/dags/pipeline.py                           1           0  0.51s           2025-03-28T15:50:06
================================================================================
[2025-03-28T15:51:06.078+0000] {manager.py:889} INFO - 
================================================================================
DAG File Processing Stats

File Path                      PID    Runtime      # DAGs    # Errors  Last Runtime    Last Run
-----------------------------  -----  ---------  --------  ----------  --------------  -------------------
/opt/airflow/dags/pipeline.py                           1           0  0.46s           2025-03-28T15:50:36
================================================================================
[2025-03-28T15:51:36.320+0000] {manager.py:889} INFO - 
================================================================================
DAG File Processing Stats

File Path                      PID    Runtime      # DAGs    # Errors  Last Runtime    Last Run
-----------------------------  -----  ---------  --------  ----------  --------------  -------------------
/opt/airflow/dags/pipeline.py                           1           0  0.32s           2025-03-28T15:51:07
================================================================================
[2025-03-28T15:52:06.907+0000] {manager.py:889} INFO - 
================================================================================
DAG File Processing Stats

File Path                      PID    Runtime      # DAGs    # Errors  Last Runtime    Last Run
-----------------------------  -----  ---------  --------  ----------  --------------  -------------------
/opt/airflow/dags/pipeline.py                           1           0  0.15s           2025-03-28T15:51:37
================================================================================
[2025-03-28T15:52:37.198+0000] {manager.py:889} INFO - 
================================================================================
DAG File Processing Stats

File Path                      PID    Runtime      # DAGs    # Errors  Last Runtime    Last Run
-----------------------------  -----  ---------  --------  ----------  --------------  -------------------
/opt/airflow/dags/pipeline.py                           1           0  0.15s           2025-03-28T15:52:08
================================================================================
[2025-03-28T15:53:07.535+0000] {manager.py:889} INFO - 
================================================================================
DAG File Processing Stats

File Path                      PID    Runtime      # DAGs    # Errors  Last Runtime    Last Run
-----------------------------  -----  ---------  --------  ----------  --------------  -------------------
/opt/airflow/dags/pipeline.py                           1           0  0.19s           2025-03-28T15:52:38
================================================================================
[2025-03-28T15:54:19.899+0000] {manager.py:487} INFO - Processing files using up to 2 processes at a time 
[2025-03-28T15:54:19.901+0000] {manager.py:488} INFO - Process each file at most once every 30 seconds
[2025-03-28T15:54:19.903+0000] {manager.py:489} INFO - Checking for new files in /opt/airflow/dags every 300 seconds
[2025-03-28T15:54:19.904+0000] {manager.py:758} INFO - Searching for files in /opt/airflow/dags
[2025-03-28T15:54:19.919+0000] {manager.py:761} INFO - There are 1 files in /opt/airflow/dags
[2025-03-28T15:54:20.092+0000] {manager.py:889} INFO - 
================================================================================
DAG File Processing Stats

File Path                        PID  Runtime      # DAGs    # Errors  Last Runtime    Last Run
-----------------------------  -----  ---------  --------  ----------  --------------  ----------
/opt/airflow/dags/pipeline.py    159  0.10s             0           0
================================================================================
[2025-03-28T15:54:50.285+0000] {manager.py:889} INFO - 
================================================================================
DAG File Processing Stats

File Path                        PID  Runtime      # DAGs    # Errors  Last Runtime    Last Run
-----------------------------  -----  ---------  --------  ----------  --------------  -------------------
/opt/airflow/dags/pipeline.py    179  0.02s             1           0  0.20s           2025-03-28T15:54:20
================================================================================
[2025-03-28T15:55:20.661+0000] {manager.py:889} INFO - 
================================================================================
DAG File Processing Stats

File Path                        PID  Runtime      # DAGs    # Errors  Last Runtime    Last Run
-----------------------------  -----  ---------  --------  ----------  --------------  -------------------
/opt/airflow/dags/pipeline.py    188  0.02s             1           0  0.21s           2025-03-28T15:54:50
================================================================================
[2025-03-28T15:55:51.007+0000] {manager.py:889} INFO - 
================================================================================
DAG File Processing Stats

File Path                      PID    Runtime      # DAGs    # Errors  Last Runtime    Last Run
-----------------------------  -----  ---------  --------  ----------  --------------  -------------------
/opt/airflow/dags/pipeline.py                           1           0  0.60s           2025-03-28T15:55:21
================================================================================
[2025-03-28T15:56:21.148+0000] {manager.py:889} INFO - 
================================================================================
DAG File Processing Stats

File Path                      PID    Runtime      # DAGs    # Errors  Last Runtime    Last Run
-----------------------------  -----  ---------  --------  ----------  --------------  -------------------
/opt/airflow/dags/pipeline.py                           1           0  0.45s           2025-03-28T15:55:51
================================================================================
[2025-03-28T15:56:51.402+0000] {manager.py:889} INFO - 
================================================================================
DAG File Processing Stats

File Path                      PID    Runtime      # DAGs    # Errors  Last Runtime    Last Run
-----------------------------  -----  ---------  --------  ----------  --------------  -------------------
/opt/airflow/dags/pipeline.py                           1           0  0.39s           2025-03-28T15:56:22
================================================================================
[2025-03-28T15:57:22.064+0000] {manager.py:889} INFO - 
================================================================================
DAG File Processing Stats

File Path                      PID    Runtime      # DAGs    # Errors  Last Runtime    Last Run
-----------------------------  -----  ---------  --------  ----------  --------------  -------------------
/opt/airflow/dags/pipeline.py                           1           0  0.32s           2025-03-28T15:56:53
================================================================================
[2025-03-28T15:57:52.574+0000] {manager.py:889} INFO - 
================================================================================
DAG File Processing Stats

File Path                      PID    Runtime      # DAGs    # Errors  Last Runtime    Last Run
-----------------------------  -----  ---------  --------  ----------  --------------  -------------------
/opt/airflow/dags/pipeline.py                           1           0  0.37s           2025-03-28T15:57:23
================================================================================
[2025-03-28T15:58:23.115+0000] {manager.py:889} INFO - 
================================================================================
DAG File Processing Stats

File Path                      PID    Runtime      # DAGs    # Errors  Last Runtime    Last Run
-----------------------------  -----  ---------  --------  ----------  --------------  -------------------
/opt/airflow/dags/pipeline.py                           1           0  0.21s           2025-03-28T15:57:54
================================================================================
[2025-03-28T15:58:53.510+0000] {manager.py:889} INFO - 
================================================================================
DAG File Processing Stats

File Path                      PID    Runtime      # DAGs    # Errors  Last Runtime    Last Run
-----------------------------  -----  ---------  --------  ----------  --------------  -------------------
/opt/airflow/dags/pipeline.py                           1           0  0.26s           2025-03-28T15:58:24
================================================================================
[2025-03-28T15:59:19.958+0000] {manager.py:758} INFO - Searching for files in /opt/airflow/dags
[2025-03-28T15:59:20.011+0000] {manager.py:761} INFO - There are 1 files in /opt/airflow/dags
[2025-03-28T15:59:23.858+0000] {manager.py:889} INFO - 
================================================================================
DAG File Processing Stats

File Path                      PID    Runtime      # DAGs    # Errors  Last Runtime    Last Run
-----------------------------  -----  ---------  --------  ----------  --------------  -------------------
/opt/airflow/dags/pipeline.py                           1           0  0.23s           2025-03-28T15:58:54
================================================================================
[2025-03-28T15:59:53.865+0000] {manager.py:889} INFO - 
================================================================================
DAG File Processing Stats

File Path                      PID    Runtime      # DAGs    # Errors  Last Runtime    Last Run
-----------------------------  -----  ---------  --------  ----------  --------------  -------------------
/opt/airflow/dags/pipeline.py                           1           0  0.73s           2025-03-28T15:59:25
================================================================================
[2025-03-28T16:00:24.827+0000] {manager.py:889} INFO - 
================================================================================
DAG File Processing Stats

File Path                      PID    Runtime      # DAGs    # Errors  Last Runtime    Last Run
-----------------------------  -----  ---------  --------  ----------  --------------  -------------------
/opt/airflow/dags/pipeline.py                           1           0  0.62s           2025-03-28T15:59:56
================================================================================
[2025-03-28T16:00:56.954+0000] {manager.py:889} INFO - 
================================================================================
DAG File Processing Stats

File Path                      PID    Runtime      # DAGs    # Errors  Last Runtime    Last Run
-----------------------------  -----  ---------  --------  ----------  --------------  -------------------
/opt/airflow/dags/pipeline.py                           1           0  0.28s           2025-03-28T16:00:27
================================================================================
[2025-03-28T16:16:47.883+0000] {manager.py:758} INFO - Searching for files in /opt/airflow/dags
[2025-03-28T16:16:47.900+0000] {manager.py:761} INFO - There are 1 files in /opt/airflow/dags
[2025-03-28T16:16:47.965+0000] {manager.py:889} INFO - 
================================================================================
DAG File Processing Stats

File Path                        PID  Runtime      # DAGs    # Errors  Last Runtime    Last Run
-----------------------------  -----  ---------  --------  ----------  --------------  -------------------
/opt/airflow/dags/pipeline.py    258  0.01s             1           0  0.31s           2025-03-28T16:00:58
================================================================================
[2025-03-28T16:17:22.919+0000] {manager.py:889} INFO - 
================================================================================
DAG File Processing Stats

File Path                        PID  Runtime      # DAGs    # Errors  Last Runtime    Last Run
-----------------------------  -----  ---------  --------  ----------  --------------  -------------------
/opt/airflow/dags/pipeline.py    263  0.01s             1           0  0.26s           2025-03-28T16:16:48
================================================================================
[2025-03-28T16:17:58.387+0000] {manager.py:889} INFO - 
================================================================================
DAG File Processing Stats

File Path                        PID  Runtime      # DAGs    # Errors  Last Runtime    Last Run
-----------------------------  -----  ---------  --------  ----------  --------------  -------------------
/opt/airflow/dags/pipeline.py    268  0.01s             1           0  0.63s           2025-03-28T16:17:23
================================================================================
[2025-03-28T16:18:39.083+0000] {manager.py:889} INFO - 
================================================================================
DAG File Processing Stats

File Path                        PID  Runtime      # DAGs    # Errors  Last Runtime    Last Run
-----------------------------  -----  ---------  --------  ----------  --------------  -------------------
/opt/airflow/dags/pipeline.py    274  0.03s             1           0  0.34s           2025-03-28T16:17:58
================================================================================
[2025-03-28T16:34:25.323+0000] {manager.py:758} INFO - Searching for files in /opt/airflow/dags
[2025-03-28T16:34:25.336+0000] {manager.py:761} INFO - There are 1 files in /opt/airflow/dags
[2025-03-28T16:34:25.374+0000] {manager.py:889} INFO - 
================================================================================
DAG File Processing Stats

File Path                        PID  Runtime      # DAGs    # Errors  Last Runtime    Last Run
-----------------------------  -----  ---------  --------  ----------  --------------  -------------------
/opt/airflow/dags/pipeline.py    280  0.01s             1           0  0.36s           2025-03-28T16:18:39
================================================================================
[2025-03-28T16:34:59.514+0000] {manager.py:889} INFO - 
================================================================================
DAG File Processing Stats

File Path                        PID  Runtime      # DAGs    # Errors  Last Runtime    Last Run
-----------------------------  -----  ---------  --------  ----------  --------------  -------------------
/opt/airflow/dags/pipeline.py    287  0.04s             1           0  0.29s           2025-03-28T16:34:25
================================================================================
[2025-03-28T16:35:34.804+0000] {manager.py:889} INFO - 
================================================================================
DAG File Processing Stats

File Path                        PID  Runtime      # DAGs    # Errors  Last Runtime    Last Run
-----------------------------  -----  ---------  --------  ----------  --------------  -------------------
/opt/airflow/dags/pipeline.py    293  0.03s             1           0  0.44s           2025-03-28T16:34:59
================================================================================
[2025-03-28T16:36:09.630+0000] {manager.py:889} INFO - 
================================================================================
DAG File Processing Stats

File Path                        PID  Runtime      # DAGs    # Errors  Last Runtime    Last Run
-----------------------------  -----  ---------  --------  ----------  --------------  -------------------
/opt/airflow/dags/pipeline.py    299  0.03s             1           0  0.50s           2025-03-28T16:35:35
================================================================================
[2025-03-28T16:52:02.210+0000] {manager.py:758} INFO - Searching for files in /opt/airflow/dags
[2025-03-28T16:52:02.265+0000] {manager.py:761} INFO - There are 1 files in /opt/airflow/dags
[2025-03-28T16:52:02.371+0000] {manager.py:889} INFO - 
================================================================================
DAG File Processing Stats

File Path                        PID  Runtime      # DAGs    # Errors  Last Runtime    Last Run
-----------------------------  -----  ---------  --------  ----------  --------------  -------------------
/opt/airflow/dags/pipeline.py    305  0.02s             1           0  0.30s           2025-03-28T16:36:09
================================================================================
[2025-03-28T16:52:37.031+0000] {manager.py:889} INFO - 
================================================================================
DAG File Processing Stats

File Path                        PID  Runtime      # DAGs    # Errors  Last Runtime    Last Run
-----------------------------  -----  ---------  --------  ----------  --------------  -------------------
/opt/airflow/dags/pipeline.py    312  0.01s             1           0  0.27s           2025-03-28T16:52:02
================================================================================
[2025-03-28T16:53:12.231+0000] {manager.py:889} INFO - 
================================================================================
DAG File Processing Stats

File Path                        PID  Runtime      # DAGs    # Errors  Last Runtime    Last Run
-----------------------------  -----  ---------  --------  ----------  --------------  -------------------
/opt/airflow/dags/pipeline.py    317  0.04s             1           0  0.29s           2025-03-28T16:52:37
================================================================================
[2025-03-28T16:53:47.046+0000] {manager.py:889} INFO - 
================================================================================
DAG File Processing Stats

File Path                        PID  Runtime      # DAGs    # Errors  Last Runtime    Last Run
-----------------------------  -----  ---------  --------  ----------  --------------  -------------------
/opt/airflow/dags/pipeline.py    324  0.02s             1           0  0.32s           2025-03-28T16:53:12
================================================================================
[2025-03-28T16:54:22.061+0000] {manager.py:889} INFO - 
================================================================================
DAG File Processing Stats

File Path                        PID  Runtime      # DAGs    # Errors  Last Runtime    Last Run
-----------------------------  -----  ---------  --------  ----------  --------------  -------------------
/opt/airflow/dags/pipeline.py    330  0.03s             1           0  0.27s           2025-03-28T16:53:47
================================================================================
[2025-03-28T16:54:56.446+0000] {manager.py:889} INFO - 
================================================================================
DAG File Processing Stats

File Path                        PID  Runtime      # DAGs    # Errors  Last Runtime    Last Run
-----------------------------  -----  ---------  --------  ----------  --------------  -------------------
/opt/airflow/dags/pipeline.py    335  0.02s             1           0  0.28s           2025-03-28T16:54:22
================================================================================
[2025-03-28T17:10:48.085+0000] {manager.py:758} INFO - Searching for files in /opt/airflow/dags
[2025-03-28T17:10:48.175+0000] {manager.py:761} INFO - There are 1 files in /opt/airflow/dags
[2025-03-28T17:10:48.228+0000] {manager.py:889} INFO - 
================================================================================
DAG File Processing Stats

File Path                        PID  Runtime      # DAGs    # Errors  Last Runtime    Last Run
-----------------------------  -----  ---------  --------  ----------  --------------  -------------------
/opt/airflow/dags/pipeline.py    341  0.01s             1           0  0.38s           2025-03-28T16:54:56
================================================================================
[2025-03-28T17:11:23.218+0000] {manager.py:889} INFO - 
================================================================================
DAG File Processing Stats

File Path                        PID  Runtime      # DAGs    # Errors  Last Runtime    Last Run
-----------------------------  -----  ---------  --------  ----------  --------------  -------------------
/opt/airflow/dags/pipeline.py    348  0.01s             1           0  0.27s           2025-03-28T17:10:48
================================================================================
[2025-03-28T17:11:57.881+0000] {manager.py:889} INFO - 
================================================================================
DAG File Processing Stats

File Path                        PID  Runtime      # DAGs    # Errors  Last Runtime    Last Run
-----------------------------  -----  ---------  --------  ----------  --------------  -------------------
/opt/airflow/dags/pipeline.py    354  0.03s             1           0  0.24s           2025-03-28T17:11:23
================================================================================
[2025-03-28T17:12:33.043+0000] {manager.py:889} INFO - 
================================================================================
DAG File Processing Stats

File Path                        PID  Runtime      # DAGs    # Errors  Last Runtime    Last Run
-----------------------------  -----  ---------  --------  ----------  --------------  -------------------
/opt/airflow/dags/pipeline.py    359  0.01s             1           0  0.28s           2025-03-28T17:11:58
================================================================================
[2025-03-28T17:28:22.544+0000] {manager.py:758} INFO - Searching for files in /opt/airflow/dags
[2025-03-28T17:28:22.561+0000] {manager.py:761} INFO - There are 1 files in /opt/airflow/dags
[2025-03-28T17:28:22.625+0000] {manager.py:889} INFO - 
================================================================================
DAG File Processing Stats

File Path                        PID  Runtime      # DAGs    # Errors  Last Runtime    Last Run
-----------------------------  -----  ---------  --------  ----------  --------------  -------------------
/opt/airflow/dags/pipeline.py    364  0.02s             1           0  0.96s           2025-03-28T17:12:33
================================================================================
[2025-03-28T17:28:57.283+0000] {manager.py:889} INFO - 
================================================================================
DAG File Processing Stats

File Path                        PID  Runtime      # DAGs    # Errors  Last Runtime    Last Run
-----------------------------  -----  ---------  --------  ----------  --------------  -------------------
/opt/airflow/dags/pipeline.py    374  0.03s             1           0  0.52s           2025-03-28T17:28:23
================================================================================
[2025-03-28T17:29:31.977+0000] {manager.py:889} INFO - 
================================================================================
DAG File Processing Stats

File Path                        PID  Runtime      # DAGs    # Errors  Last Runtime    Last Run
-----------------------------  -----  ---------  --------  ----------  --------------  -------------------
/opt/airflow/dags/pipeline.py    379  -0.34s            1           0  0.30s           2025-03-28T17:28:57
================================================================================
[2025-03-28T17:30:06.915+0000] {manager.py:889} INFO - 
================================================================================
DAG File Processing Stats

File Path                        PID  Runtime      # DAGs    # Errors  Last Runtime    Last Run
-----------------------------  -----  ---------  --------  ----------  --------------  -------------------
/opt/airflow/dags/pipeline.py    384  0.06s             1           0  -0.03s          2025-03-28T17:29:32
================================================================================
[2025-03-28T17:45:59.825+0000] {manager.py:758} INFO - Searching for files in /opt/airflow/dags
[2025-03-28T17:45:59.922+0000] {manager.py:761} INFO - There are 1 files in /opt/airflow/dags
[2025-03-28T17:45:59.985+0000] {manager.py:889} INFO - 
================================================================================
DAG File Processing Stats

File Path                        PID  Runtime      # DAGs    # Errors  Last Runtime    Last Run
-----------------------------  -----  ---------  --------  ----------  --------------  -------------------
/opt/airflow/dags/pipeline.py    392  0.02s             1           0  0.28s           2025-03-28T17:30:07
================================================================================
[2025-03-28T17:46:00.007+0000] {manager.py:470} INFO - Exiting gracefully upon receiving signal 15
[2025-03-28T17:46:00.007+0000] {manager.py:470} INFO - Exiting gracefully upon receiving signal 15
[2025-03-28T17:46:00.632+0000] {manager.py:470} INFO - Exiting gracefully upon receiving signal 15
[2025-03-28T17:46:00.869+0000] {manager.py:487} INFO - Processing files using up to 2 processes at a time 
[2025-03-28T17:46:00.870+0000] {manager.py:488} INFO - Process each file at most once every 30 seconds
[2025-03-28T17:46:00.871+0000] {manager.py:489} INFO - Checking for new files in /opt/airflow/dags every 300 seconds
[2025-03-28T17:46:00.872+0000] {manager.py:758} INFO - Searching for files in /opt/airflow/dags
[2025-03-28T17:46:00.880+0000] {manager.py:761} INFO - There are 1 files in /opt/airflow/dags
[2025-03-28T17:46:01.056+0000] {manager.py:889} INFO - 
================================================================================
DAG File Processing Stats

File Path                        PID  Runtime      # DAGs    # Errors  Last Runtime    Last Run
-----------------------------  -----  ---------  --------  ----------  --------------  ----------
/opt/airflow/dags/pipeline.py    402  0.07s             0           0
================================================================================
[2025-03-28T17:46:35.026+0000] {manager.py:889} INFO - 
================================================================================
DAG File Processing Stats

File Path                        PID  Runtime      # DAGs    # Errors  Last Runtime    Last Run
-----------------------------  -----  ---------  --------  ----------  --------------  -------------------
/opt/airflow/dags/pipeline.py    409  0.02s             1           0  0.24s           2025-03-28T17:46:01
================================================================================
[2025-03-28T17:47:09.471+0000] {manager.py:889} INFO - 
================================================================================
DAG File Processing Stats

File Path                        PID  Runtime      # DAGs    # Errors  Last Runtime    Last Run
-----------------------------  -----  ---------  --------  ----------  --------------  -------------------
/opt/airflow/dags/pipeline.py    415  0.01s             1           0  0.26s           2025-03-28T17:46:35
================================================================================
[2025-03-28T17:47:44.590+0000] {manager.py:889} INFO - 
================================================================================
DAG File Processing Stats

File Path                        PID  Runtime      # DAGs    # Errors  Last Runtime    Last Run
-----------------------------  -----  ---------  --------  ----------  --------------  -------------------
/opt/airflow/dags/pipeline.py    422  0.02s             1           0  0.35s           2025-03-28T17:47:09
================================================================================
[2025-03-28T18:01:13.785+0000] {manager.py:758} INFO - Searching for files in /opt/airflow/dags
[2025-03-28T18:01:14.046+0000] {manager.py:761} INFO - There are 1 files in /opt/airflow/dags
[2025-03-28T18:01:14.185+0000] {manager.py:889} INFO - 
================================================================================
DAG File Processing Stats

File Path                        PID  Runtime      # DAGs    # Errors  Last Runtime    Last Run
-----------------------------  -----  ---------  --------  ----------  --------------  -------------------
/opt/airflow/dags/pipeline.py    429  0.01s             1           0  0.24s           2025-03-28T17:47:44
================================================================================
[2025-03-28T18:01:57.881+0000] {manager.py:889} INFO - 
================================================================================
DAG File Processing Stats

File Path                        PID  Runtime      # DAGs    # Errors  Last Runtime    Last Run
-----------------------------  -----  ---------  --------  ----------  --------------  -------------------
/opt/airflow/dags/pipeline.py    434  0.04s             1           0  0.27s           2025-03-28T18:01:14
================================================================================
[2025-03-28T18:02:27.856+0000] {manager.py:889} INFO - 
================================================================================
DAG File Processing Stats

File Path                      PID    Runtime      # DAGs    # Errors  Last Runtime    Last Run
-----------------------------  -----  ---------  --------  ----------  --------------  -------------------
/opt/airflow/dags/pipeline.py                           1           0  0.35s           2025-03-28T18:01:58
================================================================================
[2025-03-28T18:18:03.278+0000] {manager.py:758} INFO - Searching for files in /opt/airflow/dags
[2025-03-28T18:18:03.311+0000] {manager.py:761} INFO - There are 1 files in /opt/airflow/dags
[2025-03-28T18:18:03.341+0000] {manager.py:889} INFO - 
================================================================================
DAG File Processing Stats

File Path                        PID  Runtime      # DAGs    # Errors  Last Runtime    Last Run
-----------------------------  -----  ---------  --------  ----------  --------------  -------------------
/opt/airflow/dags/pipeline.py    447  0.01s             1           0  2.73s           2025-03-28T18:02:31
================================================================================
[2025-03-28T18:18:03.345+0000] {manager.py:470} INFO - Exiting gracefully upon receiving signal 15
[2025-03-28T18:18:04.028+0000] {manager.py:470} INFO - Exiting gracefully upon receiving signal 15
[2025-03-28T18:18:04.260+0000] {manager.py:487} INFO - Processing files using up to 2 processes at a time 
[2025-03-28T18:18:04.297+0000] {manager.py:488} INFO - Process each file at most once every 30 seconds
[2025-03-28T18:18:04.309+0000] {manager.py:489} INFO - Checking for new files in /opt/airflow/dags every 300 seconds
[2025-03-28T18:18:04.316+0000] {manager.py:758} INFO - Searching for files in /opt/airflow/dags
[2025-03-28T18:18:04.352+0000] {manager.py:761} INFO - There are 1 files in /opt/airflow/dags
[2025-03-28T18:18:04.633+0000] {manager.py:889} INFO - 
================================================================================
DAG File Processing Stats

File Path                        PID  Runtime      # DAGs    # Errors  Last Runtime    Last Run
-----------------------------  -----  ---------  --------  ----------  --------------  ----------
/opt/airflow/dags/pipeline.py    454  0.10s             0           0
================================================================================
[2025-03-28T18:18:42.631+0000] {manager.py:889} INFO - 
================================================================================
DAG File Processing Stats

File Path                        PID  Runtime      # DAGs    # Errors  Last Runtime    Last Run
-----------------------------  -----  ---------  --------  ----------  --------------  -------------------
/opt/airflow/dags/pipeline.py    459  0.01s             1           0  0.34s           2025-03-28T18:18:04
================================================================================
[2025-03-28T18:19:17.523+0000] {manager.py:889} INFO - 
================================================================================
DAG File Processing Stats

File Path                        PID  Runtime      # DAGs    # Errors  Last Runtime    Last Run
-----------------------------  -----  ---------  --------  ----------  --------------  -------------------
/opt/airflow/dags/pipeline.py    465  0.01s             1           0  0.31s           2025-03-28T18:18:42
================================================================================
[2025-03-28T18:19:52.420+0000] {manager.py:889} INFO - 
================================================================================
DAG File Processing Stats

File Path                        PID  Runtime      # DAGs    # Errors  Last Runtime    Last Run
-----------------------------  -----  ---------  --------  ----------  --------------  -------------------
/opt/airflow/dags/pipeline.py    470  0.01s             1           0  0.30s           2025-03-28T18:19:17
================================================================================
[2025-03-28T18:35:45.395+0000] {manager.py:758} INFO - Searching for files in /opt/airflow/dags
[2025-03-28T18:35:45.525+0000] {manager.py:761} INFO - There are 1 files in /opt/airflow/dags
[2025-03-28T18:35:45.601+0000] {manager.py:889} INFO - 
================================================================================
DAG File Processing Stats

File Path                        PID  Runtime      # DAGs    # Errors  Last Runtime    Last Run
-----------------------------  -----  ---------  --------  ----------  --------------  -------------------
/opt/airflow/dags/pipeline.py    476  0.01s             1           0  0.34s           2025-03-28T18:19:52
================================================================================
[2025-03-28T18:36:20.699+0000] {manager.py:889} INFO - 
================================================================================
DAG File Processing Stats

File Path                        PID  Runtime      # DAGs    # Errors  Last Runtime    Last Run
-----------------------------  -----  ---------  --------  ----------  --------------  -------------------
/opt/airflow/dags/pipeline.py    482  0.04s             1           0  0.30s           2025-03-28T18:35:45
================================================================================
[2025-03-28T18:36:55.074+0000] {manager.py:889} INFO - 
================================================================================
DAG File Processing Stats

File Path                        PID  Runtime      # DAGs    # Errors  Last Runtime    Last Run
-----------------------------  -----  ---------  --------  ----------  --------------  -------------------
/opt/airflow/dags/pipeline.py    490  0.01s             1           0  0.42s           2025-03-28T18:36:21
================================================================================
[2025-03-28T18:37:29.795+0000] {manager.py:889} INFO - 
================================================================================
DAG File Processing Stats

File Path                        PID  Runtime      # DAGs    # Errors  Last Runtime    Last Run
-----------------------------  -----  ---------  --------  ----------  --------------  -------------------
/opt/airflow/dags/pipeline.py    496  0.02s             1           0  0.34s           2025-03-28T18:36:55
================================================================================
[2025-03-28T18:53:20.842+0000] {manager.py:758} INFO - Searching for files in /opt/airflow/dags
[2025-03-28T18:53:20.918+0000] {manager.py:761} INFO - There are 1 files in /opt/airflow/dags
[2025-03-28T18:53:20.964+0000] {manager.py:889} INFO - 
================================================================================
DAG File Processing Stats

File Path                        PID  Runtime      # DAGs    # Errors  Last Runtime    Last Run
-----------------------------  -----  ---------  --------  ----------  --------------  -------------------
/opt/airflow/dags/pipeline.py    503  0.01s             1           0  0.59s           2025-03-28T18:37:30
================================================================================
[2025-03-28T18:53:56.149+0000] {manager.py:889} INFO - 
================================================================================
DAG File Processing Stats

File Path                        PID  Runtime      # DAGs    # Errors  Last Runtime    Last Run
-----------------------------  -----  ---------  --------  ----------  --------------  -------------------
/opt/airflow/dags/pipeline.py    510  0.05s             1           0  0.20s           2025-03-28T18:53:21
================================================================================
[2025-03-28T18:54:30.178+0000] {manager.py:889} INFO - 
================================================================================
DAG File Processing Stats

File Path                        PID  Runtime      # DAGs    # Errors  Last Runtime    Last Run
-----------------------------  -----  ---------  --------  ----------  --------------  -------------------
/opt/airflow/dags/pipeline.py    515  0.01s             1           0  0.78s           2025-03-28T18:53:56
================================================================================
[2025-03-28T18:55:05.429+0000] {manager.py:889} INFO - 
================================================================================
DAG File Processing Stats

File Path                        PID  Runtime      # DAGs    # Errors  Last Runtime    Last Run
-----------------------------  -----  ---------  --------  ----------  --------------  -------------------
/opt/airflow/dags/pipeline.py    520  0.01s             1           0  0.78s           2025-03-28T18:54:30
================================================================================
[2025-03-28T19:02:14.538+0000] {manager.py:758} INFO - Searching for files in /opt/airflow/dags
[2025-03-28T19:02:14.548+0000] {manager.py:761} INFO - There are 1 files in /opt/airflow/dags
[2025-03-28T19:02:14.783+0000] {manager.py:889} INFO - 
================================================================================
DAG File Processing Stats

File Path                        PID  Runtime      # DAGs    # Errors  Last Runtime    Last Run
-----------------------------  -----  ---------  --------  ----------  --------------  -------------------
/opt/airflow/dags/pipeline.py    527  0.20s             1           0  0.38s           2025-03-28T18:55:05
================================================================================
[2025-03-28T19:02:45.210+0000] {manager.py:889} INFO - 
================================================================================
DAG File Processing Stats

File Path                      PID    Runtime      # DAGs    # Errors  Last Runtime    Last Run
-----------------------------  -----  ---------  --------  ----------  --------------  -------------------
/opt/airflow/dags/pipeline.py                           1           0  0.43s           2025-03-28T19:02:15
================================================================================
[2025-03-28T19:03:20.682+0000] {manager.py:889} INFO - 
================================================================================
DAG File Processing Stats

File Path                        PID  Runtime      # DAGs    # Errors  Last Runtime    Last Run
-----------------------------  -----  ---------  --------  ----------  --------------  -------------------
/opt/airflow/dags/pipeline.py    534  34.85s            1           0  0.43s           2025-03-28T19:02:15
================================================================================
[2025-03-28T19:19:04.874+0000] {manager.py:758} INFO - Searching for files in /opt/airflow/dags
[2025-03-28T19:19:04.909+0000] {manager.py:761} INFO - There are 1 files in /opt/airflow/dags
[2025-03-28T19:19:04.953+0000] {manager.py:889} INFO - 
================================================================================
DAG File Processing Stats

File Path                        PID  Runtime      # DAGs    # Errors  Last Runtime    Last Run
-----------------------------  -----  ---------  --------  ----------  --------------  -------------------
/opt/airflow/dags/pipeline.py    541  0.02s             1           0  35.69s          2025-03-28T19:03:21
================================================================================
[2025-03-28T19:19:39.329+0000] {manager.py:889} INFO - 
================================================================================
DAG File Processing Stats

File Path                        PID  Runtime      # DAGs    # Errors  Last Runtime    Last Run
-----------------------------  -----  ---------  --------  ----------  --------------  -------------------
/opt/airflow/dags/pipeline.py    546  0.02s             1           0  0.27s           2025-03-28T19:19:05
================================================================================
[2025-03-28T19:20:14.017+0000] {manager.py:889} INFO - 
================================================================================
DAG File Processing Stats

File Path                        PID  Runtime      # DAGs    # Errors  Last Runtime    Last Run
-----------------------------  -----  ---------  --------  ----------  --------------  -------------------
/opt/airflow/dags/pipeline.py    552  0.02s             1           0  0.27s           2025-03-28T19:19:39
================================================================================
[2025-03-28T19:20:48.654+0000] {manager.py:889} INFO - 
================================================================================
DAG File Processing Stats

File Path                        PID  Runtime      # DAGs    # Errors  Last Runtime    Last Run
-----------------------------  -----  ---------  --------  ----------  --------------  -------------------
/opt/airflow/dags/pipeline.py    557  0.03s             1           0  0.44s           2025-03-28T19:20:14
================================================================================
[2025-03-28T19:36:39.621+0000] {manager.py:758} INFO - Searching for files in /opt/airflow/dags
[2025-03-28T19:36:39.643+0000] {manager.py:761} INFO - There are 1 files in /opt/airflow/dags
[2025-03-28T19:36:39.673+0000] {manager.py:470} INFO - Exiting gracefully upon receiving signal 15
[2025-03-28T19:36:39.673+0000] {manager.py:470} INFO - Exiting gracefully upon receiving signal 15
[2025-03-28T19:36:40.023+0000] {manager.py:470} INFO - Exiting gracefully upon receiving signal 15
[2025-03-28T19:36:40.165+0000] {manager.py:487} INFO - Processing files using up to 2 processes at a time 
[2025-03-28T19:36:40.166+0000] {manager.py:488} INFO - Process each file at most once every 30 seconds
[2025-03-28T19:36:40.167+0000] {manager.py:489} INFO - Checking for new files in /opt/airflow/dags every 300 seconds
[2025-03-28T19:36:40.168+0000] {manager.py:758} INFO - Searching for files in /opt/airflow/dags
[2025-03-28T19:36:40.175+0000] {manager.py:761} INFO - There are 1 files in /opt/airflow/dags
[2025-03-28T19:36:40.267+0000] {manager.py:889} INFO - 
================================================================================
DAG File Processing Stats

File Path                        PID  Runtime      # DAGs    # Errors  Last Runtime    Last Run
-----------------------------  -----  ---------  --------  ----------  --------------  ----------
/opt/airflow/dags/pipeline.py    572  0.03s             0           0
================================================================================
[2025-03-28T19:37:14.548+0000] {manager.py:889} INFO - 
================================================================================
DAG File Processing Stats

File Path                        PID  Runtime      # DAGs    # Errors  Last Runtime    Last Run
-----------------------------  -----  ---------  --------  ----------  --------------  -------------------
/opt/airflow/dags/pipeline.py    577  0.24s             1           0  0.13s           2025-03-28T19:36:40
================================================================================
[2025-03-28T19:37:49.276+0000] {manager.py:889} INFO - 
================================================================================
DAG File Processing Stats

File Path                        PID  Runtime      # DAGs    # Errors  Last Runtime    Last Run
-----------------------------  -----  ---------  --------  ----------  --------------  -------------------
/opt/airflow/dags/pipeline.py    584  0.01s             1           0  0.56s           2025-03-28T19:37:14
================================================================================
[2025-03-28T19:38:24.041+0000] {manager.py:889} INFO - 
================================================================================
DAG File Processing Stats

File Path                        PID  Runtime      # DAGs    # Errors  Last Runtime    Last Run
-----------------------------  -----  ---------  --------  ----------  --------------  -------------------
/opt/airflow/dags/pipeline.py    589  0.01s             1           0  0.24s           2025-03-28T19:37:49
================================================================================
[2025-03-28T19:38:54.832+0000] {manager.py:889} INFO - 
================================================================================
DAG File Processing Stats

File Path                        PID  Runtime      # DAGs    # Errors  Last Runtime    Last Run
-----------------------------  -----  ---------  --------  ----------  --------------  -------------------
/opt/airflow/dags/pipeline.py    594  0.22s             1           0  0.26s           2025-03-28T19:38:24
================================================================================
[2025-03-28T19:39:25.287+0000] {manager.py:889} INFO - 
================================================================================
DAG File Processing Stats

File Path                      PID    Runtime      # DAGs    # Errors  Last Runtime    Last Run
-----------------------------  -----  ---------  --------  ----------  --------------  -------------------
/opt/airflow/dags/pipeline.py                           1           0  2.19s           2025-03-28T19:38:56
================================================================================
[2025-03-28T19:39:55.613+0000] {manager.py:889} INFO - 
================================================================================
DAG File Processing Stats

File Path                      PID    Runtime      # DAGs    # Errors  Last Runtime    Last Run
-----------------------------  -----  ---------  --------  ----------  --------------  -------------------
/opt/airflow/dags/pipeline.py                           1           0  0.32s           2025-03-28T19:39:27
================================================================================
[2025-03-28T19:40:26.131+0000] {manager.py:889} INFO - 
================================================================================
DAG File Processing Stats

File Path                      PID    Runtime      # DAGs    # Errors  Last Runtime    Last Run
-----------------------------  -----  ---------  --------  ----------  --------------  -------------------
/opt/airflow/dags/pipeline.py                           1           0  0.15s           2025-03-28T19:39:58
================================================================================
[2025-03-28T19:55:56.649+0000] {manager.py:758} INFO - Searching for files in /opt/airflow/dags
[2025-03-28T19:55:57.537+0000] {manager.py:761} INFO - There are 1 files in /opt/airflow/dags
[2025-03-28T19:55:57.715+0000] {manager.py:889} INFO - 
================================================================================
DAG File Processing Stats

File Path                        PID  Runtime      # DAGs    # Errors  Last Runtime    Last Run
-----------------------------  -----  ---------  --------  ----------  --------------  -------------------
/opt/airflow/dags/pipeline.py    614  0.02s             1           0  0.17s           2025-03-28T19:40:28
================================================================================
[2025-03-28T19:56:32.100+0000] {manager.py:889} INFO - 
================================================================================
DAG File Processing Stats

File Path                        PID  Runtime      # DAGs    # Errors  Last Runtime    Last Run
-----------------------------  -----  ---------  --------  ----------  --------------  -------------------
/opt/airflow/dags/pipeline.py    623  0.04s             1           0  0.21s           2025-03-28T19:55:57
================================================================================
[2025-03-28T19:57:07.020+0000] {manager.py:889} INFO - 
================================================================================
DAG File Processing Stats

File Path                        PID  Runtime      # DAGs    # Errors  Last Runtime    Last Run
-----------------------------  -----  ---------  --------  ----------  --------------  -------------------
/opt/airflow/dags/pipeline.py    628  0.02s             1           0  0.30s           2025-03-28T19:56:32
================================================================================
[2025-03-28T19:57:42.133+0000] {manager.py:889} INFO - 
================================================================================
DAG File Processing Stats

File Path                        PID  Runtime      # DAGs    # Errors  Last Runtime    Last Run
-----------------------------  -----  ---------  --------  ----------  --------------  -------------------
/opt/airflow/dags/pipeline.py    634  0.20s             1           0  0.36s           2025-03-28T19:57:07
================================================================================
[2025-03-28T20:03:15.464+0000] {manager.py:758} INFO - Searching for files in /opt/airflow/dags
[2025-03-28T20:03:15.643+0000] {manager.py:761} INFO - There are 1 files in /opt/airflow/dags
[2025-03-28T20:03:15.684+0000] {manager.py:889} INFO - 
================================================================================
DAG File Processing Stats

File Path                        PID  Runtime      # DAGs    # Errors  Last Runtime    Last Run
-----------------------------  -----  ---------  --------  ----------  --------------  -------------------
/opt/airflow/dags/pipeline.py    641  0.01s             1           0  0.52s           2025-03-28T19:57:42
================================================================================
[2025-03-28T20:03:49.747+0000] {manager.py:889} INFO - 
================================================================================
DAG File Processing Stats

File Path                        PID  Runtime      # DAGs    # Errors  Last Runtime    Last Run
-----------------------------  -----  ---------  --------  ----------  --------------  -------------------
/opt/airflow/dags/pipeline.py    647  -0.16s            1           0  0.19s           2025-03-28T20:03:15
================================================================================
[2025-03-28T20:04:25.037+0000] {manager.py:889} INFO - 
================================================================================
DAG File Processing Stats

File Path                        PID  Runtime      # DAGs    # Errors  Last Runtime    Last Run
-----------------------------  -----  ---------  --------  ----------  --------------  -------------------
/opt/airflow/dags/pipeline.py    653  0.01s             1           0  0.31s           2025-03-28T20:03:50
================================================================================
[2025-03-28T20:04:59.717+0000] {manager.py:889} INFO - 
================================================================================
DAG File Processing Stats

File Path                        PID  Runtime      # DAGs    # Errors  Last Runtime    Last Run
-----------------------------  -----  ---------  --------  ----------  --------------  -------------------
/opt/airflow/dags/pipeline.py    658  0.03s             1           0  0.23s           2025-03-28T20:04:25
================================================================================
[2025-03-28T20:50:53.711+0000] {manager.py:758} INFO - Searching for files in /opt/airflow/dags
[2025-03-28T20:50:53.718+0000] {manager.py:761} INFO - There are 1 files in /opt/airflow/dags
[2025-03-28T20:50:53.769+0000] {manager.py:889} INFO - 
================================================================================
DAG File Processing Stats

File Path                        PID  Runtime      # DAGs    # Errors  Last Runtime    Last Run
-----------------------------  -----  ---------  --------  ----------  --------------  -------------------
/opt/airflow/dags/pipeline.py    663  0.01s             1           0  0.59s           2025-03-28T20:05:00
================================================================================
[2025-03-28T20:51:28.071+0000] {manager.py:889} INFO - 
================================================================================
DAG File Processing Stats

File Path                        PID  Runtime      # DAGs    # Errors  Last Runtime    Last Run
-----------------------------  -----  ---------  --------  ----------  --------------  -------------------
/opt/airflow/dags/pipeline.py    672  0.30s             1           0  0.30s           2025-03-28T20:50:54
================================================================================
[2025-03-28T20:52:02.911+0000] {manager.py:889} INFO - 
================================================================================
DAG File Processing Stats

File Path                        PID  Runtime      # DAGs    # Errors  Last Runtime    Last Run
-----------------------------  -----  ---------  --------  ----------  --------------  -------------------
/opt/airflow/dags/pipeline.py    678  0.01s             1           0  0.75s           2025-03-28T20:51:28
================================================================================
[2025-03-28T20:52:37.769+0000] {manager.py:889} INFO - 
================================================================================
DAG File Processing Stats

File Path                        PID  Runtime      # DAGs    # Errors  Last Runtime    Last Run
-----------------------------  -----  ---------  --------  ----------  --------------  -------------------
/opt/airflow/dags/pipeline.py    684  0.02s             1           0  0.25s           2025-03-28T20:52:03
================================================================================
[2025-03-28T21:04:17.127+0000] {manager.py:758} INFO - Searching for files in /opt/airflow/dags
[2025-03-28T21:04:17.474+0000] {manager.py:761} INFO - There are 1 files in /opt/airflow/dags
[2025-03-28T21:04:17.667+0000] {manager.py:889} INFO - 
================================================================================
DAG File Processing Stats

File Path                        PID  Runtime      # DAGs    # Errors  Last Runtime    Last Run
-----------------------------  -----  ---------  --------  ----------  --------------  -------------------
/opt/airflow/dags/pipeline.py    690  0.01s             1           0  0.52s           2025-03-28T20:52:38
================================================================================
[2025-03-28T21:04:52.377+0000] {manager.py:889} INFO - 
================================================================================
DAG File Processing Stats

File Path                        PID  Runtime      # DAGs    # Errors  Last Runtime    Last Run
-----------------------------  -----  ---------  --------  ----------  --------------  -------------------
/opt/airflow/dags/pipeline.py    698  0.01s             1           0  0.31s           2025-03-28T21:04:17
================================================================================
[2025-03-28T21:05:27.361+0000] {manager.py:889} INFO - 
================================================================================
DAG File Processing Stats

File Path                        PID  Runtime      # DAGs    # Errors  Last Runtime    Last Run
-----------------------------  -----  ---------  --------  ----------  --------------  -------------------
/opt/airflow/dags/pipeline.py    703  0.02s             1           0  0.29s           2025-03-28T21:04:52
================================================================================
[2025-03-28T21:06:01.918+0000] {manager.py:889} INFO - 
================================================================================
DAG File Processing Stats

File Path                        PID  Runtime      # DAGs    # Errors  Last Runtime    Last Run
-----------------------------  -----  ---------  --------  ----------  --------------  -------------------
/opt/airflow/dags/pipeline.py    709  0.01s             1           0  0.30s           2025-03-28T21:05:27
================================================================================
[2025-03-28T21:46:28.329+0000] {manager.py:758} INFO - Searching for files in /opt/airflow/dags
[2025-03-28T21:46:28.361+0000] {manager.py:761} INFO - There are 1 files in /opt/airflow/dags
[2025-03-28T21:46:28.404+0000] {manager.py:889} INFO - 
================================================================================
DAG File Processing Stats

File Path                        PID  Runtime      # DAGs    # Errors  Last Runtime    Last Run
-----------------------------  -----  ---------  --------  ----------  --------------  -------------------
/opt/airflow/dags/pipeline.py    716  0.00s             1           0  0.29s           2025-03-28T21:06:02
================================================================================
[2025-03-28T21:47:02.819+0000] {manager.py:889} INFO - 
================================================================================
DAG File Processing Stats

File Path                        PID  Runtime      # DAGs    # Errors  Last Runtime    Last Run
-----------------------------  -----  ---------  --------  ----------  --------------  -------------------
/opt/airflow/dags/pipeline.py    722  0.02s             1           0  0.15s           2025-03-28T21:46:28
================================================================================
[2025-03-28T21:47:38.430+0000] {manager.py:889} INFO - 
================================================================================
DAG File Processing Stats

File Path                        PID  Runtime      # DAGs    # Errors  Last Runtime    Last Run
-----------------------------  -----  ---------  --------  ----------  --------------  -------------------
/opt/airflow/dags/pipeline.py    729  0.01s             1           0  0.66s           2025-03-28T21:47:03
================================================================================
[2025-03-28T21:48:13.326+0000] {manager.py:889} INFO - 
================================================================================
DAG File Processing Stats

File Path                        PID  Runtime      # DAGs    # Errors  Last Runtime    Last Run
-----------------------------  -----  ---------  --------  ----------  --------------  -------------------
/opt/airflow/dags/pipeline.py    736  0.01s             1           0  0.20s           2025-03-28T21:47:38
================================================================================
[2025-03-28T22:00:38.344+0000] {manager.py:889} INFO - 
================================================================================
DAG File Processing Stats

File Path                      PID    Runtime      # DAGs    # Errors  Last Runtime    Last Run
-----------------------------  -----  ---------  --------  ----------  --------------  -------------------
/opt/airflow/dags/pipeline.py                           1           0  0.36s           2025-03-28T21:48:13
================================================================================
[2025-03-28T22:00:39.311+0000] {manager.py:758} INFO - Searching for files in /opt/airflow/dags
[2025-03-28T22:00:39.452+0000] {manager.py:761} INFO - There are 1 files in /opt/airflow/dags
[2025-03-28T22:01:09.267+0000] {manager.py:889} INFO - 
================================================================================
DAG File Processing Stats

File Path                      PID    Runtime      # DAGs    # Errors  Last Runtime    Last Run
-----------------------------  -----  ---------  --------  ----------  --------------  -------------------
/opt/airflow/dags/pipeline.py                           1           0  0.62s           2025-03-28T22:00:40
================================================================================
[2025-03-28T22:01:39.578+0000] {manager.py:889} INFO - 
================================================================================
DAG File Processing Stats

File Path                      PID    Runtime      # DAGs    # Errors  Last Runtime    Last Run
-----------------------------  -----  ---------  --------  ----------  --------------  -------------------
/opt/airflow/dags/pipeline.py                           1           0  0.16s           2025-03-28T22:01:10
================================================================================
[2025-03-28T22:17:23.071+0000] {manager.py:758} INFO - Searching for files in /opt/airflow/dags
[2025-03-28T22:17:23.112+0000] {manager.py:761} INFO - There are 1 files in /opt/airflow/dags
[2025-03-28T22:17:23.149+0000] {manager.py:889} INFO - 
================================================================================
DAG File Processing Stats

File Path                        PID  Runtime      # DAGs    # Errors  Last Runtime    Last Run
-----------------------------  -----  ---------  --------  ----------  --------------  -------------------
/opt/airflow/dags/pipeline.py    762  0.01s             1           0  0.13s           2025-03-28T22:01:40
================================================================================
[2025-03-28T22:18:08.066+0000] {manager.py:889} INFO - 
================================================================================
DAG File Processing Stats

File Path                        PID  Runtime      # DAGs    # Errors  Last Runtime    Last Run
-----------------------------  -----  ---------  --------  ----------  --------------  -------------------
/opt/airflow/dags/pipeline.py    767  0.01s             1           0  0.25s           2025-03-28T22:17:23
================================================================================
[2025-03-28T22:33:58.718+0000] {manager.py:758} INFO - Searching for files in /opt/airflow/dags
[2025-03-28T22:33:58.727+0000] {manager.py:761} INFO - There are 1 files in /opt/airflow/dags
[2025-03-28T22:33:58.757+0000] {manager.py:889} INFO - 
================================================================================
DAG File Processing Stats

File Path                        PID  Runtime      # DAGs    # Errors  Last Runtime    Last Run
-----------------------------  -----  ---------  --------  ----------  --------------  -------------------
/opt/airflow/dags/pipeline.py    772  0.01s             1           0  0.34s           2025-03-28T22:18:08
================================================================================
[2025-03-28T22:34:33.371+0000] {manager.py:889} INFO - 
================================================================================
DAG File Processing Stats

File Path                        PID  Runtime      # DAGs    # Errors  Last Runtime    Last Run
-----------------------------  -----  ---------  --------  ----------  --------------  -------------------
/opt/airflow/dags/pipeline.py    778  0.01s             1           0  0.21s           2025-03-28T22:33:58
================================================================================
[2025-03-28T22:35:07.748+0000] {manager.py:889} INFO - 
================================================================================
DAG File Processing Stats

File Path                        PID  Runtime      # DAGs    # Errors  Last Runtime    Last Run
-----------------------------  -----  ---------  --------  ----------  --------------  -------------------
/opt/airflow/dags/pipeline.py    784  0.01s             1           0  0.27s           2025-03-28T22:34:33
================================================================================
[2025-03-28T22:35:42.642+0000] {manager.py:889} INFO - 
================================================================================
DAG File Processing Stats

File Path                        PID  Runtime      # DAGs    # Errors  Last Runtime    Last Run
-----------------------------  -----  ---------  --------  ----------  --------------  -------------------
/opt/airflow/dags/pipeline.py    789  0.01s             1           0  0.33s           2025-03-28T22:35:08
================================================================================
[2025-03-28T22:36:17.597+0000] {manager.py:889} INFO - 
================================================================================
DAG File Processing Stats

File Path                        PID  Runtime      # DAGs    # Errors  Last Runtime    Last Run
-----------------------------  -----  ---------  --------  ----------  --------------  -------------------
/opt/airflow/dags/pipeline.py    796  0.01s             1           0  0.27s           2025-03-28T22:35:42
================================================================================
[2025-03-28T22:52:10.785+0000] {manager.py:758} INFO - Searching for files in /opt/airflow/dags
[2025-03-28T22:52:10.865+0000] {manager.py:761} INFO - There are 1 files in /opt/airflow/dags
[2025-03-28T22:52:10.901+0000] {manager.py:889} INFO - 
================================================================================
DAG File Processing Stats

File Path                        PID  Runtime      # DAGs    # Errors  Last Runtime    Last Run
-----------------------------  -----  ---------  --------  ----------  --------------  -------------------
/opt/airflow/dags/pipeline.py    801  0.01s             1           0  0.30s           2025-03-28T22:36:17
================================================================================
[2025-03-28T22:52:53.711+0000] {manager.py:889} INFO - 
================================================================================
DAG File Processing Stats

File Path                        PID  Runtime      # DAGs    # Errors  Last Runtime    Last Run
-----------------------------  -----  ---------  --------  ----------  --------------  -------------------
/opt/airflow/dags/pipeline.py    806  0.01s             1           0  0.18s           2025-03-28T22:52:11
================================================================================
[2025-03-28T23:08:48.255+0000] {manager.py:758} INFO - Searching for files in /opt/airflow/dags
[2025-03-28T23:08:48.326+0000] {manager.py:761} INFO - There are 1 files in /opt/airflow/dags
[2025-03-28T23:08:48.543+0000] {manager.py:470} INFO - Exiting gracefully upon receiving signal 15
[2025-03-28T23:08:49.132+0000] {manager.py:487} INFO - Processing files using up to 2 processes at a time 
[2025-03-28T23:08:49.133+0000] {manager.py:488} INFO - Process each file at most once every 30 seconds
[2025-03-28T23:08:49.135+0000] {manager.py:489} INFO - Checking for new files in /opt/airflow/dags every 300 seconds
[2025-03-28T23:08:49.136+0000] {manager.py:758} INFO - Searching for files in /opt/airflow/dags
[2025-03-28T23:08:49.144+0000] {manager.py:761} INFO - There are 1 files in /opt/airflow/dags
[2025-03-28T23:08:49.250+0000] {manager.py:889} INFO - 
================================================================================
DAG File Processing Stats

File Path                        PID  Runtime      # DAGs    # Errors  Last Runtime    Last Run
-----------------------------  -----  ---------  --------  ----------  --------------  ----------
/opt/airflow/dags/pipeline.py    816  0.03s             0           0
================================================================================
[2025-03-28T23:09:23.288+0000] {manager.py:889} INFO - 
================================================================================
DAG File Processing Stats

File Path                        PID  Runtime      # DAGs    # Errors  Last Runtime    Last Run
-----------------------------  -----  ---------  --------  ----------  --------------  -------------------
/opt/airflow/dags/pipeline.py    822  0.01s             1           0  0.18s           2025-03-28T23:08:49
================================================================================
[2025-03-28T23:09:58.141+0000] {manager.py:889} INFO - 
================================================================================
DAG File Processing Stats

File Path                        PID  Runtime      # DAGs    # Errors  Last Runtime    Last Run
-----------------------------  -----  ---------  --------  ----------  --------------  -------------------
/opt/airflow/dags/pipeline.py    828  0.02s             1           0  0.25s           2025-03-28T23:09:23
================================================================================
[2025-03-28T23:10:32.549+0000] {manager.py:889} INFO - 
================================================================================
DAG File Processing Stats

File Path                        PID  Runtime      # DAGs    # Errors  Last Runtime    Last Run
-----------------------------  -----  ---------  --------  ----------  --------------  -------------------
/opt/airflow/dags/pipeline.py    833  0.01s             1           0  0.34s           2025-03-28T23:09:58
================================================================================
[2025-03-28T23:26:27.091+0000] {manager.py:758} INFO - Searching for files in /opt/airflow/dags
[2025-03-28T23:26:27.148+0000] {manager.py:761} INFO - There are 1 files in /opt/airflow/dags
[2025-03-28T23:26:27.334+0000] {manager.py:889} INFO - 
================================================================================
DAG File Processing Stats

File Path                        PID  Runtime      # DAGs    # Errors  Last Runtime    Last Run
-----------------------------  -----  ---------  --------  ----------  --------------  -------------------
/opt/airflow/dags/pipeline.py    838  0.02s             1           0  0.96s           2025-03-28T23:10:33
================================================================================
[2025-03-28T23:27:01.739+0000] {manager.py:889} INFO - 
================================================================================
DAG File Processing Stats

File Path                        PID  Runtime      # DAGs    # Errors  Last Runtime    Last Run
-----------------------------  -----  ---------  --------  ----------  --------------  -------------------
/opt/airflow/dags/pipeline.py    847  0.01s             1           0  0.36s           2025-03-28T23:26:27
================================================================================
[2025-03-28T23:27:36.262+0000] {manager.py:889} INFO - 
================================================================================
DAG File Processing Stats

File Path                        PID  Runtime      # DAGs    # Errors  Last Runtime    Last Run
-----------------------------  -----  ---------  --------  ----------  --------------  -------------------
/opt/airflow/dags/pipeline.py    852  0.00s             1           0  0.57s           2025-03-28T23:27:02
================================================================================
[2025-03-28T23:43:32.221+0000] {manager.py:758} INFO - Searching for files in /opt/airflow/dags
[2025-03-28T23:43:32.238+0000] {manager.py:761} INFO - There are 1 files in /opt/airflow/dags
[2025-03-28T23:43:32.276+0000] {manager.py:889} INFO - 
================================================================================
DAG File Processing Stats

File Path                        PID  Runtime      # DAGs    # Errors  Last Runtime    Last Run
-----------------------------  -----  ---------  --------  ----------  --------------  -------------------
/opt/airflow/dags/pipeline.py    858  0.01s             1           0  0.86s           2025-03-28T23:27:37
================================================================================
[2025-03-28T23:44:06.932+0000] {manager.py:889} INFO - 
================================================================================
DAG File Processing Stats

File Path                        PID  Runtime      # DAGs    # Errors  Last Runtime    Last Run
-----------------------------  -----  ---------  --------  ----------  --------------  -------------------
/opt/airflow/dags/pipeline.py    865  0.05s             1           0  0.27s           2025-03-28T23:43:32
================================================================================
[2025-03-28T23:44:41.210+0000] {manager.py:889} INFO - 
================================================================================
DAG File Processing Stats

File Path                        PID  Runtime      # DAGs    # Errors  Last Runtime    Last Run
-----------------------------  -----  ---------  --------  ----------  --------------  -------------------
/opt/airflow/dags/pipeline.py    870  0.01s             1           0  0.34s           2025-03-28T23:44:07
================================================================================
[2025-03-28T23:45:15.659+0000] {manager.py:889} INFO - 
================================================================================
DAG File Processing Stats

File Path                        PID  Runtime      # DAGs    # Errors  Last Runtime    Last Run
-----------------------------  -----  ---------  --------  ----------  --------------  -------------------
/opt/airflow/dags/pipeline.py    875  0.01s             1           0  0.28s           2025-03-28T23:44:41
================================================================================
[2025-03-28T23:59:05.501+0000] {manager.py:758} INFO - Searching for files in /opt/airflow/dags
[2025-03-28T23:59:05.531+0000] {manager.py:761} INFO - There are 1 files in /opt/airflow/dags
[2025-03-28T23:59:05.577+0000] {manager.py:889} INFO - 
================================================================================
DAG File Processing Stats

File Path                        PID  Runtime      # DAGs    # Errors  Last Runtime    Last Run
-----------------------------  -----  ---------  --------  ----------  --------------  -------------------
/opt/airflow/dags/pipeline.py    881  0.01s             1           0  0.84s           2025-03-28T23:45:16
================================================================================
[2025-03-28T23:59:40.194+0000] {manager.py:889} INFO - 
================================================================================
DAG File Processing Stats

File Path                        PID  Runtime      # DAGs    # Errors  Last Runtime    Last Run
-----------------------------  -----  ---------  --------  ----------  --------------  -------------------
/opt/airflow/dags/pipeline.py    888  0.01s             1           0  0.21s           2025-03-28T23:59:05
================================================================================
[2025-03-29T00:00:14.871+0000] {manager.py:889} INFO - 
================================================================================
DAG File Processing Stats

File Path                        PID  Runtime      # DAGs    # Errors  Last Runtime    Last Run
-----------------------------  -----  ---------  --------  ----------  --------------  -------------------
/opt/airflow/dags/pipeline.py    893  0.01s             1           0  0.25s           2025-03-28T23:59:40
================================================================================
[2025-03-29T00:00:49.820+0000] {manager.py:889} INFO - 
================================================================================
DAG File Processing Stats

File Path                        PID  Runtime      # DAGs    # Errors  Last Runtime    Last Run
-----------------------------  -----  ---------  --------  ----------  --------------  -------------------
/opt/airflow/dags/pipeline.py    902  0.14s             1           0  0.64s           2025-03-29T00:00:15
================================================================================
[2025-03-29T00:16:42.117+0000] {manager.py:758} INFO - Searching for files in /opt/airflow/dags
[2025-03-29T00:16:42.264+0000] {manager.py:761} INFO - There are 1 files in /opt/airflow/dags
[2025-03-29T00:16:42.398+0000] {manager.py:889} INFO - 
================================================================================
DAG File Processing Stats

File Path                        PID  Runtime      # DAGs    # Errors  Last Runtime    Last Run
-----------------------------  -----  ---------  --------  ----------  --------------  -------------------
/opt/airflow/dags/pipeline.py    908  0.01s             1           0  0.39s           2025-03-29T00:00:50
================================================================================
[2025-03-29T00:17:16.930+0000] {manager.py:889} INFO - 
================================================================================
DAG File Processing Stats

File Path                        PID  Runtime      # DAGs    # Errors  Last Runtime    Last Run
-----------------------------  -----  ---------  --------  ----------  --------------  -------------------
/opt/airflow/dags/pipeline.py    919  0.01s             1           0  0.38s           2025-03-29T00:16:42
================================================================================
[2025-03-29T00:17:52.150+0000] {manager.py:889} INFO - 
================================================================================
DAG File Processing Stats

File Path                        PID  Runtime      # DAGs    # Errors  Last Runtime    Last Run
-----------------------------  -----  ---------  --------  ----------  --------------  -------------------
/opt/airflow/dags/pipeline.py    925  0.18s             1           0  0.62s           2025-03-29T00:17:17
================================================================================
[2025-03-29T00:18:26.689+0000] {manager.py:889} INFO - 
================================================================================
DAG File Processing Stats

File Path                        PID  Runtime      # DAGs    # Errors  Last Runtime    Last Run
-----------------------------  -----  ---------  --------  ----------  --------------  -------------------
/opt/airflow/dags/pipeline.py    930  0.01s             1           0  0.66s           2025-03-29T00:17:52
================================================================================
[2025-03-29T00:34:17.309+0000] {manager.py:758} INFO - Searching for files in /opt/airflow/dags
[2025-03-29T00:34:17.369+0000] {manager.py:761} INFO - There are 1 files in /opt/airflow/dags
[2025-03-29T00:34:17.411+0000] {manager.py:889} INFO - 
================================================================================
DAG File Processing Stats

File Path                        PID  Runtime      # DAGs    # Errors  Last Runtime    Last Run
-----------------------------  -----  ---------  --------  ----------  --------------  -------------------
/opt/airflow/dags/pipeline.py    937  0.02s             1           0  0.61s           2025-03-29T00:18:27
================================================================================
[2025-03-29T00:34:52.025+0000] {manager.py:889} INFO - 
================================================================================
DAG File Processing Stats

File Path                        PID  Runtime      # DAGs    # Errors  Last Runtime    Last Run
-----------------------------  -----  ---------  --------  ----------  --------------  -------------------
/opt/airflow/dags/pipeline.py    943  0.01s             1           0  0.24s           2025-03-29T00:34:17
================================================================================
[2025-03-29T00:35:26.566+0000] {manager.py:889} INFO - 
================================================================================
DAG File Processing Stats

File Path                        PID  Runtime      # DAGs    # Errors  Last Runtime    Last Run
-----------------------------  -----  ---------  --------  ----------  --------------  -------------------
/opt/airflow/dags/pipeline.py    948  0.01s             1           0  0.27s           2025-03-29T00:34:52
================================================================================
[2025-03-29T00:36:01.679+0000] {manager.py:889} INFO - 
================================================================================
DAG File Processing Stats

File Path                        PID  Runtime      # DAGs    # Errors  Last Runtime    Last Run
-----------------------------  -----  ---------  --------  ----------  --------------  -------------------
/opt/airflow/dags/pipeline.py    954  0.01s             1           0  0.24s           2025-03-29T00:35:26
================================================================================
[2025-03-29T00:51:57.085+0000] {manager.py:758} INFO - Searching for files in /opt/airflow/dags
[2025-03-29T00:51:57.096+0000] {manager.py:761} INFO - There are 1 files in /opt/airflow/dags
[2025-03-29T00:51:57.132+0000] {manager.py:889} INFO - 
================================================================================
DAG File Processing Stats

File Path                        PID  Runtime      # DAGs    # Errors  Last Runtime    Last Run
-----------------------------  -----  ---------  --------  ----------  --------------  -------------------
/opt/airflow/dags/pipeline.py    962  0.01s             1           0  0.32s           2025-03-29T00:36:01
================================================================================
[2025-03-29T00:52:31.873+0000] {manager.py:889} INFO - 
================================================================================
DAG File Processing Stats

File Path                        PID  Runtime      # DAGs    # Errors  Last Runtime    Last Run
-----------------------------  -----  ---------  --------  ----------  --------------  -------------------
/opt/airflow/dags/pipeline.py    968  0.01s             1           0  0.26s           2025-03-29T00:51:57
================================================================================
[2025-03-29T00:53:06.635+0000] {manager.py:889} INFO - 
================================================================================
DAG File Processing Stats

File Path                        PID  Runtime      # DAGs    # Errors  Last Runtime    Last Run
-----------------------------  -----  ---------  --------  ----------  --------------  -------------------
/opt/airflow/dags/pipeline.py    973  0.01s             1           0  0.27s           2025-03-29T00:52:32
================================================================================
[2025-03-29T00:53:41.181+0000] {manager.py:889} INFO - 
================================================================================
DAG File Processing Stats

File Path                        PID  Runtime      # DAGs    # Errors  Last Runtime    Last Run
-----------------------------  -----  ---------  --------  ----------  --------------  -------------------
/opt/airflow/dags/pipeline.py    978  0.01s             1           0  0.28s           2025-03-29T00:53:06
================================================================================
[2025-03-29T01:09:32.031+0000] {manager.py:758} INFO - Searching for files in /opt/airflow/dags
[2025-03-29T01:09:32.211+0000] {manager.py:761} INFO - There are 1 files in /opt/airflow/dags
[2025-03-29T01:09:32.241+0000] {manager.py:889} INFO - 
================================================================================
DAG File Processing Stats

File Path                        PID  Runtime      # DAGs    # Errors  Last Runtime    Last Run
-----------------------------  -----  ---------  --------  ----------  --------------  -------------------
/opt/airflow/dags/pipeline.py    986  0.01s             1           0  0.34s           2025-03-29T00:53:41
================================================================================
[2025-03-29T01:10:06.591+0000] {manager.py:889} INFO - 
================================================================================
DAG File Processing Stats

File Path                        PID  Runtime      # DAGs    # Errors  Last Runtime    Last Run
-----------------------------  -----  ---------  --------  ----------  --------------  -------------------
/opt/airflow/dags/pipeline.py    994  0.01s             1           0  0.22s           2025-03-29T01:09:32
================================================================================
[2025-03-29T01:10:40.908+0000] {manager.py:889} INFO - 
================================================================================
DAG File Processing Stats

File Path                        PID  Runtime      # DAGs    # Errors  Last Runtime    Last Run
-----------------------------  -----  ---------  --------  ----------  --------------  -------------------
/opt/airflow/dags/pipeline.py   1001  0.01s             1           0  0.45s           2025-03-29T01:10:07
================================================================================
[2025-03-29T01:11:15.821+0000] {manager.py:889} INFO - 
================================================================================
DAG File Processing Stats

File Path                        PID  Runtime      # DAGs    # Errors  Last Runtime    Last Run
-----------------------------  -----  ---------  --------  ----------  --------------  -------------------
/opt/airflow/dags/pipeline.py   1008  0.01s             1           0  0.50s           2025-03-29T01:10:41
================================================================================
[2025-03-29T01:27:09.132+0000] {manager.py:758} INFO - Searching for files in /opt/airflow/dags
[2025-03-29T01:27:09.171+0000] {manager.py:761} INFO - There are 1 files in /opt/airflow/dags
[2025-03-29T01:27:09.200+0000] {manager.py:889} INFO - 
================================================================================
DAG File Processing Stats

File Path                        PID  Runtime      # DAGs    # Errors  Last Runtime    Last Run
-----------------------------  -----  ---------  --------  ----------  --------------  -------------------
/opt/airflow/dags/pipeline.py   1013  0.01s             1           0  0.52s           2025-03-29T01:11:16
================================================================================
[2025-03-29T01:27:44.093+0000] {manager.py:889} INFO - 
================================================================================
DAG File Processing Stats

File Path                        PID  Runtime      # DAGs    # Errors  Last Runtime    Last Run
-----------------------------  -----  ---------  --------  ----------  --------------  -------------------
/opt/airflow/dags/pipeline.py   1019  0.02s             1           0  0.15s           2025-03-29T01:27:09
================================================================================
[2025-03-29T01:28:18.566+0000] {manager.py:889} INFO - 
================================================================================
DAG File Processing Stats

File Path                        PID  Runtime      # DAGs    # Errors  Last Runtime    Last Run
-----------------------------  -----  ---------  --------  ----------  --------------  -------------------
/opt/airflow/dags/pipeline.py   1025  0.01s             1           0  0.23s           2025-03-29T01:27:44
================================================================================
[2025-03-29T01:28:53.105+0000] {manager.py:889} INFO - 
================================================================================
DAG File Processing Stats

File Path                        PID  Runtime      # DAGs    # Errors  Last Runtime    Last Run
-----------------------------  -----  ---------  --------  ----------  --------------  -------------------
/opt/airflow/dags/pipeline.py   1032  0.02s             1           0  0.31s           2025-03-29T01:28:18
================================================================================
[2025-03-29T01:29:30.073+0000] {manager.py:889} INFO - 
================================================================================
DAG File Processing Stats

File Path                        PID  Runtime      # DAGs    # Errors  Last Runtime    Last Run
-----------------------------  -----  ---------  --------  ----------  --------------  -------------------
/opt/airflow/dags/pipeline.py   1037  0.04s             1           0  0.31s           2025-03-29T01:28:53
================================================================================
[2025-03-29T01:30:01.382+0000] {manager.py:889} INFO - 
================================================================================
DAG File Processing Stats

File Path                        PID  Runtime      # DAGs    # Errors  Last Runtime    Last Run
-----------------------------  -----  ---------  --------  ----------  --------------  -------------------
/opt/airflow/dags/pipeline.py   1043  0.06s             1           0  0.57s           2025-03-29T01:29:30
================================================================================
[2025-03-29T01:45:41.585+0000] {manager.py:758} INFO - Searching for files in /opt/airflow/dags
[2025-03-29T01:45:41.705+0000] {manager.py:761} INFO - There are 1 files in /opt/airflow/dags
[2025-03-29T01:45:41.871+0000] {manager.py:889} INFO - 
================================================================================
DAG File Processing Stats

File Path                        PID  Runtime      # DAGs    # Errors  Last Runtime    Last Run
-----------------------------  -----  ---------  --------  ----------  --------------  -------------------
/opt/airflow/dags/pipeline.py   1049  0.02s             1           0  1.73s           2025-03-29T01:30:03
================================================================================
[2025-03-29T01:46:27.667+0000] {manager.py:889} INFO - 
================================================================================
DAG File Processing Stats

File Path                        PID  Runtime      # DAGs    # Errors  Last Runtime    Last Run
-----------------------------  -----  ---------  --------  ----------  --------------  -------------------
/opt/airflow/dags/pipeline.py   1055  0.01s             1           0  0.21s           2025-03-29T01:45:42
================================================================================
[2025-03-29T02:02:18.514+0000] {manager.py:758} INFO - Searching for files in /opt/airflow/dags
[2025-03-29T02:02:18.787+0000] {manager.py:761} INFO - There are 1 files in /opt/airflow/dags
[2025-03-29T02:02:18.955+0000] {manager.py:889} INFO - 
================================================================================
DAG File Processing Stats

File Path                        PID  Runtime      # DAGs    # Errors  Last Runtime    Last Run
-----------------------------  -----  ---------  --------  ----------  --------------  -------------------
/opt/airflow/dags/pipeline.py   1062  0.13s             1           0  0.65s           2025-03-29T01:46:28
================================================================================
[2025-03-29T02:02:53.432+0000] {manager.py:889} INFO - 
================================================================================
DAG File Processing Stats

File Path                        PID  Runtime      # DAGs    # Errors  Last Runtime    Last Run
-----------------------------  -----  ---------  --------  ----------  --------------  -------------------
/opt/airflow/dags/pipeline.py   1068  0.01s             1           0  0.32s           2025-03-29T02:02:19
================================================================================
[2025-03-29T02:03:27.628+0000] {manager.py:889} INFO - 
================================================================================
DAG File Processing Stats

File Path                        PID  Runtime      # DAGs    # Errors  Last Runtime    Last Run
-----------------------------  -----  ---------  --------  ----------  --------------  -------------------
/opt/airflow/dags/pipeline.py   1073  0.02s             1           0  0.46s           2025-03-29T02:02:53
================================================================================
[2025-03-29T02:04:02.691+0000] {manager.py:889} INFO - 
================================================================================
DAG File Processing Stats

File Path                        PID  Runtime      # DAGs    # Errors  Last Runtime    Last Run
-----------------------------  -----  ---------  --------  ----------  --------------  -------------------
/opt/airflow/dags/pipeline.py   1079  0.01s             1           0  0.52s           2025-03-29T02:03:28
================================================================================
[2025-03-29T02:19:52.349+0000] {manager.py:758} INFO - Searching for files in /opt/airflow/dags
[2025-03-29T02:19:52.377+0000] {manager.py:761} INFO - There are 1 files in /opt/airflow/dags
[2025-03-29T02:19:52.453+0000] {manager.py:889} INFO - 
================================================================================
DAG File Processing Stats

File Path                        PID  Runtime      # DAGs    # Errors  Last Runtime    Last Run
-----------------------------  -----  ---------  --------  ----------  --------------  -------------------
/opt/airflow/dags/pipeline.py   1086  0.04s             1           0  0.32s           2025-03-29T02:04:02
================================================================================
[2025-03-29T02:20:26.717+0000] {manager.py:889} INFO - 
================================================================================
DAG File Processing Stats

File Path                        PID  Runtime      # DAGs    # Errors  Last Runtime    Last Run
-----------------------------  -----  ---------  --------  ----------  --------------  -------------------
/opt/airflow/dags/pipeline.py   1092  0.02s             1           0  0.20s           2025-03-29T02:19:52
================================================================================
[2025-03-29T02:21:01.213+0000] {manager.py:889} INFO - 
================================================================================
DAG File Processing Stats

File Path                        PID  Runtime      # DAGs    # Errors  Last Runtime    Last Run
-----------------------------  -----  ---------  --------  ----------  --------------  -------------------
/opt/airflow/dags/pipeline.py   1098  0.01s             1           0  0.38s           2025-03-29T02:20:27
================================================================================
[2025-03-29T02:21:36.334+0000] {manager.py:889} INFO - 
================================================================================
DAG File Processing Stats

File Path                        PID  Runtime      # DAGs    # Errors  Last Runtime    Last Run
-----------------------------  -----  ---------  --------  ----------  --------------  -------------------
/opt/airflow/dags/pipeline.py   1103  0.01s             1           0  0.57s           2025-03-29T02:21:01
================================================================================
[2025-03-29T02:37:27.104+0000] {manager.py:758} INFO - Searching for files in /opt/airflow/dags
[2025-03-29T02:37:27.113+0000] {manager.py:761} INFO - There are 1 files in /opt/airflow/dags
[2025-03-29T02:37:27.157+0000] {manager.py:470} INFO - Exiting gracefully upon receiving signal 15
[2025-03-29T02:37:27.595+0000] {manager.py:487} INFO - Processing files using up to 2 processes at a time 
[2025-03-29T02:37:27.596+0000] {manager.py:488} INFO - Process each file at most once every 30 seconds
[2025-03-29T02:37:27.597+0000] {manager.py:489} INFO - Checking for new files in /opt/airflow/dags every 300 seconds
[2025-03-29T02:37:27.598+0000] {manager.py:758} INFO - Searching for files in /opt/airflow/dags
[2025-03-29T02:37:27.605+0000] {manager.py:761} INFO - There are 1 files in /opt/airflow/dags
[2025-03-29T02:37:27.689+0000] {manager.py:889} INFO - 
================================================================================
DAG File Processing Stats

File Path                        PID  Runtime      # DAGs    # Errors  Last Runtime    Last Run
-----------------------------  -----  ---------  --------  ----------  --------------  ----------
/opt/airflow/dags/pipeline.py   1117  0.02s             0           0
================================================================================
[2025-03-29T02:38:01.940+0000] {manager.py:889} INFO - 
================================================================================
DAG File Processing Stats

File Path                        PID  Runtime      # DAGs    # Errors  Last Runtime    Last Run
-----------------------------  -----  ---------  --------  ----------  --------------  -------------------
/opt/airflow/dags/pipeline.py   1122  0.01s             1           0  0.14s           2025-03-29T02:37:27
================================================================================
[2025-03-29T02:38:35.938+0000] {manager.py:889} INFO - 
================================================================================
DAG File Processing Stats

File Path                        PID  Runtime      # DAGs    # Errors  Last Runtime    Last Run
-----------------------------  -----  ---------  --------  ----------  --------------  -------------------
/opt/airflow/dags/pipeline.py   1127  0.01s             1           0  0.34s           2025-03-29T02:38:02
================================================================================
[2025-03-29T02:39:11.152+0000] {manager.py:889} INFO - 
================================================================================
DAG File Processing Stats

File Path                        PID  Runtime      # DAGs    # Errors  Last Runtime    Last Run
-----------------------------  -----  ---------  --------  ----------  --------------  -------------------
/opt/airflow/dags/pipeline.py   1132  0.02s             1           0  0.64s           2025-03-29T02:38:36
================================================================================
[2025-03-29T02:55:05.408+0000] {manager.py:758} INFO - Searching for files in /opt/airflow/dags
[2025-03-29T02:55:05.464+0000] {manager.py:761} INFO - There are 1 files in /opt/airflow/dags
[2025-03-29T02:55:05.625+0000] {manager.py:889} INFO - 
================================================================================
DAG File Processing Stats

File Path                        PID  Runtime      # DAGs    # Errors  Last Runtime    Last Run
-----------------------------  -----  ---------  --------  ----------  --------------  -------------------
/opt/airflow/dags/pipeline.py   1140  0.02s             1           0  0.38s           2025-03-29T02:39:11
================================================================================
[2025-03-29T02:55:41.503+0000] {manager.py:889} INFO - 
================================================================================
DAG File Processing Stats

File Path                        PID  Runtime      # DAGs    # Errors  Last Runtime    Last Run
-----------------------------  -----  ---------  --------  ----------  --------------  -------------------
/opt/airflow/dags/pipeline.py   1148  0.03s             1           0  0.20s           2025-03-29T02:55:05
================================================================================
[2025-03-29T02:56:19.430+0000] {manager.py:889} INFO - 
================================================================================
DAG File Processing Stats

File Path                        PID  Runtime      # DAGs    # Errors  Last Runtime    Last Run
-----------------------------  -----  ---------  --------  ----------  --------------  -------------------
/opt/airflow/dags/pipeline.py   1154  0.01s             1           0  0.52s           2025-03-29T02:55:41
================================================================================
[2025-03-29T03:12:14.244+0000] {manager.py:758} INFO - Searching for files in /opt/airflow/dags
[2025-03-29T03:12:14.258+0000] {manager.py:470} INFO - Exiting gracefully upon receiving signal 15
[2025-03-29T03:12:14.732+0000] {manager.py:487} INFO - Processing files using up to 2 processes at a time 
[2025-03-29T03:12:14.733+0000] {manager.py:488} INFO - Process each file at most once every 30 seconds
[2025-03-29T03:12:14.734+0000] {manager.py:489} INFO - Checking for new files in /opt/airflow/dags every 300 seconds
[2025-03-29T03:12:14.735+0000] {manager.py:758} INFO - Searching for files in /opt/airflow/dags
[2025-03-29T03:12:14.746+0000] {manager.py:761} INFO - There are 1 files in /opt/airflow/dags
[2025-03-29T03:12:14.824+0000] {manager.py:889} INFO - 
================================================================================
DAG File Processing Stats

File Path                        PID  Runtime      # DAGs    # Errors  Last Runtime    Last Run
-----------------------------  -----  ---------  --------  ----------  --------------  ----------
/opt/airflow/dags/pipeline.py   1165  0.03s             0           0
================================================================================
[2025-03-29T03:12:49.208+0000] {manager.py:889} INFO - 
================================================================================
DAG File Processing Stats

File Path                        PID  Runtime      # DAGs    # Errors  Last Runtime    Last Run
-----------------------------  -----  ---------  --------  ----------  --------------  -------------------
/opt/airflow/dags/pipeline.py   1171  0.01s             1           0  0.15s           2025-03-29T03:12:14
================================================================================
[2025-03-29T03:13:23.701+0000] {manager.py:889} INFO - 
================================================================================
DAG File Processing Stats

File Path                        PID  Runtime      # DAGs    # Errors  Last Runtime    Last Run
-----------------------------  -----  ---------  --------  ----------  --------------  -------------------
/opt/airflow/dags/pipeline.py   1177  0.01s             1           0  0.29s           2025-03-29T03:12:49
================================================================================
[2025-03-29T03:13:58.747+0000] {manager.py:889} INFO - 
================================================================================
DAG File Processing Stats

File Path                        PID  Runtime      # DAGs    # Errors  Last Runtime    Last Run
-----------------------------  -----  ---------  --------  ----------  --------------  -------------------
/opt/airflow/dags/pipeline.py   1183  0.02s             1           0  0.28s           2025-03-29T03:13:23
================================================================================
[2025-03-29T03:29:52.241+0000] {manager.py:758} INFO - Searching for files in /opt/airflow/dags
[2025-03-29T03:29:52.543+0000] {manager.py:761} INFO - There are 1 files in /opt/airflow/dags
[2025-03-29T03:29:52.613+0000] {manager.py:889} INFO - 
================================================================================
DAG File Processing Stats

File Path                        PID  Runtime      # DAGs    # Errors  Last Runtime    Last Run
-----------------------------  -----  ---------  --------  ----------  --------------  -------------------
/opt/airflow/dags/pipeline.py   1188  0.03s             1           0  0.29s           2025-03-29T03:13:59
================================================================================
[2025-03-29T03:30:27.302+0000] {manager.py:889} INFO - 
================================================================================
DAG File Processing Stats

File Path                        PID  Runtime      # DAGs    # Errors  Last Runtime    Last Run
-----------------------------  -----  ---------  --------  ----------  --------------  -------------------
/opt/airflow/dags/pipeline.py   1196  0.01s             1           0  0.27s           2025-03-29T03:29:52
================================================================================
[2025-03-29T03:31:01.916+0000] {manager.py:889} INFO - 
================================================================================
DAG File Processing Stats

File Path                        PID  Runtime      # DAGs    # Errors  Last Runtime    Last Run
-----------------------------  -----  ---------  --------  ----------  --------------  -------------------
/opt/airflow/dags/pipeline.py   1201  0.01s             1           0  0.29s           2025-03-29T03:30:27
================================================================================
[2025-03-29T03:31:36.926+0000] {manager.py:889} INFO - 
================================================================================
DAG File Processing Stats

File Path                        PID  Runtime      # DAGs    # Errors  Last Runtime    Last Run
-----------------------------  -----  ---------  --------  ----------  --------------  -------------------
/opt/airflow/dags/pipeline.py   1206  0.01s             1           0  0.61s           2025-03-29T03:31:02
================================================================================
[2025-03-29T03:47:27.104+0000] {manager.py:758} INFO - Searching for files in /opt/airflow/dags
[2025-03-29T03:47:27.113+0000] {manager.py:761} INFO - There are 1 files in /opt/airflow/dags
[2025-03-29T03:47:27.146+0000] {manager.py:889} INFO - 
================================================================================
DAG File Processing Stats

File Path                        PID  Runtime      # DAGs    # Errors  Last Runtime    Last Run
-----------------------------  -----  ---------  --------  ----------  --------------  -------------------
/opt/airflow/dags/pipeline.py   1212  0.01s             1           0  0.54s           2025-03-29T03:31:37
================================================================================
[2025-03-29T03:48:01.916+0000] {manager.py:889} INFO - 
================================================================================
DAG File Processing Stats

File Path                        PID  Runtime      # DAGs    # Errors  Last Runtime    Last Run
-----------------------------  -----  ---------  --------  ----------  --------------  -------------------
/opt/airflow/dags/pipeline.py   1217  0.01s             1           0  0.18s           2025-03-29T03:47:27
================================================================================
[2025-03-29T03:48:36.448+0000] {manager.py:889} INFO - 
================================================================================
DAG File Processing Stats

File Path                        PID  Runtime      # DAGs    # Errors  Last Runtime    Last Run
-----------------------------  -----  ---------  --------  ----------  --------------  -------------------
/opt/airflow/dags/pipeline.py   1223  0.01s             1           0  0.24s           2025-03-29T03:48:02
================================================================================
[2025-03-29T03:49:11.274+0000] {manager.py:889} INFO - 
================================================================================
DAG File Processing Stats

File Path                        PID  Runtime      # DAGs    # Errors  Last Runtime    Last Run
-----------------------------  -----  ---------  --------  ----------  --------------  -------------------
/opt/airflow/dags/pipeline.py   1229  0.02s             1           0  0.27s           2025-03-29T03:48:36
================================================================================
[2025-03-29T03:49:46.734+0000] {manager.py:889} INFO - 
================================================================================
DAG File Processing Stats

File Path                        PID  Runtime      # DAGs    # Errors  Last Runtime    Last Run
-----------------------------  -----  ---------  --------  ----------  --------------  -------------------
/opt/airflow/dags/pipeline.py   1237  0.15s             1           0  0.32s           2025-03-29T03:49:11
================================================================================
[2025-03-29T03:58:53.275+0000] {manager.py:758} INFO - Searching for files in /opt/airflow/dags
[2025-03-29T03:58:53.286+0000] {manager.py:761} INFO - There are 1 files in /opt/airflow/dags
[2025-03-29T03:58:53.319+0000] {manager.py:889} INFO - 
================================================================================
DAG File Processing Stats

File Path                        PID  Runtime      # DAGs    # Errors  Last Runtime    Last Run
-----------------------------  -----  ---------  --------  ----------  --------------  -------------------
/opt/airflow/dags/pipeline.py   1242  0.01s             1           0  0.36s           2025-03-29T03:49:46
================================================================================
[2025-03-29T04:26:51.138+0000] {manager.py:758} INFO - Searching for files in /opt/airflow/dags
[2025-03-29T04:26:51.182+0000] {manager.py:761} INFO - There are 1 files in /opt/airflow/dags
[2025-03-29T04:26:51.229+0000] {manager.py:889} INFO - 
================================================================================
DAG File Processing Stats

File Path                        PID  Runtime      # DAGs    # Errors  Last Runtime    Last Run
-----------------------------  -----  ---------  --------  ----------  --------------  -------------------
/opt/airflow/dags/pipeline.py   1247  0.01s             1           0  0.15s           2025-03-29T03:58:53
================================================================================
[2025-03-29T04:27:24.591+0000] {manager.py:889} INFO - 
================================================================================
DAG File Processing Stats

File Path                        PID  Runtime      # DAGs    # Errors  Last Runtime    Last Run
-----------------------------  -----  ---------  --------  ----------  --------------  -------------------
/opt/airflow/dags/pipeline.py   1253  0.01s             1           0  0.22s           2025-03-29T04:26:51
================================================================================
[2025-03-29T04:27:59.460+0000] {manager.py:889} INFO - 
================================================================================
DAG File Processing Stats

File Path                        PID  Runtime      # DAGs    # Errors  Last Runtime    Last Run
-----------------------------  -----  ---------  --------  ----------  --------------  -------------------
/opt/airflow/dags/pipeline.py   1260  0.01s             1           0  0.61s           2025-03-29T04:27:25
================================================================================
[2025-03-29T04:28:34.473+0000] {manager.py:889} INFO - 
================================================================================
DAG File Processing Stats

File Path                        PID  Runtime      # DAGs    # Errors  Last Runtime    Last Run
-----------------------------  -----  ---------  --------  ----------  --------------  -------------------
/opt/airflow/dags/pipeline.py   1267  0.01s             1           0  0.76s           2025-03-29T04:28:00
================================================================================
[2025-03-29T04:44:23.735+0000] {manager.py:758} INFO - Searching for files in /opt/airflow/dags
[2025-03-29T04:44:24.011+0000] {manager.py:761} INFO - There are 1 files in /opt/airflow/dags
[2025-03-29T04:44:24.042+0000] {manager.py:889} INFO - 
================================================================================
DAG File Processing Stats

File Path                        PID  Runtime      # DAGs    # Errors  Last Runtime    Last Run
-----------------------------  -----  ---------  --------  ----------  --------------  -------------------
/opt/airflow/dags/pipeline.py   1275  0.01s             1           0  0.33s           2025-03-29T04:28:34
================================================================================
[2025-03-29T04:44:58.536+0000] {manager.py:889} INFO - 
================================================================================
DAG File Processing Stats

File Path                        PID  Runtime      # DAGs    # Errors  Last Runtime    Last Run
-----------------------------  -----  ---------  --------  ----------  --------------  -------------------
/opt/airflow/dags/pipeline.py   1283  0.01s             1           0  0.15s           2025-03-29T04:44:24
================================================================================
[2025-03-29T04:45:43.058+0000] {manager.py:889} INFO - 
================================================================================
DAG File Processing Stats

File Path                        PID  Runtime      # DAGs    # Errors  Last Runtime    Last Run
-----------------------------  -----  ---------  --------  ----------  --------------  -------------------
/opt/airflow/dags/pipeline.py   1288  0.01s             1           0  0.58s           2025-03-29T04:44:59
================================================================================
[2025-03-29T05:01:32.618+0000] {manager.py:758} INFO - Searching for files in /opt/airflow/dags
[2025-03-29T05:01:32.706+0000] {manager.py:761} INFO - There are 1 files in /opt/airflow/dags
[2025-03-29T05:01:32.767+0000] {manager.py:889} INFO - 
================================================================================
DAG File Processing Stats

File Path                        PID  Runtime      # DAGs    # Errors  Last Runtime    Last Run
-----------------------------  -----  ---------  --------  ----------  --------------  -------------------
/opt/airflow/dags/pipeline.py   1293  0.01s             1           0  0.25s           2025-03-29T04:45:43
================================================================================
[2025-03-29T05:02:08.488+0000] {manager.py:889} INFO - 
================================================================================
DAG File Processing Stats

File Path                        PID  Runtime      # DAGs    # Errors  Last Runtime    Last Run
-----------------------------  -----  ---------  --------  ----------  --------------  -------------------
/opt/airflow/dags/pipeline.py   1299  0.02s             1           0  0.25s           2025-03-29T05:01:33
================================================================================
[2025-03-29T05:02:46.043+0000] {manager.py:889} INFO - 
================================================================================
DAG File Processing Stats

File Path                        PID  Runtime      # DAGs    # Errors  Last Runtime    Last Run
-----------------------------  -----  ---------  --------  ----------  --------------  -------------------
/opt/airflow/dags/pipeline.py   1305  0.01s             1           0  0.42s           2025-03-29T05:02:08
================================================================================
[2025-03-29T05:03:20.676+0000] {manager.py:889} INFO - 
================================================================================
DAG File Processing Stats

File Path                        PID  Runtime      # DAGs    # Errors  Last Runtime    Last Run
-----------------------------  -----  ---------  --------  ----------  --------------  -------------------
/opt/airflow/dags/pipeline.py   1310  0.01s             1           0  0.53s           2025-03-29T05:02:46
================================================================================
[2025-03-29T05:03:51.663+0000] {manager.py:889} INFO - 
================================================================================
DAG File Processing Stats

File Path                        PID  Runtime      # DAGs    # Errors  Last Runtime    Last Run
-----------------------------  -----  ---------  --------  ----------  --------------  -------------------
/opt/airflow/dags/pipeline.py   1315  0.06s             1           0  0.31s           2025-03-29T05:03:20
================================================================================
[2025-03-29T05:19:31.756+0000] {manager.py:758} INFO - Searching for files in /opt/airflow/dags
[2025-03-29T05:19:32.270+0000] {manager.py:761} INFO - There are 1 files in /opt/airflow/dags
[2025-03-29T05:19:32.498+0000] {manager.py:889} INFO - 
================================================================================
DAG File Processing Stats

File Path                        PID  Runtime      # DAGs    # Errors  Last Runtime    Last Run
-----------------------------  -----  ---------  --------  ----------  --------------  -------------------
/opt/airflow/dags/pipeline.py   1321  0.01s             1           0  1.88s           2025-03-29T05:03:53
================================================================================
[2025-03-29T05:20:10.054+0000] {manager.py:889} INFO - 
================================================================================
DAG File Processing Stats

File Path                        PID  Runtime      # DAGs    # Errors  Last Runtime    Last Run
-----------------------------  -----  ---------  --------  ----------  --------------  -------------------
/opt/airflow/dags/pipeline.py   1330  0.01s             1           0  0.31s           2025-03-29T05:19:32
================================================================================
[2025-03-29T05:20:45.114+0000] {manager.py:889} INFO - 
================================================================================
DAG File Processing Stats

File Path                        PID  Runtime      # DAGs    # Errors  Last Runtime    Last Run
-----------------------------  -----  ---------  --------  ----------  --------------  -------------------
/opt/airflow/dags/pipeline.py   1337  0.14s             1           0  0.30s           2025-03-29T05:20:10
================================================================================
[2025-03-29T05:21:19.565+0000] {manager.py:889} INFO - 
================================================================================
DAG File Processing Stats

File Path                        PID  Runtime      # DAGs    # Errors  Last Runtime    Last Run
-----------------------------  -----  ---------  --------  ----------  --------------  -------------------
/opt/airflow/dags/pipeline.py   1343  0.01s             1           0  0.43s           2025-03-29T05:20:45
================================================================================
[2025-03-29T05:37:12.451+0000] {manager.py:758} INFO - Searching for files in /opt/airflow/dags
[2025-03-29T05:37:12.706+0000] {manager.py:761} INFO - There are 1 files in /opt/airflow/dags
[2025-03-29T05:37:12.879+0000] {manager.py:470} INFO - Exiting gracefully upon receiving signal 15
[2025-03-29T05:37:12.879+0000] {manager.py:470} INFO - Exiting gracefully upon receiving signal 15
[2025-03-29T05:37:13.254+0000] {manager.py:470} INFO - Exiting gracefully upon receiving signal 15
[2025-03-29T05:37:13.572+0000] {manager.py:487} INFO - Processing files using up to 2 processes at a time 
[2025-03-29T05:37:13.573+0000] {manager.py:488} INFO - Process each file at most once every 30 seconds
[2025-03-29T05:37:13.575+0000] {manager.py:489} INFO - Checking for new files in /opt/airflow/dags every 300 seconds
[2025-03-29T05:37:13.576+0000] {manager.py:758} INFO - Searching for files in /opt/airflow/dags
[2025-03-29T05:37:13.590+0000] {manager.py:761} INFO - There are 1 files in /opt/airflow/dags
[2025-03-29T05:37:13.738+0000] {manager.py:889} INFO - 
================================================================================
DAG File Processing Stats

File Path                        PID  Runtime      # DAGs    # Errors  Last Runtime    Last Run
-----------------------------  -----  ---------  --------  ----------  --------------  ----------
/opt/airflow/dags/pipeline.py   1360  0.03s             0           0
================================================================================
[2025-03-29T05:37:47.585+0000] {manager.py:889} INFO - 
================================================================================
DAG File Processing Stats

File Path                        PID  Runtime      # DAGs    # Errors  Last Runtime    Last Run
-----------------------------  -----  ---------  --------  ----------  --------------  -------------------
/opt/airflow/dags/pipeline.py   1365  0.01s             1           0  0.21s           2025-03-29T05:37:13
================================================================================
[2025-03-29T05:38:22.092+0000] {manager.py:889} INFO - 
================================================================================
DAG File Processing Stats

File Path                        PID  Runtime      # DAGs    # Errors  Last Runtime    Last Run
-----------------------------  -----  ---------  --------  ----------  --------------  -------------------
/opt/airflow/dags/pipeline.py   1370  0.02s             1           0  0.36s           2025-03-29T05:37:47
================================================================================
[2025-03-29T05:38:56.937+0000] {manager.py:889} INFO - 
================================================================================
DAG File Processing Stats

File Path                        PID  Runtime      # DAGs    # Errors  Last Runtime    Last Run
-----------------------------  -----  ---------  --------  ----------  --------------  -------------------
/opt/airflow/dags/pipeline.py   1375  0.01s             1           0  0.32s           2025-03-29T05:38:22
================================================================================
[2025-03-29T05:54:47.446+0000] {manager.py:758} INFO - Searching for files in /opt/airflow/dags
[2025-03-29T05:54:47.523+0000] {manager.py:761} INFO - There are 1 files in /opt/airflow/dags
[2025-03-29T05:54:47.591+0000] {manager.py:889} INFO - 
================================================================================
DAG File Processing Stats

File Path                        PID  Runtime      # DAGs    # Errors  Last Runtime    Last Run
-----------------------------  -----  ---------  --------  ----------  --------------  -------------------
/opt/airflow/dags/pipeline.py   1381  0.02s             1           0  0.32s           2025-03-29T05:38:57
================================================================================
[2025-03-29T05:55:22.268+0000] {manager.py:889} INFO - 
================================================================================
DAG File Processing Stats

File Path                        PID  Runtime      # DAGs    # Errors  Last Runtime    Last Run
-----------------------------  -----  ---------  --------  ----------  --------------  -------------------
/opt/airflow/dags/pipeline.py   1386  0.16s             1           0  0.25s           2025-03-29T05:54:47
================================================================================
[2025-03-29T05:55:57.017+0000] {manager.py:889} INFO - 
================================================================================
DAG File Processing Stats

File Path                        PID  Runtime      # DAGs    # Errors  Last Runtime    Last Run
-----------------------------  -----  ---------  --------  ----------  --------------  -------------------
/opt/airflow/dags/pipeline.py   1392  0.01s             1           0  0.70s           2025-03-29T05:55:22
================================================================================
[2025-03-29T05:56:31.623+0000] {manager.py:889} INFO - 
================================================================================
DAG File Processing Stats

File Path                      PID    Runtime      # DAGs    # Errors  Last Runtime    Last Run
-----------------------------  -----  ---------  --------  ----------  --------------  -------------------
/opt/airflow/dags/pipeline.py                           1           0  0.37s           2025-03-29T05:55:57
================================================================================
[2025-03-29T05:59:52.928+0000] {manager.py:758} INFO - Searching for files in /opt/airflow/dags
[2025-03-29T05:59:53.115+0000] {manager.py:470} INFO - Exiting gracefully upon receiving signal 15
[2025-03-29T05:59:53.587+0000] {manager.py:487} INFO - Processing files using up to 2 processes at a time 
[2025-03-29T05:59:53.588+0000] {manager.py:488} INFO - Process each file at most once every 30 seconds
[2025-03-29T05:59:53.589+0000] {manager.py:489} INFO - Checking for new files in /opt/airflow/dags every 300 seconds
[2025-03-29T05:59:53.590+0000] {manager.py:758} INFO - Searching for files in /opt/airflow/dags
[2025-03-29T05:59:53.599+0000] {manager.py:761} INFO - There are 1 files in /opt/airflow/dags
[2025-03-29T05:59:53.682+0000] {manager.py:889} INFO - 
================================================================================
DAG File Processing Stats

File Path                        PID  Runtime      # DAGs    # Errors  Last Runtime    Last Run
-----------------------------  -----  ---------  --------  ----------  --------------  ----------
/opt/airflow/dags/pipeline.py   1411  0.02s             0           0
================================================================================
[2025-03-29T06:15:27.525+0000] {manager.py:758} INFO - Searching for files in /opt/airflow/dags
[2025-03-29T06:15:27.989+0000] {manager.py:761} INFO - There are 1 files in /opt/airflow/dags
[2025-03-29T06:15:28.043+0000] {manager.py:889} INFO - 
================================================================================
DAG File Processing Stats

File Path                        PID  Runtime      # DAGs    # Errors  Last Runtime    Last Run
-----------------------------  -----  ---------  --------  ----------  --------------  -------------------
/opt/airflow/dags/pipeline.py   1419  0.02s             1           0  0.22s           2025-03-29T05:59:53
================================================================================
[2025-03-29T06:16:02.855+0000] {manager.py:889} INFO - 
================================================================================
DAG File Processing Stats

File Path                        PID  Runtime      # DAGs    # Errors  Last Runtime    Last Run
-----------------------------  -----  ---------  --------  ----------  --------------  -------------------
/opt/airflow/dags/pipeline.py   1428  0.10s             1           0  0.60s           2025-03-29T06:15:28
================================================================================
[2025-03-29T06:16:37.708+0000] {manager.py:889} INFO - 
================================================================================
DAG File Processing Stats

File Path                        PID  Runtime      # DAGs    # Errors  Last Runtime    Last Run
-----------------------------  -----  ---------  --------  ----------  --------------  -------------------
/opt/airflow/dags/pipeline.py   1434  0.01s             1           0  0.34s           2025-03-29T06:16:03
================================================================================
[2025-03-29T06:17:12.148+0000] {manager.py:889} INFO - 
================================================================================
DAG File Processing Stats

File Path                        PID  Runtime      # DAGs    # Errors  Last Runtime    Last Run
-----------------------------  -----  ---------  --------  ----------  --------------  -------------------
/opt/airflow/dags/pipeline.py   1439  0.03s             1           0  0.44s           2025-03-29T06:16:38
================================================================================
[2025-03-29T06:17:46.697+0000] {manager.py:889} INFO - 
================================================================================
DAG File Processing Stats

File Path                        PID  Runtime      # DAGs    # Errors  Last Runtime    Last Run
-----------------------------  -----  ---------  --------  ----------  --------------  -------------------
/opt/airflow/dags/pipeline.py   1444  0.07s             1           0  0.43s           2025-03-29T06:17:12
================================================================================
[2025-03-29T06:33:36.396+0000] {manager.py:758} INFO - Searching for files in /opt/airflow/dags
[2025-03-29T06:33:36.405+0000] {manager.py:761} INFO - There are 1 files in /opt/airflow/dags
[2025-03-29T06:33:36.438+0000] {manager.py:889} INFO - 
================================================================================
DAG File Processing Stats

File Path                        PID  Runtime      # DAGs    # Errors  Last Runtime    Last Run
-----------------------------  -----  ---------  --------  ----------  --------------  -------------------
/opt/airflow/dags/pipeline.py   1451  0.01s             1           0  0.42s           2025-03-29T06:17:47
================================================================================
[2025-03-29T06:34:11.021+0000] {manager.py:889} INFO - 
================================================================================
DAG File Processing Stats

File Path                        PID  Runtime      # DAGs    # Errors  Last Runtime    Last Run
-----------------------------  -----  ---------  --------  ----------  --------------  -------------------
/opt/airflow/dags/pipeline.py   1459  0.01s             1           0  0.27s           2025-03-29T06:33:36
================================================================================
[2025-03-29T06:34:45.338+0000] {manager.py:889} INFO - 
================================================================================
DAG File Processing Stats

File Path                        PID  Runtime      # DAGs    # Errors  Last Runtime    Last Run
-----------------------------  -----  ---------  --------  ----------  --------------  -------------------
/opt/airflow/dags/pipeline.py   1465  0.01s             1           0  0.61s           2025-03-29T06:34:11
================================================================================
[2025-03-29T06:35:20.654+0000] {manager.py:889} INFO - 
================================================================================
DAG File Processing Stats

File Path                        PID  Runtime      # DAGs    # Errors  Last Runtime    Last Run
-----------------------------  -----  ---------  --------  ----------  --------------  -------------------
/opt/airflow/dags/pipeline.py   1471  0.01s             1           0  0.53s           2025-03-29T06:34:45
================================================================================
[2025-03-29T06:51:09.787+0000] {manager.py:758} INFO - Searching for files in /opt/airflow/dags
[2025-03-29T06:51:10.435+0000] {manager.py:761} INFO - There are 1 files in /opt/airflow/dags
[2025-03-29T06:51:10.532+0000] {manager.py:889} INFO - 
================================================================================
DAG File Processing Stats

File Path                        PID  Runtime      # DAGs    # Errors  Last Runtime    Last Run
-----------------------------  -----  ---------  --------  ----------  --------------  -------------------
/opt/airflow/dags/pipeline.py   1477  0.01s             1           0  0.25s           2025-03-29T06:35:20
================================================================================
[2025-03-29T06:51:44.991+0000] {manager.py:889} INFO - 
================================================================================
DAG File Processing Stats

File Path                        PID  Runtime      # DAGs    # Errors  Last Runtime    Last Run
-----------------------------  -----  ---------  --------  ----------  --------------  -------------------
/opt/airflow/dags/pipeline.py   1483  0.01s             1           0  0.33s           2025-03-29T06:51:10
================================================================================
[2025-03-29T06:52:19.235+0000] {manager.py:889} INFO - 
================================================================================
DAG File Processing Stats

File Path                        PID  Runtime      # DAGs    # Errors  Last Runtime    Last Run
-----------------------------  -----  ---------  --------  ----------  --------------  -------------------
/opt/airflow/dags/pipeline.py   1488  0.01s             1           0  0.25s           2025-03-29T06:51:45
================================================================================
[2025-03-29T06:52:50.217+0000] {manager.py:889} INFO - 
================================================================================
DAG File Processing Stats

File Path                        PID  Runtime      # DAGs    # Errors  Last Runtime    Last Run
-----------------------------  -----  ---------  --------  ----------  --------------  -------------------
/opt/airflow/dags/pipeline.py   1493  0.04s             1           0  0.60s           2025-03-29T06:52:19
================================================================================
[2025-03-29T07:00:53.684+0000] {manager.py:758} INFO - Searching for files in /opt/airflow/dags
[2025-03-29T07:00:53.831+0000] {manager.py:761} INFO - There are 1 files in /opt/airflow/dags
[2025-03-29T07:00:53.959+0000] {manager.py:1206} ERROR - Processor for /opt/airflow/dags/pipeline.py with PID 1493 started at 2025-03-29T06:52:50.149149+00:00 has timed out, killing it.
[2025-03-29T07:00:53.977+0000] {manager.py:889} INFO - 
================================================================================
DAG File Processing Stats

File Path                      PID    Runtime      # DAGs    # Errors  Last Runtime    Last Run
-----------------------------  -----  ---------  --------  ----------  --------------  -------------------
/opt/airflow/dags/pipeline.py                           0           1  483.81s         2025-03-29T07:00:53
================================================================================
[2025-03-29T07:01:28.391+0000] {manager.py:889} INFO - 
================================================================================
DAG File Processing Stats

File Path                        PID  Runtime      # DAGs    # Errors  Last Runtime    Last Run
-----------------------------  -----  ---------  --------  ----------  --------------  -------------------
/opt/airflow/dags/pipeline.py   1496  0.01s             0           1  483.81s         2025-03-29T07:00:53
================================================================================
[2025-03-29T07:02:03.338+0000] {manager.py:889} INFO - 
================================================================================
DAG File Processing Stats

File Path                        PID  Runtime      # DAGs    # Errors  Last Runtime    Last Run
-----------------------------  -----  ---------  --------  ----------  --------------  -------------------
/opt/airflow/dags/pipeline.py   1503  0.01s             1           0  0.87s           2025-03-29T07:01:29
================================================================================
[2025-03-29T07:02:38.235+0000] {manager.py:889} INFO - 
================================================================================
DAG File Processing Stats

File Path                        PID  Runtime      # DAGs    # Errors  Last Runtime    Last Run
-----------------------------  -----  ---------  --------  ----------  --------------  -------------------
/opt/airflow/dags/pipeline.py   1510  0.05s             1           0  0.84s           2025-03-29T07:02:04
================================================================================
[2025-03-29T07:46:21.583+0000] {manager.py:758} INFO - Searching for files in /opt/airflow/dags
[2025-03-29T07:46:21.659+0000] {manager.py:761} INFO - There are 1 files in /opt/airflow/dags
[2025-03-29T07:46:21.732+0000] {manager.py:889} INFO - 
================================================================================
DAG File Processing Stats

File Path                        PID  Runtime      # DAGs    # Errors  Last Runtime    Last Run
-----------------------------  -----  ---------  --------  ----------  --------------  -------------------
/opt/airflow/dags/pipeline.py   1516  0.01s             1           0  0.37s           2025-03-29T07:02:38
================================================================================
[2025-03-29T07:46:58.127+0000] {manager.py:889} INFO - 
================================================================================
DAG File Processing Stats

File Path                        PID  Runtime      # DAGs    # Errors  Last Runtime    Last Run
-----------------------------  -----  ---------  --------  ----------  --------------  -------------------
/opt/airflow/dags/pipeline.py   1522  0.25s             1           0  0.27s           2025-03-29T07:46:21
================================================================================
[2025-03-29T07:47:32.326+0000] {manager.py:889} INFO - 
================================================================================
DAG File Processing Stats

File Path                        PID  Runtime      # DAGs    # Errors  Last Runtime    Last Run
-----------------------------  -----  ---------  --------  ----------  --------------  -------------------
/opt/airflow/dags/pipeline.py   1528  0.01s             1           0  0.51s           2025-03-29T07:46:58
================================================================================
[2025-03-29T07:48:07.708+0000] {manager.py:889} INFO - 
================================================================================
DAG File Processing Stats

File Path                        PID  Runtime      # DAGs    # Errors  Last Runtime    Last Run
-----------------------------  -----  ---------  --------  ----------  --------------  -------------------
/opt/airflow/dags/pipeline.py   1535  0.01s             1           0  0.52s           2025-03-29T07:47:32
================================================================================
[2025-03-29T08:01:54.668+0000] {manager.py:758} INFO - Searching for files in /opt/airflow/dags
[2025-03-29T08:01:54.759+0000] {manager.py:761} INFO - There are 1 files in /opt/airflow/dags
[2025-03-29T08:01:54.793+0000] {manager.py:470} INFO - Exiting gracefully upon receiving signal 15
[2025-03-29T08:01:55.574+0000] {manager.py:487} INFO - Processing files using up to 2 processes at a time 
[2025-03-29T08:01:55.574+0000] {manager.py:488} INFO - Process each file at most once every 30 seconds
[2025-03-29T08:01:55.575+0000] {manager.py:489} INFO - Checking for new files in /opt/airflow/dags every 300 seconds
[2025-03-29T08:01:55.579+0000] {manager.py:758} INFO - Searching for files in /opt/airflow/dags
[2025-03-29T08:01:55.585+0000] {manager.py:761} INFO - There are 1 files in /opt/airflow/dags
[2025-03-29T08:01:55.686+0000] {manager.py:889} INFO - 
================================================================================
DAG File Processing Stats

File Path                        PID  Runtime      # DAGs    # Errors  Last Runtime    Last Run
-----------------------------  -----  ---------  --------  ----------  --------------  ----------
/opt/airflow/dags/pipeline.py   1548  0.03s             0           0
================================================================================
[2025-03-29T08:02:29.777+0000] {manager.py:889} INFO - 
================================================================================
DAG File Processing Stats

File Path                        PID  Runtime      # DAGs    # Errors  Last Runtime    Last Run
-----------------------------  -----  ---------  --------  ----------  --------------  -------------------
/opt/airflow/dags/pipeline.py   1554  0.01s             1           0  0.18s           2025-03-29T08:01:55
================================================================================
[2025-03-29T08:03:03.774+0000] {manager.py:889} INFO - 
================================================================================
DAG File Processing Stats

File Path                        PID  Runtime      # DAGs    # Errors  Last Runtime    Last Run
-----------------------------  -----  ---------  --------  ----------  --------------  -------------------
/opt/airflow/dags/pipeline.py   1559  0.01s             1           0  0.27s           2025-03-29T08:02:30
================================================================================
[2025-03-29T08:03:38.807+0000] {manager.py:889} INFO - 
================================================================================
DAG File Processing Stats

File Path                        PID  Runtime      # DAGs    # Errors  Last Runtime    Last Run
-----------------------------  -----  ---------  --------  ----------  --------------  -------------------
/opt/airflow/dags/pipeline.py   1565  0.01s             1           0  0.39s           2025-03-29T08:03:04
================================================================================
[2025-03-29T08:12:05.309+0000] {manager.py:758} INFO - Searching for files in /opt/airflow/dags
[2025-03-29T08:12:05.698+0000] {manager.py:470} INFO - Exiting gracefully upon receiving signal 15
[2025-03-29T08:12:06.359+0000] {manager.py:487} INFO - Processing files using up to 2 processes at a time 
[2025-03-29T08:12:06.360+0000] {manager.py:488} INFO - Process each file at most once every 30 seconds
[2025-03-29T08:12:06.361+0000] {manager.py:489} INFO - Checking for new files in /opt/airflow/dags every 300 seconds
[2025-03-29T08:12:06.362+0000] {manager.py:758} INFO - Searching for files in /opt/airflow/dags
[2025-03-29T08:12:06.370+0000] {manager.py:761} INFO - There are 1 files in /opt/airflow/dags
[2025-03-29T08:12:06.431+0000] {manager.py:889} INFO - 
================================================================================
DAG File Processing Stats

File Path                        PID  Runtime      # DAGs    # Errors  Last Runtime    Last Run
-----------------------------  -----  ---------  --------  ----------  --------------  ----------
/opt/airflow/dags/pipeline.py   1577  0.02s             0           0
================================================================================
[2025-03-29T08:12:40.623+0000] {manager.py:889} INFO - 
================================================================================
DAG File Processing Stats

File Path                        PID  Runtime      # DAGs    # Errors  Last Runtime    Last Run
-----------------------------  -----  ---------  --------  ----------  --------------  -------------------
/opt/airflow/dags/pipeline.py   1582  0.01s             1           0  0.20s           2025-03-29T08:12:06
================================================================================
[2025-03-29T08:13:14.889+0000] {manager.py:889} INFO - 
================================================================================
DAG File Processing Stats

File Path                        PID  Runtime      # DAGs    # Errors  Last Runtime    Last Run
-----------------------------  -----  ---------  --------  ----------  --------------  -------------------
/opt/airflow/dags/pipeline.py   1587  0.01s             1           0  0.23s           2025-03-29T08:12:40
================================================================================
[2025-03-29T08:13:45.856+0000] {manager.py:889} INFO - 
================================================================================
DAG File Processing Stats

File Path                        PID  Runtime      # DAGs    # Errors  Last Runtime    Last Run
-----------------------------  -----  ---------  --------  ----------  --------------  -------------------
/opt/airflow/dags/pipeline.py   1593  0.04s             1           0  0.54s           2025-03-29T08:13:15
================================================================================
[2025-03-29T08:14:16.196+0000] {manager.py:889} INFO - 
================================================================================
DAG File Processing Stats

File Path                      PID    Runtime      # DAGs    # Errors  Last Runtime    Last Run
-----------------------------  -----  ---------  --------  ----------  --------------  -------------------
/opt/airflow/dags/pipeline.py                           1           0  26.37s          2025-03-29T08:14:12
================================================================================
[2025-03-29T08:43:11.753+0000] {manager.py:470} INFO - Exiting gracefully upon receiving signal 15
[2025-03-29T08:43:12.248+0000] {manager.py:487} INFO - Processing files using up to 2 processes at a time 
[2025-03-29T08:43:12.249+0000] {manager.py:488} INFO - Process each file at most once every 30 seconds
[2025-03-29T08:43:12.250+0000] {manager.py:489} INFO - Checking for new files in /opt/airflow/dags every 300 seconds
[2025-03-29T08:43:12.251+0000] {manager.py:758} INFO - Searching for files in /opt/airflow/dags
[2025-03-29T08:43:12.258+0000] {manager.py:761} INFO - There are 1 files in /opt/airflow/dags
[2025-03-29T08:43:12.324+0000] {manager.py:889} INFO - 
================================================================================
DAG File Processing Stats

File Path                        PID  Runtime      # DAGs    # Errors  Last Runtime    Last Run
-----------------------------  -----  ---------  --------  ----------  --------------  ----------
/opt/airflow/dags/pipeline.py   1605  0.02s             0           0
================================================================================
[2025-03-29T08:43:46.316+0000] {manager.py:889} INFO - 
================================================================================
DAG File Processing Stats

File Path                        PID  Runtime      # DAGs    # Errors  Last Runtime    Last Run
-----------------------------  -----  ---------  --------  ----------  --------------  -------------------
/opt/airflow/dags/pipeline.py   1611  0.01s             1           0  0.14s           2025-03-29T08:43:12
================================================================================
[2025-03-29T08:44:21.124+0000] {manager.py:889} INFO - 
================================================================================
DAG File Processing Stats

File Path                        PID  Runtime      # DAGs    # Errors  Last Runtime    Last Run
-----------------------------  -----  ---------  --------  ----------  --------------  -------------------
/opt/airflow/dags/pipeline.py   1618  0.01s             1           0  0.64s           2025-03-29T08:43:46
================================================================================
[2025-03-29T08:44:55.825+0000] {manager.py:889} INFO - 
================================================================================
DAG File Processing Stats

File Path                        PID  Runtime      # DAGs    # Errors  Last Runtime    Last Run
-----------------------------  -----  ---------  --------  ----------  --------------  -------------------
/opt/airflow/dags/pipeline.py   1623  0.01s             1           0  0.34s           2025-03-29T08:44:21
================================================================================
[2025-03-29T08:45:51.993+0000] {manager.py:889} INFO - 
================================================================================
DAG File Processing Stats

File Path                        PID  Runtime      # DAGs    # Errors  Last Runtime    Last Run
-----------------------------  -----  ---------  --------  ----------  --------------  -------------------
/opt/airflow/dags/pipeline.py   1629  0.02s             1           0  0.64s           2025-03-29T08:44:56
================================================================================
[2025-03-29T09:01:26.655+0000] {manager.py:758} INFO - Searching for files in /opt/airflow/dags
[2025-03-29T09:01:27.052+0000] {manager.py:470} INFO - Exiting gracefully upon receiving signal 15
[2025-03-29T09:01:27.632+0000] {manager.py:487} INFO - Processing files using up to 2 processes at a time 
[2025-03-29T09:01:27.633+0000] {manager.py:488} INFO - Process each file at most once every 30 seconds
[2025-03-29T09:01:27.635+0000] {manager.py:489} INFO - Checking for new files in /opt/airflow/dags every 300 seconds
[2025-03-29T09:01:27.637+0000] {manager.py:758} INFO - Searching for files in /opt/airflow/dags
[2025-03-29T09:01:27.647+0000] {manager.py:761} INFO - There are 1 files in /opt/airflow/dags
[2025-03-29T09:01:27.738+0000] {manager.py:889} INFO - 
================================================================================
DAG File Processing Stats

File Path                        PID  Runtime      # DAGs    # Errors  Last Runtime    Last Run
-----------------------------  -----  ---------  --------  ----------  --------------  ----------
/opt/airflow/dags/pipeline.py   1643  0.03s             0           0
================================================================================
[2025-03-29T09:02:01.889+0000] {manager.py:889} INFO - 
================================================================================
DAG File Processing Stats

File Path                        PID  Runtime      # DAGs    # Errors  Last Runtime    Last Run
-----------------------------  -----  ---------  --------  ----------  --------------  -------------------
/opt/airflow/dags/pipeline.py   1648  0.01s             1           0  0.24s           2025-03-29T09:01:27
================================================================================
[2025-03-29T09:02:36.125+0000] {manager.py:889} INFO - 
================================================================================
DAG File Processing Stats

File Path                        PID  Runtime      # DAGs    # Errors  Last Runtime    Last Run
-----------------------------  -----  ---------  --------  ----------  --------------  -------------------
/opt/airflow/dags/pipeline.py   1653  0.01s             1           0  0.27s           2025-03-29T09:02:02
================================================================================
[2025-03-29T09:03:11.342+0000] {manager.py:889} INFO - 
================================================================================
DAG File Processing Stats

File Path                        PID  Runtime      # DAGs    # Errors  Last Runtime    Last Run
-----------------------------  -----  ---------  --------  ----------  --------------  -------------------
/opt/airflow/dags/pipeline.py   1659  0.01s             1           0  1.26s           2025-03-29T09:02:37
================================================================================
[2025-03-29T09:19:01.046+0000] {manager.py:470} INFO - Exiting gracefully upon receiving signal 15
[2025-03-29T09:19:01.528+0000] {manager.py:487} INFO - Processing files using up to 2 processes at a time 
[2025-03-29T09:19:01.529+0000] {manager.py:488} INFO - Process each file at most once every 30 seconds
[2025-03-29T09:19:01.530+0000] {manager.py:489} INFO - Checking for new files in /opt/airflow/dags every 300 seconds
[2025-03-29T09:19:01.531+0000] {manager.py:758} INFO - Searching for files in /opt/airflow/dags
[2025-03-29T09:19:01.537+0000] {manager.py:761} INFO - There are 1 files in /opt/airflow/dags
[2025-03-29T09:19:01.610+0000] {manager.py:889} INFO - 
================================================================================
DAG File Processing Stats

File Path                        PID  Runtime      # DAGs    # Errors  Last Runtime    Last Run
-----------------------------  -----  ---------  --------  ----------  --------------  ----------
/opt/airflow/dags/pipeline.py   1670  0.03s             0           0
================================================================================
[2025-03-29T09:19:35.776+0000] {manager.py:889} INFO - 
================================================================================
DAG File Processing Stats

File Path                        PID  Runtime      # DAGs    # Errors  Last Runtime    Last Run
-----------------------------  -----  ---------  --------  ----------  --------------  -------------------
/opt/airflow/dags/pipeline.py   1677  0.01s             1           0  0.14s           2025-03-29T09:19:01
================================================================================
[2025-03-29T09:20:10.524+0000] {manager.py:889} INFO - 
================================================================================
DAG File Processing Stats

File Path                        PID  Runtime      # DAGs    # Errors  Last Runtime    Last Run
-----------------------------  -----  ---------  --------  ----------  --------------  -------------------
/opt/airflow/dags/pipeline.py   1682  0.01s             1           0  0.25s           2025-03-29T09:19:36
================================================================================
[2025-03-29T09:20:45.205+0000] {manager.py:889} INFO - 
================================================================================
DAG File Processing Stats

File Path                        PID  Runtime      # DAGs    # Errors  Last Runtime    Last Run
-----------------------------  -----  ---------  --------  ----------  --------------  -------------------
/opt/airflow/dags/pipeline.py   1687  0.01s             1           0  0.32s           2025-03-29T09:20:10
================================================================================
[2025-03-29T09:36:38.982+0000] {manager.py:758} INFO - Searching for files in /opt/airflow/dags
[2025-03-29T09:36:39.121+0000] {manager.py:761} INFO - There are 1 files in /opt/airflow/dags
[2025-03-29T09:36:39.277+0000] {manager.py:889} INFO - 
================================================================================
DAG File Processing Stats

File Path                        PID  Runtime      # DAGs    # Errors  Last Runtime    Last Run
-----------------------------  -----  ---------  --------  ----------  --------------  -------------------
/opt/airflow/dags/pipeline.py   1693  0.10s             1           0  0.48s           2025-03-29T09:20:45
================================================================================
[2025-03-29T09:37:13.808+0000] {manager.py:889} INFO - 
================================================================================
DAG File Processing Stats

File Path                        PID  Runtime      # DAGs    # Errors  Last Runtime    Last Run
-----------------------------  -----  ---------  --------  ----------  --------------  -------------------
/opt/airflow/dags/pipeline.py   1698  0.00s             1           0  0.33s           2025-03-29T09:36:39
================================================================================
[2025-03-29T09:37:48.493+0000] {manager.py:889} INFO - 
================================================================================
DAG File Processing Stats

File Path                        PID  Runtime      # DAGs    # Errors  Last Runtime    Last Run
-----------------------------  -----  ---------  --------  ----------  --------------  -------------------
/opt/airflow/dags/pipeline.py   1703  0.01s             1           0  0.32s           2025-03-29T09:37:14
================================================================================
[2025-03-29T09:38:23.035+0000] {manager.py:889} INFO - 
================================================================================
DAG File Processing Stats

File Path                        PID  Runtime      # DAGs    # Errors  Last Runtime    Last Run
-----------------------------  -----  ---------  --------  ----------  --------------  -------------------
/opt/airflow/dags/pipeline.py   1708  0.01s             1           0  0.59s           2025-03-29T09:37:49
================================================================================
[2025-03-29T09:38:58.492+0000] {manager.py:889} INFO - 
================================================================================
DAG File Processing Stats

File Path                        PID  Runtime      # DAGs    # Errors  Last Runtime    Last Run
-----------------------------  -----  ---------  --------  ----------  --------------  -------------------
/opt/airflow/dags/pipeline.py   1715  0.02s             1           0  0.85s           2025-03-29T09:38:23
================================================================================
[2025-03-29T09:39:32.802+0000] {manager.py:889} INFO - 
================================================================================
DAG File Processing Stats

File Path                        PID  Runtime      # DAGs    # Errors  Last Runtime    Last Run
-----------------------------  -----  ---------  --------  ----------  --------------  -------------------
/opt/airflow/dags/pipeline.py   1720  0.01s             1           0  0.29s           2025-03-29T09:38:58
================================================================================
[2025-03-29T10:02:56.202+0000] {manager.py:758} INFO - Searching for files in /opt/airflow/dags
[2025-03-29T10:02:56.233+0000] {manager.py:761} INFO - There are 1 files in /opt/airflow/dags
[2025-03-29T10:02:56.337+0000] {manager.py:889} INFO - 
================================================================================
DAG File Processing Stats

File Path                        PID  Runtime      # DAGs    # Errors  Last Runtime    Last Run
-----------------------------  -----  ---------  --------  ----------  --------------  -------------------
/opt/airflow/dags/pipeline.py   1726  0.01s             1           0  0.60s           2025-03-29T09:39:33
================================================================================
[2025-03-29T10:03:27.201+0000] {manager.py:889} INFO - 
================================================================================
DAG File Processing Stats

File Path                        PID  Runtime      # DAGs    # Errors  Last Runtime    Last Run
-----------------------------  -----  ---------  --------  ----------  --------------  -------------------
/opt/airflow/dags/pipeline.py   1731  0.07s             1           0  0.20s           2025-03-29T10:02:56
================================================================================
[2025-03-29T11:03:57.545+0000] {manager.py:758} INFO - Searching for files in /opt/airflow/dags
[2025-03-29T11:03:58.047+0000] {manager.py:761} INFO - There are 1 files in /opt/airflow/dags
[2025-03-29T11:03:59.295+0000] {manager.py:889} INFO - 
================================================================================
DAG File Processing Stats

File Path                        PID  Runtime      # DAGs    # Errors  Last Runtime    Last Run
-----------------------------  -----  ---------  --------  ----------  --------------  -------------------
/opt/airflow/dags/pipeline.py   1738  0.13s             1           0  1.87s           2025-03-29T10:03:28
================================================================================
[2025-03-29T11:04:29.637+0000] {manager.py:889} INFO - 
================================================================================
DAG File Processing Stats

File Path                      PID    Runtime      # DAGs    # Errors  Last Runtime    Last Run
-----------------------------  -----  ---------  --------  ----------  --------------  -------------------
/opt/airflow/dags/pipeline.py                           1           0  0.77s           2025-03-29T11:03:59
================================================================================
[2025-03-29T12:05:00.653+0000] {manager.py:889} INFO - 
================================================================================
DAG File Processing Stats

File Path                        PID  Runtime      # DAGs    # Errors  Last Runtime    Last Run
-----------------------------  -----  ---------  --------  ----------  --------------  -------------------
/opt/airflow/dags/pipeline.py   1743  0.33s             1           0  0.77s           2025-03-29T11:03:59
================================================================================
[2025-03-29T12:05:01.295+0000] {manager.py:758} INFO - Searching for files in /opt/airflow/dags
[2025-03-29T12:05:01.426+0000] {manager.py:761} INFO - There are 1 files in /opt/airflow/dags
[2025-03-29T12:05:30.616+0000] {manager.py:889} INFO - 
================================================================================
DAG File Processing Stats

File Path                      PID    Runtime      # DAGs    # Errors  Last Runtime    Last Run
-----------------------------  -----  ---------  --------  ----------  --------------  -------------------
/opt/airflow/dags/pipeline.py                           1           0  1.82s           2025-03-29T12:05:01
================================================================================
[2025-03-29T13:06:01.556+0000] {manager.py:889} INFO - 
================================================================================
DAG File Processing Stats

File Path                        PID  Runtime      # DAGs    # Errors  Last Runtime    Last Run
-----------------------------  -----  ---------  --------  ----------  --------------  -------------------
/opt/airflow/dags/pipeline.py   1755  0.02s             1           0  3.91s           2025-03-29T12:05:36
================================================================================
[2025-03-29T13:06:02.351+0000] {manager.py:758} INFO - Searching for files in /opt/airflow/dags
[2025-03-29T13:06:02.378+0000] {manager.py:761} INFO - There are 1 files in /opt/airflow/dags
[2025-03-29T13:06:32.023+0000] {manager.py:889} INFO - 
================================================================================
DAG File Processing Stats

File Path                      PID    Runtime      # DAGs    # Errors  Last Runtime    Last Run
-----------------------------  -----  ---------  --------  ----------  --------------  -------------------
/opt/airflow/dags/pipeline.py                           1           0  1.29s           2025-03-29T13:06:02
================================================================================
[2025-03-29T14:07:02.035+0000] {manager.py:889} INFO - 
================================================================================
DAG File Processing Stats

File Path                        PID  Runtime      # DAGs    # Errors  Last Runtime    Last Run
-----------------------------  -----  ---------  --------  ----------  --------------  -------------------
/opt/airflow/dags/pipeline.py   1764  3628.93s          1           0  1.29s           2025-03-29T13:06:02
================================================================================
[2025-03-29T14:07:03.324+0000] {manager.py:758} INFO - Searching for files in /opt/airflow/dags
[2025-03-29T14:07:03.405+0000] {manager.py:761} INFO - There are 1 files in /opt/airflow/dags
[2025-03-29T14:07:03.463+0000] {manager.py:1206} ERROR - Processor for /opt/airflow/dags/pipeline.py with PID 1764 started at 2025-03-29T13:06:33.088964+00:00 has timed out, killing it.
[2025-03-29T14:07:33.067+0000] {manager.py:889} INFO - 
================================================================================
DAG File Processing Stats

File Path                      PID    Runtime      # DAGs    # Errors  Last Runtime    Last Run
-----------------------------  -----  ---------  --------  ----------  --------------  -------------------
/opt/airflow/dags/pipeline.py                           0           1  3630.37s        2025-03-29T14:07:03
================================================================================
[2025-03-29T15:08:03.782+0000] {manager.py:889} INFO - 
================================================================================
DAG File Processing Stats

File Path                        PID  Runtime      # DAGs    # Errors  Last Runtime    Last Run
-----------------------------  -----  ---------  --------  ----------  --------------  -------------------
/opt/airflow/dags/pipeline.py   1775  0.02s             1           0  1.72s           2025-03-29T14:07:35
================================================================================
[2025-03-29T15:08:03.984+0000] {manager.py:758} INFO - Searching for files in /opt/airflow/dags
[2025-03-29T15:08:04.015+0000] {manager.py:761} INFO - There are 1 files in /opt/airflow/dags
[2025-03-29T15:08:36.025+0000] {manager.py:889} INFO - 
================================================================================
DAG File Processing Stats

File Path                        PID  Runtime      # DAGs    # Errors  Last Runtime    Last Run
-----------------------------  -----  ---------  --------  ----------  --------------  -------------------
/opt/airflow/dags/pipeline.py   1782  1.05s             1           0  0.46s           2025-03-29T15:08:04
================================================================================
[2025-03-29T15:30:32.715+0000] {manager.py:758} INFO - Searching for files in /opt/airflow/dags
[2025-03-29T15:30:32.873+0000] {manager.py:761} INFO - There are 1 files in /opt/airflow/dags
[2025-03-29T15:30:32.911+0000] {manager.py:1206} ERROR - Processor for /opt/airflow/dags/pipeline.py with PID 1782 started at 2025-03-29T15:08:34.917048+00:00 has timed out, killing it.
[2025-03-29T15:30:33.236+0000] {manager.py:889} INFO - 
================================================================================
DAG File Processing Stats

File Path                      PID    Runtime      # DAGs    # Errors  Last Runtime    Last Run
-----------------------------  -----  ---------  --------  ----------  --------------  -------------------
/opt/airflow/dags/pipeline.py                           0           1  1317.99s        2025-03-29T15:30:32
================================================================================
[2025-03-29T15:31:03.855+0000] {manager.py:889} INFO - 
================================================================================
DAG File Processing Stats

File Path                      PID    Runtime      # DAGs    # Errors  Last Runtime    Last Run
-----------------------------  -----  ---------  --------  ----------  --------------  -------------------
/opt/airflow/dags/pipeline.py                           1           0  0.90s           2025-03-29T15:31:03
================================================================================
[2025-03-29T15:31:34.078+0000] {manager.py:889} INFO - 
================================================================================
DAG File Processing Stats

File Path                        PID  Runtime      # DAGs    # Errors  Last Runtime    Last Run
-----------------------------  -----  ---------  --------  ----------  --------------  -------------------
/opt/airflow/dags/pipeline.py   1791  0.01s             1           0  0.90s           2025-03-29T15:31:03
================================================================================
[2025-03-29T15:32:04.324+0000] {manager.py:889} INFO - 
================================================================================
DAG File Processing Stats

File Path                      PID    Runtime      # DAGs    # Errors  Last Runtime    Last Run
-----------------------------  -----  ---------  --------  ----------  --------------  -------------------
/opt/airflow/dags/pipeline.py                           1           0  0.30s           2025-03-29T15:31:34
================================================================================
[2025-03-29T15:32:34.906+0000] {manager.py:889} INFO - 
================================================================================
DAG File Processing Stats

File Path                        PID  Runtime      # DAGs    # Errors  Last Runtime    Last Run
-----------------------------  -----  ---------  --------  ----------  --------------  -------------------
/opt/airflow/dags/pipeline.py   1801  0.02s             1           0  0.16s           2025-03-29T15:32:04
================================================================================
[2025-03-29T15:33:05.346+0000] {manager.py:889} INFO - 
================================================================================
DAG File Processing Stats

File Path                        PID  Runtime      # DAGs    # Errors  Last Runtime    Last Run
-----------------------------  -----  ---------  --------  ----------  --------------  -------------------
/opt/airflow/dags/pipeline.py   1806  0.07s             1           0  0.27s           2025-03-29T15:32:35
================================================================================
[2025-03-29T15:33:35.652+0000] {manager.py:889} INFO - 
================================================================================
DAG File Processing Stats

File Path                        PID  Runtime      # DAGs    # Errors  Last Runtime    Last Run
-----------------------------  -----  ---------  --------  ----------  --------------  -------------------
/opt/airflow/dags/pipeline.py   1811  0.01s             1           0  0.23s           2025-03-29T15:33:05
================================================================================
[2025-03-29T15:34:05.961+0000] {manager.py:889} INFO - 
================================================================================
DAG File Processing Stats

File Path                        PID  Runtime      # DAGs    # Errors  Last Runtime    Last Run
-----------------------------  -----  ---------  --------  ----------  --------------  -------------------
/opt/airflow/dags/pipeline.py   1816  0.01s             1           0  0.18s           2025-03-29T15:33:35
================================================================================
[2025-03-29T15:34:40.046+0000] {manager.py:487} INFO - Processing files using up to 2 processes at a time 
[2025-03-29T15:34:40.048+0000] {manager.py:488} INFO - Process each file at most once every 30 seconds
[2025-03-29T15:34:40.049+0000] {manager.py:489} INFO - Checking for new files in /opt/airflow/dags every 300 seconds
[2025-03-29T15:34:40.050+0000] {manager.py:758} INFO - Searching for files in /opt/airflow/dags
[2025-03-29T15:34:40.063+0000] {manager.py:761} INFO - There are 1 files in /opt/airflow/dags
[2025-03-29T15:34:40.363+0000] {manager.py:889} INFO - 
================================================================================
DAG File Processing Stats

File Path                        PID  Runtime      # DAGs    # Errors  Last Runtime    Last Run
-----------------------------  -----  ---------  --------  ----------  --------------  ----------
/opt/airflow/dags/pipeline.py    158  0.15s             0           0
================================================================================
[2025-03-29T15:35:10.695+0000] {manager.py:889} INFO - 
================================================================================
DAG File Processing Stats

File Path                        PID  Runtime      # DAGs    # Errors  Last Runtime    Last Run
-----------------------------  -----  ---------  --------  ----------  --------------  -------------------
/opt/airflow/dags/pipeline.py    173  0.02s             1           0  0.31s           2025-03-29T15:34:40
================================================================================
[2025-03-29T15:35:40.965+0000] {manager.py:889} INFO - 
================================================================================
DAG File Processing Stats

File Path                      PID    Runtime      # DAGs    # Errors  Last Runtime    Last Run
-----------------------------  -----  ---------  --------  ----------  --------------  -------------------
/opt/airflow/dags/pipeline.py                           1           0  0.71s           2025-03-29T15:35:11
================================================================================
[2025-03-29T15:36:10.989+0000] {manager.py:889} INFO - 
================================================================================
DAG File Processing Stats

File Path                      PID    Runtime      # DAGs    # Errors  Last Runtime    Last Run
-----------------------------  -----  ---------  --------  ----------  --------------  -------------------
/opt/airflow/dags/pipeline.py                           1           0  1.00s           2025-03-29T15:35:42
================================================================================
[2025-03-29T15:36:41.501+0000] {manager.py:889} INFO - 
================================================================================
DAG File Processing Stats

File Path                      PID    Runtime      # DAGs    # Errors  Last Runtime    Last Run
-----------------------------  -----  ---------  --------  ----------  --------------  -------------------
/opt/airflow/dags/pipeline.py                           1           0  0.32s           2025-03-29T15:36:13
================================================================================
[2025-03-29T15:37:11.787+0000] {manager.py:889} INFO - 
================================================================================
DAG File Processing Stats

File Path                      PID    Runtime      # DAGs    # Errors  Last Runtime    Last Run
-----------------------------  -----  ---------  --------  ----------  --------------  -------------------
/opt/airflow/dags/pipeline.py                           1           0  0.19s           2025-03-29T15:36:43
================================================================================
[2025-03-29T15:37:41.812+0000] {manager.py:889} INFO - 
================================================================================
DAG File Processing Stats

File Path                      PID    Runtime      # DAGs    # Errors  Last Runtime    Last Run
-----------------------------  -----  ---------  --------  ----------  --------------  -------------------
/opt/airflow/dags/pipeline.py                           1           0  1.16s           2025-03-29T15:37:14
================================================================================
[2025-03-29T15:38:12.091+0000] {manager.py:889} INFO - 
================================================================================
DAG File Processing Stats

File Path                      PID    Runtime      # DAGs    # Errors  Last Runtime    Last Run
-----------------------------  -----  ---------  --------  ----------  --------------  -------------------
/opt/airflow/dags/pipeline.py                           1           0  1.64s           2025-03-29T15:37:47
================================================================================
[2025-03-29T15:38:42.804+0000] {manager.py:889} INFO - 
================================================================================
DAG File Processing Stats

File Path                      PID    Runtime      # DAGs    # Errors  Last Runtime    Last Run
-----------------------------  -----  ---------  --------  ----------  --------------  -------------------
/opt/airflow/dags/pipeline.py                           1           0  0.96s           2025-03-29T15:38:19
================================================================================
[2025-03-29T15:39:13.107+0000] {manager.py:889} INFO - 
================================================================================
DAG File Processing Stats

File Path                      PID    Runtime      # DAGs    # Errors  Last Runtime    Last Run
-----------------------------  -----  ---------  --------  ----------  --------------  -------------------
/opt/airflow/dags/pipeline.py                           1           0  0.76s           2025-03-29T15:38:50
================================================================================
[2025-03-29T15:39:40.577+0000] {manager.py:758} INFO - Searching for files in /opt/airflow/dags
[2025-03-29T15:39:40.638+0000] {manager.py:761} INFO - There are 1 files in /opt/airflow/dags
[2025-03-29T15:39:43.815+0000] {manager.py:889} INFO - 
================================================================================
DAG File Processing Stats

File Path                      PID    Runtime      # DAGs    # Errors  Last Runtime    Last Run
-----------------------------  -----  ---------  --------  ----------  --------------  -------------------
/opt/airflow/dags/pipeline.py                           1           0  0.48s           2025-03-29T15:39:21
================================================================================
[2025-03-29T15:40:14.150+0000] {manager.py:889} INFO - 
================================================================================
DAG File Processing Stats

File Path                      PID    Runtime      # DAGs    # Errors  Last Runtime    Last Run
-----------------------------  -----  ---------  --------  ----------  --------------  -------------------
/opt/airflow/dags/pipeline.py                           1           0  4.14s           2025-03-29T15:39:56
================================================================================
[2025-03-29T15:40:44.436+0000] {manager.py:889} INFO - 
================================================================================
DAG File Processing Stats

File Path                      PID    Runtime      # DAGs    # Errors  Last Runtime    Last Run
-----------------------------  -----  ---------  --------  ----------  --------------  -------------------
/opt/airflow/dags/pipeline.py                           1           0  1.36s           2025-03-29T15:40:27
================================================================================
[2025-03-29T15:41:14.589+0000] {manager.py:889} INFO - 
================================================================================
DAG File Processing Stats

File Path                      PID    Runtime      # DAGs    # Errors  Last Runtime    Last Run
-----------------------------  -----  ---------  --------  ----------  --------------  -------------------
/opt/airflow/dags/pipeline.py                           1           0  0.59s           2025-03-29T15:40:58
================================================================================
[2025-03-29T15:41:44.848+0000] {manager.py:889} INFO - 
================================================================================
DAG File Processing Stats

File Path                      PID    Runtime      # DAGs    # Errors  Last Runtime    Last Run
-----------------------------  -----  ---------  --------  ----------  --------------  -------------------
/opt/airflow/dags/pipeline.py                           1           0  0.23s           2025-03-29T15:41:28
================================================================================
[2025-03-29T15:42:15.291+0000] {manager.py:889} INFO - 
================================================================================
DAG File Processing Stats

File Path                      PID    Runtime      # DAGs    # Errors  Last Runtime    Last Run
-----------------------------  -----  ---------  --------  ----------  --------------  -------------------
/opt/airflow/dags/pipeline.py                           1           0  0.35s           2025-03-29T15:41:59
================================================================================
[2025-03-29T15:42:45.707+0000] {manager.py:889} INFO - 
================================================================================
DAG File Processing Stats

File Path                      PID    Runtime      # DAGs    # Errors  Last Runtime    Last Run
-----------------------------  -----  ---------  --------  ----------  --------------  -------------------
/opt/airflow/dags/pipeline.py                           1           0  0.18s           2025-03-29T15:42:29
================================================================================
[2025-03-29T15:43:15.987+0000] {manager.py:889} INFO - 
================================================================================
DAG File Processing Stats

File Path                      PID    Runtime      # DAGs    # Errors  Last Runtime    Last Run
-----------------------------  -----  ---------  --------  ----------  --------------  -------------------
/opt/airflow/dags/pipeline.py                           1           0  0.21s           2025-03-29T15:43:00
================================================================================
[2025-03-29T15:44:17.122+0000] {manager.py:487} INFO - Processing files using up to 2 processes at a time 
[2025-03-29T15:44:17.126+0000] {manager.py:488} INFO - Process each file at most once every 30 seconds
[2025-03-29T15:44:17.128+0000] {manager.py:489} INFO - Checking for new files in /opt/airflow/dags every 300 seconds
[2025-03-29T15:44:17.129+0000] {manager.py:758} INFO - Searching for files in /opt/airflow/dags
[2025-03-29T15:44:17.137+0000] {manager.py:761} INFO - There are 1 files in /opt/airflow/dags
[2025-03-29T15:44:17.491+0000] {manager.py:889} INFO - 
================================================================================
DAG File Processing Stats

File Path                        PID  Runtime      # DAGs    # Errors  Last Runtime    Last Run
-----------------------------  -----  ---------  --------  ----------  --------------  ----------
/opt/airflow/dags/pipeline.py    158  0.20s             0           0
================================================================================
[2025-03-29T15:44:47.860+0000] {manager.py:889} INFO - 
================================================================================
DAG File Processing Stats

File Path                        PID  Runtime      # DAGs    # Errors  Last Runtime    Last Run
-----------------------------  -----  ---------  --------  ----------  --------------  -------------------
/opt/airflow/dags/pipeline.py    169  0.08s             1           0  0.42s           2025-03-29T15:44:17
================================================================================
[2025-03-29T15:45:18.280+0000] {manager.py:889} INFO - 
================================================================================
DAG File Processing Stats

File Path                      PID    Runtime      # DAGs    # Errors  Last Runtime    Last Run
-----------------------------  -----  ---------  --------  ----------  --------------  -------------------
/opt/airflow/dags/pipeline.py                           1           0  1.13s           2025-03-29T15:44:48
================================================================================
[2025-03-29T15:45:48.630+0000] {manager.py:889} INFO - 
================================================================================
DAG File Processing Stats

File Path                      PID    Runtime      # DAGs    # Errors  Last Runtime    Last Run
-----------------------------  -----  ---------  --------  ----------  --------------  -------------------
/opt/airflow/dags/pipeline.py                           1           0  0.96s           2025-03-29T15:45:20
================================================================================
[2025-03-29T15:46:18.829+0000] {manager.py:889} INFO - 
================================================================================
DAG File Processing Stats

File Path                      PID    Runtime      # DAGs    # Errors  Last Runtime    Last Run
-----------------------------  -----  ---------  --------  ----------  --------------  -------------------
/opt/airflow/dags/pipeline.py                           1           0  0.79s           2025-03-29T15:45:51
================================================================================
[2025-03-29T15:46:49.413+0000] {manager.py:889} INFO - 
================================================================================
DAG File Processing Stats

File Path                      PID    Runtime      # DAGs    # Errors  Last Runtime    Last Run
-----------------------------  -----  ---------  --------  ----------  --------------  -------------------
/opt/airflow/dags/pipeline.py                           1           0  0.69s           2025-03-29T15:46:22
================================================================================
[2025-03-29T15:47:20.046+0000] {manager.py:889} INFO - 
================================================================================
DAG File Processing Stats

File Path                      PID    Runtime      # DAGs    # Errors  Last Runtime    Last Run
-----------------------------  -----  ---------  --------  ----------  --------------  -------------------
/opt/airflow/dags/pipeline.py                           1           0  0.27s           2025-03-29T15:46:53
================================================================================
[2025-03-29T15:47:50.528+0000] {manager.py:889} INFO - 
================================================================================
DAG File Processing Stats

File Path                      PID    Runtime      # DAGs    # Errors  Last Runtime    Last Run
-----------------------------  -----  ---------  --------  ----------  --------------  -------------------
/opt/airflow/dags/pipeline.py                           1           0  0.29s           2025-03-29T15:47:23
================================================================================
[2025-03-29T15:48:20.791+0000] {manager.py:889} INFO - 
================================================================================
DAG File Processing Stats

File Path                      PID    Runtime      # DAGs    # Errors  Last Runtime    Last Run
-----------------------------  -----  ---------  --------  ----------  --------------  -------------------
/opt/airflow/dags/pipeline.py                           1           0  0.25s           2025-03-29T15:47:53
================================================================================
[2025-03-29T15:48:51.190+0000] {manager.py:889} INFO - 
================================================================================
DAG File Processing Stats

File Path                      PID    Runtime      # DAGs    # Errors  Last Runtime    Last Run
-----------------------------  -----  ---------  --------  ----------  --------------  -------------------
/opt/airflow/dags/pipeline.py                           1           0  0.26s           2025-03-29T15:48:24
================================================================================
[2025-03-29T15:49:17.626+0000] {manager.py:758} INFO - Searching for files in /opt/airflow/dags
[2025-03-29T15:49:17.652+0000] {manager.py:761} INFO - There are 1 files in /opt/airflow/dags
[2025-03-29T15:49:21.716+0000] {manager.py:889} INFO - 
================================================================================
DAG File Processing Stats

File Path                      PID    Runtime      # DAGs    # Errors  Last Runtime    Last Run
-----------------------------  -----  ---------  --------  ----------  --------------  -------------------
/opt/airflow/dags/pipeline.py                           1           0  0.16s           2025-03-29T15:48:54
================================================================================
[2025-03-29T15:50:10.686+0000] {manager.py:487} INFO - Processing files using up to 2 processes at a time 
[2025-03-29T15:50:10.688+0000] {manager.py:488} INFO - Process each file at most once every 30 seconds
[2025-03-29T15:50:10.689+0000] {manager.py:489} INFO - Checking for new files in /opt/airflow/dags every 300 seconds
[2025-03-29T15:50:10.689+0000] {manager.py:758} INFO - Searching for files in /opt/airflow/dags
[2025-03-29T15:50:10.697+0000] {manager.py:761} INFO - There are 1 files in /opt/airflow/dags
[2025-03-29T15:50:11.084+0000] {manager.py:889} INFO - 
================================================================================
DAG File Processing Stats

File Path                        PID  Runtime      # DAGs    # Errors  Last Runtime    Last Run
-----------------------------  -----  ---------  --------  ----------  --------------  ----------
/opt/airflow/dags/pipeline.py    159  0.22s             0           0
================================================================================
[2025-03-29T15:50:41.671+0000] {manager.py:889} INFO - 
================================================================================
DAG File Processing Stats

File Path                        PID  Runtime      # DAGs    # Errors  Last Runtime    Last Run
-----------------------------  -----  ---------  --------  ----------  --------------  -------------------
/opt/airflow/dags/pipeline.py    173  0.02s             1           0  0.37s           2025-03-29T15:50:11
================================================================================
[2025-03-29T15:51:11.890+0000] {manager.py:889} INFO - 
================================================================================
DAG File Processing Stats

File Path                      PID    Runtime      # DAGs    # Errors  Last Runtime    Last Run
-----------------------------  -----  ---------  --------  ----------  --------------  -------------------
/opt/airflow/dags/pipeline.py                           1           0  0.87s           2025-03-29T15:50:42
================================================================================
[2025-03-29T15:51:42.317+0000] {manager.py:889} INFO - 
================================================================================
DAG File Processing Stats

File Path                      PID    Runtime      # DAGs    # Errors  Last Runtime    Last Run
-----------------------------  -----  ---------  --------  ----------  --------------  -------------------
/opt/airflow/dags/pipeline.py                           1           0  0.19s           2025-03-29T15:51:13
================================================================================
[2025-03-29T15:52:12.350+0000] {manager.py:889} INFO - 
================================================================================
DAG File Processing Stats

File Path                      PID    Runtime      # DAGs    # Errors  Last Runtime    Last Run
-----------------------------  -----  ---------  --------  ----------  --------------  -------------------
/opt/airflow/dags/pipeline.py                           1           0  0.77s           2025-03-29T15:51:44
================================================================================
[2025-03-29T15:52:42.687+0000] {manager.py:889} INFO - 
================================================================================
DAG File Processing Stats

File Path                      PID    Runtime      # DAGs    # Errors  Last Runtime    Last Run
-----------------------------  -----  ---------  --------  ----------  --------------  -------------------
/opt/airflow/dags/pipeline.py                           1           0  0.31s           2025-03-29T15:52:14
================================================================================
[2025-03-29T15:53:13.159+0000] {manager.py:889} INFO - 
================================================================================
DAG File Processing Stats

File Path                      PID    Runtime      # DAGs    # Errors  Last Runtime    Last Run
-----------------------------  -----  ---------  --------  ----------  --------------  -------------------
/opt/airflow/dags/pipeline.py                           1           0  0.25s           2025-03-29T15:52:44
================================================================================
[2025-03-29T15:53:43.469+0000] {manager.py:889} INFO - 
================================================================================
DAG File Processing Stats

File Path                      PID    Runtime      # DAGs    # Errors  Last Runtime    Last Run
-----------------------------  -----  ---------  --------  ----------  --------------  -------------------
/opt/airflow/dags/pipeline.py                           1           0  0.31s           2025-03-29T15:53:15
================================================================================
[2025-03-29T15:54:14.018+0000] {manager.py:889} INFO - 
================================================================================
DAG File Processing Stats

File Path                      PID    Runtime      # DAGs    # Errors  Last Runtime    Last Run
-----------------------------  -----  ---------  --------  ----------  --------------  -------------------
/opt/airflow/dags/pipeline.py                           1           0  0.35s           2025-03-29T15:53:46
================================================================================
[2025-03-29T15:54:44.564+0000] {manager.py:889} INFO - 
================================================================================
DAG File Processing Stats

File Path                      PID    Runtime      # DAGs    # Errors  Last Runtime    Last Run
-----------------------------  -----  ---------  --------  ----------  --------------  -------------------
/opt/airflow/dags/pipeline.py                           1           0  0.45s           2025-03-29T15:54:16
================================================================================
[2025-03-29T15:55:11.264+0000] {manager.py:758} INFO - Searching for files in /opt/airflow/dags
[2025-03-29T15:55:11.317+0000] {manager.py:761} INFO - There are 1 files in /opt/airflow/dags
[2025-03-29T15:55:15.486+0000] {manager.py:889} INFO - 
================================================================================
DAG File Processing Stats

File Path                      PID    Runtime      # DAGs    # Errors  Last Runtime    Last Run
-----------------------------  -----  ---------  --------  ----------  --------------  -------------------
/opt/airflow/dags/pipeline.py                           1           0  0.29s           2025-03-29T15:54:47
================================================================================
[2025-03-29T15:55:45.809+0000] {manager.py:889} INFO - 
================================================================================
DAG File Processing Stats

File Path                      PID    Runtime      # DAGs    # Errors  Last Runtime    Last Run
-----------------------------  -----  ---------  --------  ----------  --------------  -------------------
/opt/airflow/dags/pipeline.py                           1           0  0.64s           2025-03-29T15:55:18
================================================================================
[2025-03-29T15:56:15.983+0000] {manager.py:889} INFO - 
================================================================================
DAG File Processing Stats

File Path                      PID    Runtime      # DAGs    # Errors  Last Runtime    Last Run
-----------------------------  -----  ---------  --------  ----------  --------------  -------------------
/opt/airflow/dags/pipeline.py                           1           0  0.40s           2025-03-29T15:55:48
================================================================================
[2025-03-29T15:56:46.278+0000] {manager.py:889} INFO - 
================================================================================
DAG File Processing Stats

File Path                      PID    Runtime      # DAGs    # Errors  Last Runtime    Last Run
-----------------------------  -----  ---------  --------  ----------  --------------  -------------------
/opt/airflow/dags/pipeline.py                           0           1  0.17s           2025-03-29T15:56:23
================================================================================
[2025-03-29T15:57:49.139+0000] {manager.py:487} INFO - Processing files using up to 2 processes at a time 
[2025-03-29T15:57:49.147+0000] {manager.py:488} INFO - Process each file at most once every 30 seconds
[2025-03-29T15:57:49.148+0000] {manager.py:489} INFO - Checking for new files in /opt/airflow/dags every 300 seconds
[2025-03-29T15:57:49.150+0000] {manager.py:758} INFO - Searching for files in /opt/airflow/dags
[2025-03-29T15:57:49.172+0000] {manager.py:761} INFO - There are 1 files in /opt/airflow/dags
[2025-03-29T15:57:49.634+0000] {manager.py:889} INFO - 
================================================================================
DAG File Processing Stats

File Path                        PID  Runtime      # DAGs    # Errors  Last Runtime    Last Run
-----------------------------  -----  ---------  --------  ----------  --------------  ----------
/opt/airflow/dags/pipeline.py    158  0.22s             0           0
================================================================================
[2025-03-29T15:58:19.797+0000] {manager.py:889} INFO - 
================================================================================
DAG File Processing Stats

File Path                      PID    Runtime      # DAGs    # Errors  Last Runtime    Last Run
-----------------------------  -----  ---------  --------  ----------  --------------  -------------------
/opt/airflow/dags/pipeline.py                           1           0  0.55s           2025-03-29T15:57:49
================================================================================
[2025-03-29T15:58:49.952+0000] {manager.py:889} INFO - 
================================================================================
DAG File Processing Stats

File Path                      PID    Runtime      # DAGs    # Errors  Last Runtime    Last Run
-----------------------------  -----  ---------  --------  ----------  --------------  -------------------
/opt/airflow/dags/pipeline.py                           1           0  0.57s           2025-03-29T15:58:20
================================================================================
[2025-03-29T15:59:20.741+0000] {manager.py:889} INFO - 
================================================================================
DAG File Processing Stats

File Path                      PID    Runtime      # DAGs    # Errors  Last Runtime    Last Run
-----------------------------  -----  ---------  --------  ----------  --------------  -------------------
/opt/airflow/dags/pipeline.py                           1           0  0.48s           2025-03-29T15:58:51
================================================================================
[2025-03-29T16:00:07.685+0000] {manager.py:487} INFO - Processing files using up to 2 processes at a time 
[2025-03-29T16:00:07.689+0000] {manager.py:488} INFO - Process each file at most once every 30 seconds
[2025-03-29T16:00:07.691+0000] {manager.py:489} INFO - Checking for new files in /opt/airflow/dags every 300 seconds
[2025-03-29T16:00:07.693+0000] {manager.py:758} INFO - Searching for files in /opt/airflow/dags
[2025-03-29T16:00:07.725+0000] {manager.py:761} INFO - There are 1 files in /opt/airflow/dags
[2025-03-29T16:00:08.241+0000] {manager.py:889} INFO - 
================================================================================
DAG File Processing Stats

File Path                        PID  Runtime      # DAGs    # Errors  Last Runtime    Last Run
-----------------------------  -----  ---------  --------  ----------  --------------  ----------
/opt/airflow/dags/pipeline.py    158  0.29s             0           0
================================================================================
[2025-03-29T16:00:39.039+0000] {manager.py:889} INFO - 
================================================================================
DAG File Processing Stats

File Path                        PID  Runtime      # DAGs    # Errors  Last Runtime    Last Run
-----------------------------  -----  ---------  --------  ----------  --------------  -------------------
/opt/airflow/dags/pipeline.py    169  0.03s             1           0  0.56s           2025-03-29T16:00:08
================================================================================
[2025-03-29T16:01:09.926+0000] {manager.py:889} INFO - 
================================================================================
DAG File Processing Stats

File Path                        PID  Runtime      # DAGs    # Errors  Last Runtime    Last Run
-----------------------------  -----  ---------  --------  ----------  --------------  -------------------
/opt/airflow/dags/pipeline.py    179  0.02s             1           0  0.64s           2025-03-29T16:00:39
================================================================================
[2025-03-29T16:01:40.654+0000] {manager.py:889} INFO - 
================================================================================
DAG File Processing Stats

File Path                      PID    Runtime      # DAGs    # Errors  Last Runtime    Last Run
-----------------------------  -----  ---------  --------  ----------  --------------  -------------------
/opt/airflow/dags/pipeline.py                           1           0  1.98s           2025-03-29T16:01:11
================================================================================
[2025-03-29T16:02:10.796+0000] {manager.py:889} INFO - 
================================================================================
DAG File Processing Stats

File Path                      PID    Runtime      # DAGs    # Errors  Last Runtime    Last Run
-----------------------------  -----  ---------  --------  ----------  --------------  -------------------
/opt/airflow/dags/pipeline.py                           1           0  0.69s           2025-03-29T16:01:43
================================================================================
[2025-03-29T16:02:41.323+0000] {manager.py:889} INFO - 
================================================================================
DAG File Processing Stats

File Path                      PID    Runtime      # DAGs    # Errors  Last Runtime    Last Run
-----------------------------  -----  ---------  --------  ----------  --------------  -------------------
/opt/airflow/dags/pipeline.py                           1           0  0.34s           2025-03-29T16:02:14
================================================================================
[2025-03-29T16:03:11.778+0000] {manager.py:889} INFO - 
================================================================================
DAG File Processing Stats

File Path                      PID    Runtime      # DAGs    # Errors  Last Runtime    Last Run
-----------------------------  -----  ---------  --------  ----------  --------------  -------------------
/opt/airflow/dags/pipeline.py                           1           0  0.22s           2025-03-29T16:02:44
================================================================================
[2025-03-29T16:03:42.240+0000] {manager.py:889} INFO - 
================================================================================
DAG File Processing Stats

File Path                      PID    Runtime      # DAGs    # Errors  Last Runtime    Last Run
-----------------------------  -----  ---------  --------  ----------  --------------  -------------------
/opt/airflow/dags/pipeline.py                           1           0  0.24s           2025-03-29T16:03:15
================================================================================
[2025-03-29T16:04:12.568+0000] {manager.py:889} INFO - 
================================================================================
DAG File Processing Stats

File Path                      PID    Runtime      # DAGs    # Errors  Last Runtime    Last Run
-----------------------------  -----  ---------  --------  ----------  --------------  -------------------
/opt/airflow/dags/pipeline.py                           1           0  0.16s           2025-03-29T16:03:45
================================================================================
[2025-03-29T16:04:42.856+0000] {manager.py:889} INFO - 
================================================================================
DAG File Processing Stats

File Path                      PID    Runtime      # DAGs    # Errors  Last Runtime    Last Run
-----------------------------  -----  ---------  --------  ----------  --------------  -------------------
/opt/airflow/dags/pipeline.py                           1           0  0.20s           2025-03-29T16:04:15
================================================================================
[2025-03-29T16:05:08.301+0000] {manager.py:758} INFO - Searching for files in /opt/airflow/dags
[2025-03-29T16:05:08.334+0000] {manager.py:761} INFO - There are 1 files in /opt/airflow/dags
[2025-03-29T16:05:13.452+0000] {manager.py:889} INFO - 
================================================================================
DAG File Processing Stats

File Path                      PID    Runtime      # DAGs    # Errors  Last Runtime    Last Run
-----------------------------  -----  ---------  --------  ----------  --------------  -------------------
/opt/airflow/dags/pipeline.py                           1           0  0.34s           2025-03-29T16:04:46
================================================================================
[2025-03-29T16:05:43.774+0000] {manager.py:889} INFO - 
================================================================================
DAG File Processing Stats

File Path                      PID    Runtime      # DAGs    # Errors  Last Runtime    Last Run
-----------------------------  -----  ---------  --------  ----------  --------------  -------------------
/opt/airflow/dags/pipeline.py                           1           0  0.25s           2025-03-29T16:05:16
================================================================================
[2025-03-29T16:06:14.318+0000] {manager.py:889} INFO - 
================================================================================
DAG File Processing Stats

File Path                      PID    Runtime      # DAGs    # Errors  Last Runtime    Last Run
-----------------------------  -----  ---------  --------  ----------  --------------  -------------------
/opt/airflow/dags/pipeline.py                           1           0  0.34s           2025-03-29T16:05:47
================================================================================
[2025-03-29T16:06:44.589+0000] {manager.py:889} INFO - 
================================================================================
DAG File Processing Stats

File Path                      PID    Runtime      # DAGs    # Errors  Last Runtime    Last Run
-----------------------------  -----  ---------  --------  ----------  --------------  -------------------
/opt/airflow/dags/pipeline.py                           1           0  0.22s           2025-03-29T16:06:17
================================================================================
[2025-03-29T16:07:15.045+0000] {manager.py:889} INFO - 
================================================================================
DAG File Processing Stats

File Path                      PID    Runtime      # DAGs    # Errors  Last Runtime    Last Run
-----------------------------  -----  ---------  --------  ----------  --------------  -------------------
/opt/airflow/dags/pipeline.py                           1           0  0.30s           2025-03-29T16:06:47
================================================================================
[2025-03-29T16:07:45.320+0000] {manager.py:889} INFO - 
================================================================================
DAG File Processing Stats

File Path                      PID    Runtime      # DAGs    # Errors  Last Runtime    Last Run
-----------------------------  -----  ---------  --------  ----------  --------------  -------------------
/opt/airflow/dags/pipeline.py                           1           0  0.17s           2025-03-29T16:07:18
================================================================================
[2025-03-29T16:08:15.626+0000] {manager.py:889} INFO - 
================================================================================
DAG File Processing Stats

File Path                      PID    Runtime      # DAGs    # Errors  Last Runtime    Last Run
-----------------------------  -----  ---------  --------  ----------  --------------  -------------------
/opt/airflow/dags/pipeline.py                           1           0  0.34s           2025-03-29T16:07:48
================================================================================
[2025-03-29T16:09:14.582+0000] {manager.py:487} INFO - Processing files using up to 2 processes at a time 
[2025-03-29T16:09:14.587+0000] {manager.py:488} INFO - Process each file at most once every 30 seconds
[2025-03-29T16:09:14.588+0000] {manager.py:489} INFO - Checking for new files in /opt/airflow/dags every 300 seconds
[2025-03-29T16:09:14.589+0000] {manager.py:758} INFO - Searching for files in /opt/airflow/dags
[2025-03-29T16:09:14.599+0000] {manager.py:761} INFO - There are 1 files in /opt/airflow/dags
[2025-03-29T16:09:14.904+0000] {manager.py:889} INFO - 
================================================================================
DAG File Processing Stats

File Path                        PID  Runtime      # DAGs    # Errors  Last Runtime    Last Run
-----------------------------  -----  ---------  --------  ----------  --------------  ----------
/opt/airflow/dags/pipeline.py    159  0.21s             0           0
================================================================================
[2025-03-29T16:09:45.238+0000] {manager.py:889} INFO - 
================================================================================
DAG File Processing Stats

File Path                        PID  Runtime      # DAGs    # Errors  Last Runtime    Last Run
-----------------------------  -----  ---------  --------  ----------  --------------  -------------------
/opt/airflow/dags/pipeline.py    173  0.02s             1           0  0.42s           2025-03-29T16:09:15
================================================================================
[2025-03-29T16:10:15.519+0000] {manager.py:889} INFO - 
================================================================================
DAG File Processing Stats

File Path                      PID    Runtime      # DAGs    # Errors  Last Runtime    Last Run
-----------------------------  -----  ---------  --------  ----------  --------------  -------------------
/opt/airflow/dags/pipeline.py                           1           0  0.48s           2025-03-29T16:09:45
================================================================================
[2025-03-29T16:10:45.822+0000] {manager.py:889} INFO - 
================================================================================
DAG File Processing Stats

File Path                      PID    Runtime      # DAGs    # Errors  Last Runtime    Last Run
-----------------------------  -----  ---------  --------  ----------  --------------  -------------------
/opt/airflow/dags/pipeline.py                           1           0  1.03s           2025-03-29T16:10:16
================================================================================
[2025-03-29T16:11:36.914+0000] {manager.py:487} INFO - Processing files using up to 2 processes at a time 
[2025-03-29T16:11:36.918+0000] {manager.py:488} INFO - Process each file at most once every 30 seconds
[2025-03-29T16:11:36.920+0000] {manager.py:489} INFO - Checking for new files in /opt/airflow/dags every 300 seconds
[2025-03-29T16:11:36.922+0000] {manager.py:758} INFO - Searching for files in /opt/airflow/dags
[2025-03-29T16:11:36.942+0000] {manager.py:761} INFO - There are 1 files in /opt/airflow/dags
[2025-03-29T16:11:37.507+0000] {manager.py:889} INFO - 
================================================================================
DAG File Processing Stats

File Path                        PID  Runtime      # DAGs    # Errors  Last Runtime    Last Run
-----------------------------  -----  ---------  --------  ----------  --------------  ----------
/opt/airflow/dags/pipeline.py    159  0.24s             0           0
================================================================================
[2025-03-29T16:12:07.666+0000] {manager.py:889} INFO - 
================================================================================
DAG File Processing Stats

File Path                      PID    Runtime      # DAGs    # Errors  Last Runtime    Last Run
-----------------------------  -----  ---------  --------  ----------  --------------  -------------------
/opt/airflow/dags/pipeline.py                           1           0  0.48s           2025-03-29T16:11:37
================================================================================
[2025-03-29T16:12:38.128+0000] {manager.py:889} INFO - 
================================================================================
DAG File Processing Stats

File Path                      PID    Runtime      # DAGs    # Errors  Last Runtime    Last Run
-----------------------------  -----  ---------  --------  ----------  --------------  -------------------
/opt/airflow/dags/pipeline.py                           1           0  0.32s           2025-03-29T16:12:08
================================================================================
[2025-03-29T16:13:08.410+0000] {manager.py:889} INFO - 
================================================================================
DAG File Processing Stats

File Path                      PID    Runtime      # DAGs    # Errors  Last Runtime    Last Run
-----------------------------  -----  ---------  --------  ----------  --------------  -------------------
/opt/airflow/dags/pipeline.py                           1           0  0.67s           2025-03-29T16:12:39
================================================================================
[2025-03-29T16:13:39.082+0000] {manager.py:889} INFO - 
================================================================================
DAG File Processing Stats

File Path                      PID    Runtime      # DAGs    # Errors  Last Runtime    Last Run
-----------------------------  -----  ---------  --------  ----------  --------------  -------------------
/opt/airflow/dags/pipeline.py                           1           0  0.36s           2025-03-29T16:13:09
================================================================================
[2025-03-29T16:14:09.382+0000] {manager.py:889} INFO - 
================================================================================
DAG File Processing Stats

File Path                      PID    Runtime      # DAGs    # Errors  Last Runtime    Last Run
-----------------------------  -----  ---------  --------  ----------  --------------  -------------------
/opt/airflow/dags/pipeline.py                           1           0  0.19s           2025-03-29T16:13:40
================================================================================
[2025-03-29T16:14:39.802+0000] {manager.py:889} INFO - 
================================================================================
DAG File Processing Stats

File Path                      PID    Runtime      # DAGs    # Errors  Last Runtime    Last Run
-----------------------------  -----  ---------  --------  ----------  --------------  -------------------
/opt/airflow/dags/pipeline.py                           1           0  0.29s           2025-03-29T16:14:10
================================================================================
[2025-03-29T16:15:10.117+0000] {manager.py:889} INFO - 
================================================================================
DAG File Processing Stats

File Path                      PID    Runtime      # DAGs    # Errors  Last Runtime    Last Run
-----------------------------  -----  ---------  --------  ----------  --------------  -------------------
/opt/airflow/dags/pipeline.py                           1           0  1.04s           2025-03-29T16:14:41
================================================================================
[2025-03-29T16:15:40.573+0000] {manager.py:889} INFO - 
================================================================================
DAG File Processing Stats

File Path                      PID    Runtime      # DAGs    # Errors  Last Runtime    Last Run
-----------------------------  -----  ---------  --------  ----------  --------------  -------------------
/opt/airflow/dags/pipeline.py                           1           0  1.30s           2025-03-29T16:15:29
================================================================================
[2025-03-29T16:16:11.016+0000] {manager.py:889} INFO - 
================================================================================
DAG File Processing Stats

File Path                      PID    Runtime      # DAGs    # Errors  Last Runtime    Last Run
-----------------------------  -----  ---------  --------  ----------  --------------  -------------------
/opt/airflow/dags/pipeline.py                           1           0  0.20s           2025-03-29T16:15:59
================================================================================
[2025-03-29T16:16:37.887+0000] {manager.py:758} INFO - Searching for files in /opt/airflow/dags
[2025-03-29T16:16:37.956+0000] {manager.py:761} INFO - There are 1 files in /opt/airflow/dags
[2025-03-29T16:16:41.111+0000] {manager.py:889} INFO - 
================================================================================
DAG File Processing Stats

File Path                      PID    Runtime      # DAGs    # Errors  Last Runtime    Last Run
-----------------------------  -----  ---------  --------  ----------  --------------  -------------------
/opt/airflow/dags/pipeline.py                           1           0  2.13s           2025-03-29T16:16:32
================================================================================
[2025-03-29T16:17:11.714+0000] {manager.py:889} INFO - 
================================================================================
DAG File Processing Stats

File Path                      PID    Runtime      # DAGs    # Errors  Last Runtime    Last Run
-----------------------------  -----  ---------  --------  ----------  --------------  -------------------
/opt/airflow/dags/pipeline.py                           1           0  0.92s           2025-03-29T16:17:04
================================================================================
[2025-03-29T16:17:41.987+0000] {manager.py:889} INFO - 
================================================================================
DAG File Processing Stats

File Path                      PID    Runtime      # DAGs    # Errors  Last Runtime    Last Run
-----------------------------  -----  ---------  --------  ----------  --------------  -------------------
/opt/airflow/dags/pipeline.py                           1           0  0.25s           2025-03-29T16:17:35
================================================================================
[2025-03-29T16:18:12.471+0000] {manager.py:889} INFO - 
================================================================================
DAG File Processing Stats

File Path                      PID    Runtime      # DAGs    # Errors  Last Runtime    Last Run
-----------------------------  -----  ---------  --------  ----------  --------------  -------------------
/opt/airflow/dags/pipeline.py                           1           0  0.17s           2025-03-29T16:18:05
================================================================================
[2025-03-29T16:18:42.823+0000] {manager.py:889} INFO - 
================================================================================
DAG File Processing Stats

File Path                      PID    Runtime      # DAGs    # Errors  Last Runtime    Last Run
-----------------------------  -----  ---------  --------  ----------  --------------  -------------------
/opt/airflow/dags/pipeline.py                           1           0  0.17s           2025-03-29T16:18:35
================================================================================
