[2025-03-29T00:00:15.168+0000] {processor.py:157} INFO - Started process (PID=893) to work on /opt/airflow/dags/pipeline.py
[2025-03-29T00:00:15.170+0000] {processor.py:826} INFO - Processing file /opt/airflow/dags/pipeline.py for tasks to queue
[2025-03-29T00:00:15.172+0000] {logging_mixin.py:150} INFO - [2025-03-29T00:00:15.171+0000] {dagbag.py:541} INFO - Filling up the DagBag from /opt/airflow/dags/pipeline.py
[2025-03-29T00:00:15.234+0000] {processor.py:836} INFO - DAG(s) dict_keys(['pipeline']) retrieved from /opt/airflow/dags/pipeline.py
[2025-03-29T00:00:15.372+0000] {logging_mixin.py:150} INFO - [2025-03-29T00:00:15.369+0000] {dag.py:2742} INFO - Sync 1 DAGs
[2025-03-29T00:00:15.460+0000] {logging_mixin.py:150} INFO - [2025-03-29T00:00:15.460+0000] {dag.py:3504} INFO - Setting next_dagrun for pipeline to 2025-03-29T00:00:00+00:00, run_after=2025-03-30T00:00:00+00:00
[2025-03-29T00:00:15.486+0000] {processor.py:179} INFO - Processing /opt/airflow/dags/pipeline.py took 0.324 seconds
[2025-03-29T00:00:49.839+0000] {processor.py:157} INFO - Started process (PID=902) to work on /opt/airflow/dags/pipeline.py
[2025-03-29T00:00:49.841+0000] {processor.py:826} INFO - Processing file /opt/airflow/dags/pipeline.py for tasks to queue
[2025-03-29T00:00:49.843+0000] {logging_mixin.py:150} INFO - [2025-03-29T00:00:49.842+0000] {dagbag.py:541} INFO - Filling up the DagBag from /opt/airflow/dags/pipeline.py
[2025-03-29T00:00:49.860+0000] {processor.py:836} INFO - DAG(s) dict_keys(['pipeline']) retrieved from /opt/airflow/dags/pipeline.py
[2025-03-29T00:00:49.967+0000] {logging_mixin.py:150} INFO - [2025-03-29T00:00:49.967+0000] {dag.py:2742} INFO - Sync 1 DAGs
[2025-03-29T00:00:50.026+0000] {logging_mixin.py:150} INFO - [2025-03-29T00:00:50.026+0000] {dag.py:3504} INFO - Setting next_dagrun for pipeline to 2025-03-29T00:00:00+00:00, run_after=2025-03-30T00:00:00+00:00
[2025-03-29T00:00:50.060+0000] {processor.py:179} INFO - Processing /opt/airflow/dags/pipeline.py took 0.229 seconds
[2025-03-29T00:16:42.435+0000] {processor.py:157} INFO - Started process (PID=908) to work on /opt/airflow/dags/pipeline.py
[2025-03-29T00:16:42.438+0000] {processor.py:826} INFO - Processing file /opt/airflow/dags/pipeline.py for tasks to queue
[2025-03-29T00:16:42.446+0000] {logging_mixin.py:150} INFO - [2025-03-29T00:16:42.445+0000] {dagbag.py:541} INFO - Filling up the DagBag from /opt/airflow/dags/pipeline.py
[2025-03-29T00:16:42.470+0000] {processor.py:836} INFO - DAG(s) dict_keys(['pipeline']) retrieved from /opt/airflow/dags/pipeline.py
[2025-03-29T00:16:42.686+0000] {logging_mixin.py:150} INFO - [2025-03-29T00:16:42.686+0000] {dag.py:2742} INFO - Sync 1 DAGs
[2025-03-29T00:16:42.731+0000] {logging_mixin.py:150} INFO - [2025-03-29T00:16:42.731+0000] {dag.py:3504} INFO - Setting next_dagrun for pipeline to 2025-03-29T00:00:00+00:00, run_after=2025-03-30T00:00:00+00:00
[2025-03-29T00:16:42.757+0000] {processor.py:179} INFO - Processing /opt/airflow/dags/pipeline.py took 0.328 seconds
[2025-03-29T00:17:17.285+0000] {processor.py:157} INFO - Started process (PID=919) to work on /opt/airflow/dags/pipeline.py
[2025-03-29T00:17:17.288+0000] {processor.py:826} INFO - Processing file /opt/airflow/dags/pipeline.py for tasks to queue
[2025-03-29T00:17:17.296+0000] {logging_mixin.py:150} INFO - [2025-03-29T00:17:17.296+0000] {dagbag.py:541} INFO - Filling up the DagBag from /opt/airflow/dags/pipeline.py
[2025-03-29T00:17:17.335+0000] {processor.py:836} INFO - DAG(s) dict_keys(['pipeline']) retrieved from /opt/airflow/dags/pipeline.py
[2025-03-29T00:17:17.412+0000] {logging_mixin.py:150} INFO - [2025-03-29T00:17:17.411+0000] {dag.py:2742} INFO - Sync 1 DAGs
[2025-03-29T00:17:17.459+0000] {logging_mixin.py:150} INFO - [2025-03-29T00:17:17.459+0000] {dag.py:3504} INFO - Setting next_dagrun for pipeline to 2025-03-29T00:00:00+00:00, run_after=2025-03-30T00:00:00+00:00
[2025-03-29T00:17:17.517+0000] {processor.py:179} INFO - Processing /opt/airflow/dags/pipeline.py took 0.240 seconds
[2025-03-29T00:17:52.288+0000] {processor.py:157} INFO - Started process (PID=925) to work on /opt/airflow/dags/pipeline.py
[2025-03-29T00:17:52.337+0000] {processor.py:826} INFO - Processing file /opt/airflow/dags/pipeline.py for tasks to queue
[2025-03-29T00:17:52.344+0000] {logging_mixin.py:150} INFO - [2025-03-29T00:17:52.344+0000] {dagbag.py:541} INFO - Filling up the DagBag from /opt/airflow/dags/pipeline.py
[2025-03-29T00:17:52.385+0000] {processor.py:836} INFO - DAG(s) dict_keys(['pipeline']) retrieved from /opt/airflow/dags/pipeline.py
[2025-03-29T00:17:52.514+0000] {logging_mixin.py:150} INFO - [2025-03-29T00:17:52.514+0000] {dag.py:2742} INFO - Sync 1 DAGs
[2025-03-29T00:17:52.567+0000] {logging_mixin.py:150} INFO - [2025-03-29T00:17:52.566+0000] {dag.py:3504} INFO - Setting next_dagrun for pipeline to 2025-03-29T00:00:00+00:00, run_after=2025-03-30T00:00:00+00:00
[2025-03-29T00:17:52.600+0000] {processor.py:179} INFO - Processing /opt/airflow/dags/pipeline.py took 0.415 seconds
[2025-03-29T00:18:26.980+0000] {processor.py:157} INFO - Started process (PID=930) to work on /opt/airflow/dags/pipeline.py
[2025-03-29T00:18:27.011+0000] {processor.py:826} INFO - Processing file /opt/airflow/dags/pipeline.py for tasks to queue
[2025-03-29T00:18:27.036+0000] {logging_mixin.py:150} INFO - [2025-03-29T00:18:27.035+0000] {dagbag.py:541} INFO - Filling up the DagBag from /opt/airflow/dags/pipeline.py
[2025-03-29T00:18:27.073+0000] {processor.py:836} INFO - DAG(s) dict_keys(['pipeline']) retrieved from /opt/airflow/dags/pipeline.py
[2025-03-29T00:18:27.153+0000] {logging_mixin.py:150} INFO - [2025-03-29T00:18:27.153+0000] {dag.py:2742} INFO - Sync 1 DAGs
[2025-03-29T00:18:27.199+0000] {logging_mixin.py:150} INFO - [2025-03-29T00:18:27.199+0000] {dag.py:3504} INFO - Setting next_dagrun for pipeline to 2025-03-29T00:00:00+00:00, run_after=2025-03-30T00:00:00+00:00
[2025-03-29T00:18:27.237+0000] {processor.py:179} INFO - Processing /opt/airflow/dags/pipeline.py took 0.263 seconds
[2025-03-29T00:34:17.470+0000] {processor.py:157} INFO - Started process (PID=937) to work on /opt/airflow/dags/pipeline.py
[2025-03-29T00:34:17.472+0000] {processor.py:826} INFO - Processing file /opt/airflow/dags/pipeline.py for tasks to queue
[2025-03-29T00:34:17.474+0000] {logging_mixin.py:150} INFO - [2025-03-29T00:34:17.473+0000] {dagbag.py:541} INFO - Filling up the DagBag from /opt/airflow/dags/pipeline.py
[2025-03-29T00:34:17.493+0000] {processor.py:836} INFO - DAG(s) dict_keys(['pipeline']) retrieved from /opt/airflow/dags/pipeline.py
[2025-03-29T00:34:17.556+0000] {logging_mixin.py:150} INFO - [2025-03-29T00:34:17.556+0000] {dag.py:2742} INFO - Sync 1 DAGs
[2025-03-29T00:34:17.586+0000] {logging_mixin.py:150} INFO - [2025-03-29T00:34:17.585+0000] {dag.py:3504} INFO - Setting next_dagrun for pipeline to 2025-03-29T00:00:00+00:00, run_after=2025-03-30T00:00:00+00:00
[2025-03-29T00:34:17.610+0000] {processor.py:179} INFO - Processing /opt/airflow/dags/pipeline.py took 0.147 seconds
[2025-03-29T00:34:52.042+0000] {processor.py:157} INFO - Started process (PID=943) to work on /opt/airflow/dags/pipeline.py
[2025-03-29T00:34:52.047+0000] {processor.py:826} INFO - Processing file /opt/airflow/dags/pipeline.py for tasks to queue
[2025-03-29T00:34:52.050+0000] {logging_mixin.py:150} INFO - [2025-03-29T00:34:52.049+0000] {dagbag.py:541} INFO - Filling up the DagBag from /opt/airflow/dags/pipeline.py
[2025-03-29T00:34:52.074+0000] {processor.py:836} INFO - DAG(s) dict_keys(['pipeline']) retrieved from /opt/airflow/dags/pipeline.py
[2025-03-29T00:34:52.174+0000] {logging_mixin.py:150} INFO - [2025-03-29T00:34:52.174+0000] {dag.py:2742} INFO - Sync 1 DAGs
[2025-03-29T00:34:52.228+0000] {logging_mixin.py:150} INFO - [2025-03-29T00:34:52.227+0000] {dag.py:3504} INFO - Setting next_dagrun for pipeline to 2025-03-29T00:00:00+00:00, run_after=2025-03-30T00:00:00+00:00
[2025-03-29T00:34:52.263+0000] {processor.py:179} INFO - Processing /opt/airflow/dags/pipeline.py took 0.230 seconds
[2025-03-29T00:35:26.593+0000] {processor.py:157} INFO - Started process (PID=948) to work on /opt/airflow/dags/pipeline.py
[2025-03-29T00:35:26.596+0000] {processor.py:826} INFO - Processing file /opt/airflow/dags/pipeline.py for tasks to queue
[2025-03-29T00:35:26.599+0000] {logging_mixin.py:150} INFO - [2025-03-29T00:35:26.598+0000] {dagbag.py:541} INFO - Filling up the DagBag from /opt/airflow/dags/pipeline.py
[2025-03-29T00:35:26.617+0000] {processor.py:836} INFO - DAG(s) dict_keys(['pipeline']) retrieved from /opt/airflow/dags/pipeline.py
[2025-03-29T00:35:26.703+0000] {logging_mixin.py:150} INFO - [2025-03-29T00:35:26.703+0000] {dag.py:2742} INFO - Sync 1 DAGs
[2025-03-29T00:35:26.739+0000] {logging_mixin.py:150} INFO - [2025-03-29T00:35:26.739+0000] {dag.py:3504} INFO - Setting next_dagrun for pipeline to 2025-03-29T00:00:00+00:00, run_after=2025-03-30T00:00:00+00:00
[2025-03-29T00:35:26.772+0000] {processor.py:179} INFO - Processing /opt/airflow/dags/pipeline.py took 0.189 seconds
[2025-03-29T00:36:01.694+0000] {processor.py:157} INFO - Started process (PID=954) to work on /opt/airflow/dags/pipeline.py
[2025-03-29T00:36:01.695+0000] {processor.py:826} INFO - Processing file /opt/airflow/dags/pipeline.py for tasks to queue
[2025-03-29T00:36:01.697+0000] {logging_mixin.py:150} INFO - [2025-03-29T00:36:01.697+0000] {dagbag.py:541} INFO - Filling up the DagBag from /opt/airflow/dags/pipeline.py
[2025-03-29T00:36:01.779+0000] {processor.py:836} INFO - DAG(s) dict_keys(['pipeline']) retrieved from /opt/airflow/dags/pipeline.py
[2025-03-29T00:36:01.851+0000] {logging_mixin.py:150} INFO - [2025-03-29T00:36:01.851+0000] {dag.py:2742} INFO - Sync 1 DAGs
[2025-03-29T00:36:01.897+0000] {logging_mixin.py:150} INFO - [2025-03-29T00:36:01.897+0000] {dag.py:3504} INFO - Setting next_dagrun for pipeline to 2025-03-29T00:00:00+00:00, run_after=2025-03-30T00:00:00+00:00
[2025-03-29T00:36:01.937+0000] {processor.py:179} INFO - Processing /opt/airflow/dags/pipeline.py took 0.249 seconds
[2025-03-29T00:51:57.148+0000] {processor.py:157} INFO - Started process (PID=962) to work on /opt/airflow/dags/pipeline.py
[2025-03-29T00:51:57.149+0000] {processor.py:826} INFO - Processing file /opt/airflow/dags/pipeline.py for tasks to queue
[2025-03-29T00:51:57.151+0000] {logging_mixin.py:150} INFO - [2025-03-29T00:51:57.150+0000] {dagbag.py:541} INFO - Filling up the DagBag from /opt/airflow/dags/pipeline.py
[2025-03-29T00:51:57.206+0000] {processor.py:836} INFO - DAG(s) dict_keys(['pipeline']) retrieved from /opt/airflow/dags/pipeline.py
[2025-03-29T00:51:57.297+0000] {logging_mixin.py:150} INFO - [2025-03-29T00:51:57.296+0000] {dag.py:2742} INFO - Sync 1 DAGs
[2025-03-29T00:51:57.333+0000] {logging_mixin.py:150} INFO - [2025-03-29T00:51:57.332+0000] {dag.py:3504} INFO - Setting next_dagrun for pipeline to 2025-03-29T00:00:00+00:00, run_after=2025-03-30T00:00:00+00:00
[2025-03-29T00:51:57.364+0000] {processor.py:179} INFO - Processing /opt/airflow/dags/pipeline.py took 0.221 seconds
[2025-03-29T00:52:31.888+0000] {processor.py:157} INFO - Started process (PID=968) to work on /opt/airflow/dags/pipeline.py
[2025-03-29T00:52:31.889+0000] {processor.py:826} INFO - Processing file /opt/airflow/dags/pipeline.py for tasks to queue
[2025-03-29T00:52:31.891+0000] {logging_mixin.py:150} INFO - [2025-03-29T00:52:31.891+0000] {dagbag.py:541} INFO - Filling up the DagBag from /opt/airflow/dags/pipeline.py
[2025-03-29T00:52:31.905+0000] {processor.py:836} INFO - DAG(s) dict_keys(['pipeline']) retrieved from /opt/airflow/dags/pipeline.py
[2025-03-29T00:52:32.001+0000] {logging_mixin.py:150} INFO - [2025-03-29T00:52:32.001+0000] {dag.py:2742} INFO - Sync 1 DAGs
[2025-03-29T00:52:32.076+0000] {logging_mixin.py:150} INFO - [2025-03-29T00:52:32.075+0000] {dag.py:3504} INFO - Setting next_dagrun for pipeline to 2025-03-29T00:00:00+00:00, run_after=2025-03-30T00:00:00+00:00
[2025-03-29T00:52:32.121+0000] {processor.py:179} INFO - Processing /opt/airflow/dags/pipeline.py took 0.240 seconds
[2025-03-29T00:53:06.656+0000] {processor.py:157} INFO - Started process (PID=973) to work on /opt/airflow/dags/pipeline.py
[2025-03-29T00:53:06.658+0000] {processor.py:826} INFO - Processing file /opt/airflow/dags/pipeline.py for tasks to queue
[2025-03-29T00:53:06.661+0000] {logging_mixin.py:150} INFO - [2025-03-29T00:53:06.660+0000] {dagbag.py:541} INFO - Filling up the DagBag from /opt/airflow/dags/pipeline.py
[2025-03-29T00:53:06.722+0000] {processor.py:836} INFO - DAG(s) dict_keys(['pipeline']) retrieved from /opt/airflow/dags/pipeline.py
[2025-03-29T00:53:06.787+0000] {logging_mixin.py:150} INFO - [2025-03-29T00:53:06.787+0000] {dag.py:2742} INFO - Sync 1 DAGs
[2025-03-29T00:53:06.827+0000] {logging_mixin.py:150} INFO - [2025-03-29T00:53:06.827+0000] {dag.py:3504} INFO - Setting next_dagrun for pipeline to 2025-03-29T00:00:00+00:00, run_after=2025-03-30T00:00:00+00:00
[2025-03-29T00:53:06.859+0000] {processor.py:179} INFO - Processing /opt/airflow/dags/pipeline.py took 0.212 seconds
[2025-03-29T00:53:41.217+0000] {processor.py:157} INFO - Started process (PID=978) to work on /opt/airflow/dags/pipeline.py
[2025-03-29T00:53:41.220+0000] {processor.py:826} INFO - Processing file /opt/airflow/dags/pipeline.py for tasks to queue
[2025-03-29T00:53:41.230+0000] {logging_mixin.py:150} INFO - [2025-03-29T00:53:41.227+0000] {dagbag.py:541} INFO - Filling up the DagBag from /opt/airflow/dags/pipeline.py
[2025-03-29T00:53:41.268+0000] {processor.py:836} INFO - DAG(s) dict_keys(['pipeline']) retrieved from /opt/airflow/dags/pipeline.py
[2025-03-29T00:53:41.347+0000] {logging_mixin.py:150} INFO - [2025-03-29T00:53:41.347+0000] {dag.py:2742} INFO - Sync 1 DAGs
[2025-03-29T00:53:41.408+0000] {logging_mixin.py:150} INFO - [2025-03-29T00:53:41.407+0000] {dag.py:3504} INFO - Setting next_dagrun for pipeline to 2025-03-29T00:00:00+00:00, run_after=2025-03-30T00:00:00+00:00
[2025-03-29T00:53:41.486+0000] {processor.py:179} INFO - Processing /opt/airflow/dags/pipeline.py took 0.276 seconds
[2025-03-29T01:09:32.263+0000] {processor.py:157} INFO - Started process (PID=986) to work on /opt/airflow/dags/pipeline.py
[2025-03-29T01:09:32.265+0000] {processor.py:826} INFO - Processing file /opt/airflow/dags/pipeline.py for tasks to queue
[2025-03-29T01:09:32.268+0000] {logging_mixin.py:150} INFO - [2025-03-29T01:09:32.267+0000] {dagbag.py:541} INFO - Filling up the DagBag from /opt/airflow/dags/pipeline.py
[2025-03-29T01:09:32.282+0000] {processor.py:836} INFO - DAG(s) dict_keys(['pipeline']) retrieved from /opt/airflow/dags/pipeline.py
[2025-03-29T01:09:32.354+0000] {logging_mixin.py:150} INFO - [2025-03-29T01:09:32.354+0000] {dag.py:2742} INFO - Sync 1 DAGs
[2025-03-29T01:09:32.408+0000] {logging_mixin.py:150} INFO - [2025-03-29T01:09:32.407+0000] {dag.py:3504} INFO - Setting next_dagrun for pipeline to 2025-03-29T00:00:00+00:00, run_after=2025-03-30T00:00:00+00:00
[2025-03-29T01:09:32.435+0000] {processor.py:179} INFO - Processing /opt/airflow/dags/pipeline.py took 0.179 seconds
[2025-03-29T01:10:06.810+0000] {processor.py:157} INFO - Started process (PID=994) to work on /opt/airflow/dags/pipeline.py
[2025-03-29T01:10:06.817+0000] {processor.py:826} INFO - Processing file /opt/airflow/dags/pipeline.py for tasks to queue
[2025-03-29T01:10:06.819+0000] {logging_mixin.py:150} INFO - [2025-03-29T01:10:06.818+0000] {dagbag.py:541} INFO - Filling up the DagBag from /opt/airflow/dags/pipeline.py
[2025-03-29T01:10:06.842+0000] {processor.py:836} INFO - DAG(s) dict_keys(['pipeline']) retrieved from /opt/airflow/dags/pipeline.py
[2025-03-29T01:10:06.928+0000] {logging_mixin.py:150} INFO - [2025-03-29T01:10:06.927+0000] {dag.py:2742} INFO - Sync 1 DAGs
[2025-03-29T01:10:07.000+0000] {logging_mixin.py:150} INFO - [2025-03-29T01:10:06.999+0000] {dag.py:3504} INFO - Setting next_dagrun for pipeline to 2025-03-29T00:00:00+00:00, run_after=2025-03-30T00:00:00+00:00
[2025-03-29T01:10:07.024+0000] {processor.py:179} INFO - Processing /opt/airflow/dags/pipeline.py took 0.225 seconds
[2025-03-29T01:10:41.137+0000] {processor.py:157} INFO - Started process (PID=1001) to work on /opt/airflow/dags/pipeline.py
[2025-03-29T01:10:41.139+0000] {processor.py:826} INFO - Processing file /opt/airflow/dags/pipeline.py for tasks to queue
[2025-03-29T01:10:41.142+0000] {logging_mixin.py:150} INFO - [2025-03-29T01:10:41.141+0000] {dagbag.py:541} INFO - Filling up the DagBag from /opt/airflow/dags/pipeline.py
[2025-03-29T01:10:41.164+0000] {processor.py:836} INFO - DAG(s) dict_keys(['pipeline']) retrieved from /opt/airflow/dags/pipeline.py
[2025-03-29T01:10:41.302+0000] {logging_mixin.py:150} INFO - [2025-03-29T01:10:41.302+0000] {dag.py:2742} INFO - Sync 1 DAGs
[2025-03-29T01:10:41.345+0000] {logging_mixin.py:150} INFO - [2025-03-29T01:10:41.345+0000] {dag.py:3504} INFO - Setting next_dagrun for pipeline to 2025-03-29T00:00:00+00:00, run_after=2025-03-30T00:00:00+00:00
[2025-03-29T01:10:41.376+0000] {processor.py:179} INFO - Processing /opt/airflow/dags/pipeline.py took 0.246 seconds
[2025-03-29T01:11:16.106+0000] {processor.py:157} INFO - Started process (PID=1008) to work on /opt/airflow/dags/pipeline.py
[2025-03-29T01:11:16.109+0000] {processor.py:826} INFO - Processing file /opt/airflow/dags/pipeline.py for tasks to queue
[2025-03-29T01:11:16.112+0000] {logging_mixin.py:150} INFO - [2025-03-29T01:11:16.111+0000] {dagbag.py:541} INFO - Filling up the DagBag from /opt/airflow/dags/pipeline.py
[2025-03-29T01:11:16.131+0000] {processor.py:836} INFO - DAG(s) dict_keys(['pipeline']) retrieved from /opt/airflow/dags/pipeline.py
[2025-03-29T01:11:16.253+0000] {logging_mixin.py:150} INFO - [2025-03-29T01:11:16.253+0000] {dag.py:2742} INFO - Sync 1 DAGs
[2025-03-29T01:11:16.288+0000] {logging_mixin.py:150} INFO - [2025-03-29T01:11:16.288+0000] {dag.py:3504} INFO - Setting next_dagrun for pipeline to 2025-03-29T00:00:00+00:00, run_after=2025-03-30T00:00:00+00:00
[2025-03-29T01:11:16.317+0000] {processor.py:179} INFO - Processing /opt/airflow/dags/pipeline.py took 0.218 seconds
[2025-03-29T01:27:09.211+0000] {processor.py:157} INFO - Started process (PID=1013) to work on /opt/airflow/dags/pipeline.py
[2025-03-29T01:27:09.212+0000] {processor.py:826} INFO - Processing file /opt/airflow/dags/pipeline.py for tasks to queue
[2025-03-29T01:27:09.214+0000] {logging_mixin.py:150} INFO - [2025-03-29T01:27:09.213+0000] {dagbag.py:541} INFO - Filling up the DagBag from /opt/airflow/dags/pipeline.py
[2025-03-29T01:27:09.223+0000] {processor.py:836} INFO - DAG(s) dict_keys(['pipeline']) retrieved from /opt/airflow/dags/pipeline.py
[2025-03-29T01:27:09.268+0000] {logging_mixin.py:150} INFO - [2025-03-29T01:27:09.268+0000] {dag.py:2742} INFO - Sync 1 DAGs
[2025-03-29T01:27:09.300+0000] {logging_mixin.py:150} INFO - [2025-03-29T01:27:09.300+0000] {dag.py:3504} INFO - Setting next_dagrun for pipeline to 2025-03-29T00:00:00+00:00, run_after=2025-03-30T00:00:00+00:00
[2025-03-29T01:27:09.324+0000] {processor.py:179} INFO - Processing /opt/airflow/dags/pipeline.py took 0.118 seconds
[2025-03-29T01:27:44.102+0000] {processor.py:157} INFO - Started process (PID=1019) to work on /opt/airflow/dags/pipeline.py
[2025-03-29T01:27:44.104+0000] {processor.py:826} INFO - Processing file /opt/airflow/dags/pipeline.py for tasks to queue
[2025-03-29T01:27:44.106+0000] {logging_mixin.py:150} INFO - [2025-03-29T01:27:44.105+0000] {dagbag.py:541} INFO - Filling up the DagBag from /opt/airflow/dags/pipeline.py
[2025-03-29T01:27:44.122+0000] {processor.py:836} INFO - DAG(s) dict_keys(['pipeline']) retrieved from /opt/airflow/dags/pipeline.py
[2025-03-29T01:27:44.184+0000] {logging_mixin.py:150} INFO - [2025-03-29T01:27:44.184+0000] {dag.py:2742} INFO - Sync 1 DAGs
[2025-03-29T01:27:44.236+0000] {logging_mixin.py:150} INFO - [2025-03-29T01:27:44.236+0000] {dag.py:3504} INFO - Setting next_dagrun for pipeline to 2025-03-29T00:00:00+00:00, run_after=2025-03-30T00:00:00+00:00
[2025-03-29T01:27:44.276+0000] {processor.py:179} INFO - Processing /opt/airflow/dags/pipeline.py took 0.180 seconds
[2025-03-29T01:28:18.585+0000] {processor.py:157} INFO - Started process (PID=1025) to work on /opt/airflow/dags/pipeline.py
[2025-03-29T01:28:18.587+0000] {processor.py:826} INFO - Processing file /opt/airflow/dags/pipeline.py for tasks to queue
[2025-03-29T01:28:18.589+0000] {logging_mixin.py:150} INFO - [2025-03-29T01:28:18.588+0000] {dagbag.py:541} INFO - Filling up the DagBag from /opt/airflow/dags/pipeline.py
[2025-03-29T01:28:18.684+0000] {processor.py:836} INFO - DAG(s) dict_keys(['pipeline']) retrieved from /opt/airflow/dags/pipeline.py
[2025-03-29T01:28:18.751+0000] {logging_mixin.py:150} INFO - [2025-03-29T01:28:18.750+0000] {dag.py:2742} INFO - Sync 1 DAGs
[2025-03-29T01:28:18.795+0000] {logging_mixin.py:150} INFO - [2025-03-29T01:28:18.795+0000] {dag.py:3504} INFO - Setting next_dagrun for pipeline to 2025-03-29T00:00:00+00:00, run_after=2025-03-30T00:00:00+00:00
[2025-03-29T01:28:18.843+0000] {processor.py:179} INFO - Processing /opt/airflow/dags/pipeline.py took 0.264 seconds
[2025-03-29T01:28:53.136+0000] {processor.py:157} INFO - Started process (PID=1032) to work on /opt/airflow/dags/pipeline.py
[2025-03-29T01:28:53.142+0000] {processor.py:826} INFO - Processing file /opt/airflow/dags/pipeline.py for tasks to queue
[2025-03-29T01:28:53.145+0000] {logging_mixin.py:150} INFO - [2025-03-29T01:28:53.145+0000] {dagbag.py:541} INFO - Filling up the DagBag from /opt/airflow/dags/pipeline.py
[2025-03-29T01:28:53.211+0000] {processor.py:836} INFO - DAG(s) dict_keys(['pipeline']) retrieved from /opt/airflow/dags/pipeline.py
[2025-03-29T01:28:53.270+0000] {logging_mixin.py:150} INFO - [2025-03-29T01:28:53.270+0000] {dag.py:2742} INFO - Sync 1 DAGs
[2025-03-29T01:28:53.317+0000] {logging_mixin.py:150} INFO - [2025-03-29T01:28:53.317+0000] {dag.py:3504} INFO - Setting next_dagrun for pipeline to 2025-03-29T00:00:00+00:00, run_after=2025-03-30T00:00:00+00:00
[2025-03-29T01:28:53.345+0000] {processor.py:179} INFO - Processing /opt/airflow/dags/pipeline.py took 0.224 seconds
[2025-03-29T01:29:30.351+0000] {processor.py:157} INFO - Started process (PID=1037) to work on /opt/airflow/dags/pipeline.py
[2025-03-29T01:29:30.353+0000] {processor.py:826} INFO - Processing file /opt/airflow/dags/pipeline.py for tasks to queue
[2025-03-29T01:29:30.357+0000] {logging_mixin.py:150} INFO - [2025-03-29T01:29:30.356+0000] {dagbag.py:541} INFO - Filling up the DagBag from /opt/airflow/dags/pipeline.py
[2025-03-29T01:29:30.443+0000] {processor.py:836} INFO - DAG(s) dict_keys(['pipeline']) retrieved from /opt/airflow/dags/pipeline.py
[2025-03-29T01:29:30.509+0000] {logging_mixin.py:150} INFO - [2025-03-29T01:29:30.509+0000] {dag.py:2742} INFO - Sync 1 DAGs
[2025-03-29T01:29:30.545+0000] {logging_mixin.py:150} INFO - [2025-03-29T01:29:30.545+0000] {dag.py:3504} INFO - Setting next_dagrun for pipeline to 2025-03-29T00:00:00+00:00, run_after=2025-03-30T00:00:00+00:00
[2025-03-29T01:29:30.578+0000] {processor.py:179} INFO - Processing /opt/airflow/dags/pipeline.py took 0.237 seconds
[2025-03-29T01:30:01.534+0000] {processor.py:157} INFO - Started process (PID=1043) to work on /opt/airflow/dags/pipeline.py
[2025-03-29T01:30:01.547+0000] {processor.py:826} INFO - Processing file /opt/airflow/dags/pipeline.py for tasks to queue
[2025-03-29T01:30:01.567+0000] {logging_mixin.py:150} INFO - [2025-03-29T01:30:01.561+0000] {dagbag.py:541} INFO - Filling up the DagBag from /opt/airflow/dags/pipeline.py
[2025-03-29T01:30:01.692+0000] {processor.py:836} INFO - DAG(s) dict_keys(['pipeline']) retrieved from /opt/airflow/dags/pipeline.py
[2025-03-29T01:30:02.188+0000] {logging_mixin.py:150} INFO - [2025-03-29T01:30:02.187+0000] {dag.py:2742} INFO - Sync 1 DAGs
[2025-03-29T01:30:02.508+0000] {logging_mixin.py:150} INFO - [2025-03-29T01:30:02.506+0000] {dag.py:3504} INFO - Setting next_dagrun for pipeline to 2025-03-29T00:00:00+00:00, run_after=2025-03-30T00:00:00+00:00
[2025-03-29T01:30:02.730+0000] {processor.py:179} INFO - Processing /opt/airflow/dags/pipeline.py took 1.262 seconds
[2025-03-29T01:45:41.891+0000] {processor.py:157} INFO - Started process (PID=1049) to work on /opt/airflow/dags/pipeline.py
[2025-03-29T01:45:41.893+0000] {processor.py:826} INFO - Processing file /opt/airflow/dags/pipeline.py for tasks to queue
[2025-03-29T01:45:41.898+0000] {logging_mixin.py:150} INFO - [2025-03-29T01:45:41.898+0000] {dagbag.py:541} INFO - Filling up the DagBag from /opt/airflow/dags/pipeline.py
[2025-03-29T01:45:41.916+0000] {processor.py:836} INFO - DAG(s) dict_keys(['pipeline']) retrieved from /opt/airflow/dags/pipeline.py
[2025-03-29T01:45:41.973+0000] {logging_mixin.py:150} INFO - [2025-03-29T01:45:41.973+0000] {dag.py:2742} INFO - Sync 1 DAGs
[2025-03-29T01:45:42.015+0000] {logging_mixin.py:150} INFO - [2025-03-29T01:45:42.013+0000] {dag.py:3504} INFO - Setting next_dagrun for pipeline to 2025-03-29T00:00:00+00:00, run_after=2025-03-30T00:00:00+00:00
[2025-03-29T01:45:42.045+0000] {processor.py:179} INFO - Processing /opt/airflow/dags/pipeline.py took 0.162 seconds
[2025-03-29T01:46:27.974+0000] {processor.py:157} INFO - Started process (PID=1055) to work on /opt/airflow/dags/pipeline.py
[2025-03-29T01:46:27.976+0000] {processor.py:826} INFO - Processing file /opt/airflow/dags/pipeline.py for tasks to queue
[2025-03-29T01:46:27.978+0000] {logging_mixin.py:150} INFO - [2025-03-29T01:46:27.977+0000] {dagbag.py:541} INFO - Filling up the DagBag from /opt/airflow/dags/pipeline.py
[2025-03-29T01:46:27.992+0000] {processor.py:836} INFO - DAG(s) dict_keys(['pipeline']) retrieved from /opt/airflow/dags/pipeline.py
[2025-03-29T01:46:28.197+0000] {logging_mixin.py:150} INFO - [2025-03-29T01:46:28.196+0000] {dag.py:2742} INFO - Sync 1 DAGs
[2025-03-29T01:46:28.265+0000] {logging_mixin.py:150} INFO - [2025-03-29T01:46:28.264+0000] {dag.py:3504} INFO - Setting next_dagrun for pipeline to 2025-03-29T00:00:00+00:00, run_after=2025-03-30T00:00:00+00:00
[2025-03-29T01:46:28.294+0000] {processor.py:179} INFO - Processing /opt/airflow/dags/pipeline.py took 0.327 seconds
[2025-03-29T02:02:18.977+0000] {processor.py:157} INFO - Started process (PID=1062) to work on /opt/airflow/dags/pipeline.py
[2025-03-29T02:02:18.980+0000] {processor.py:826} INFO - Processing file /opt/airflow/dags/pipeline.py for tasks to queue
[2025-03-29T02:02:18.988+0000] {logging_mixin.py:150} INFO - [2025-03-29T02:02:18.982+0000] {dagbag.py:541} INFO - Filling up the DagBag from /opt/airflow/dags/pipeline.py
[2025-03-29T02:02:19.005+0000] {processor.py:836} INFO - DAG(s) dict_keys(['pipeline']) retrieved from /opt/airflow/dags/pipeline.py
[2025-03-29T02:02:19.060+0000] {logging_mixin.py:150} INFO - [2025-03-29T02:02:19.059+0000] {dag.py:2742} INFO - Sync 1 DAGs
[2025-03-29T02:02:19.101+0000] {logging_mixin.py:150} INFO - [2025-03-29T02:02:19.101+0000] {dag.py:3504} INFO - Setting next_dagrun for pipeline to 2025-03-29T00:00:00+00:00, run_after=2025-03-30T00:00:00+00:00
[2025-03-29T02:02:19.135+0000] {processor.py:179} INFO - Processing /opt/airflow/dags/pipeline.py took 0.164 seconds
[2025-03-29T02:02:53.573+0000] {processor.py:157} INFO - Started process (PID=1068) to work on /opt/airflow/dags/pipeline.py
[2025-03-29T02:02:53.574+0000] {processor.py:826} INFO - Processing file /opt/airflow/dags/pipeline.py for tasks to queue
[2025-03-29T02:02:53.575+0000] {logging_mixin.py:150} INFO - [2025-03-29T02:02:53.575+0000] {dagbag.py:541} INFO - Filling up the DagBag from /opt/airflow/dags/pipeline.py
[2025-03-29T02:02:53.593+0000] {processor.py:836} INFO - DAG(s) dict_keys(['pipeline']) retrieved from /opt/airflow/dags/pipeline.py
[2025-03-29T02:02:53.740+0000] {logging_mixin.py:150} INFO - [2025-03-29T02:02:53.740+0000] {dag.py:2742} INFO - Sync 1 DAGs
[2025-03-29T02:02:53.801+0000] {logging_mixin.py:150} INFO - [2025-03-29T02:02:53.800+0000] {dag.py:3504} INFO - Setting next_dagrun for pipeline to 2025-03-29T00:00:00+00:00, run_after=2025-03-30T00:00:00+00:00
[2025-03-29T02:02:53.864+0000] {processor.py:179} INFO - Processing /opt/airflow/dags/pipeline.py took 0.296 seconds
[2025-03-29T02:03:27.878+0000] {processor.py:157} INFO - Started process (PID=1073) to work on /opt/airflow/dags/pipeline.py
[2025-03-29T02:03:27.879+0000] {processor.py:826} INFO - Processing file /opt/airflow/dags/pipeline.py for tasks to queue
[2025-03-29T02:03:27.881+0000] {logging_mixin.py:150} INFO - [2025-03-29T02:03:27.881+0000] {dagbag.py:541} INFO - Filling up the DagBag from /opt/airflow/dags/pipeline.py
[2025-03-29T02:03:27.898+0000] {processor.py:836} INFO - DAG(s) dict_keys(['pipeline']) retrieved from /opt/airflow/dags/pipeline.py
[2025-03-29T02:03:28.023+0000] {logging_mixin.py:150} INFO - [2025-03-29T02:03:28.023+0000] {dag.py:2742} INFO - Sync 1 DAGs
[2025-03-29T02:03:28.071+0000] {logging_mixin.py:150} INFO - [2025-03-29T02:03:28.071+0000] {dag.py:3504} INFO - Setting next_dagrun for pipeline to 2025-03-29T00:00:00+00:00, run_after=2025-03-30T00:00:00+00:00
[2025-03-29T02:03:28.107+0000] {processor.py:179} INFO - Processing /opt/airflow/dags/pipeline.py took 0.235 seconds
[2025-03-29T02:04:02.716+0000] {processor.py:157} INFO - Started process (PID=1079) to work on /opt/airflow/dags/pipeline.py
[2025-03-29T02:04:02.720+0000] {processor.py:826} INFO - Processing file /opt/airflow/dags/pipeline.py for tasks to queue
[2025-03-29T02:04:02.755+0000] {logging_mixin.py:150} INFO - [2025-03-29T02:04:02.754+0000] {dagbag.py:541} INFO - Filling up the DagBag from /opt/airflow/dags/pipeline.py
[2025-03-29T02:04:02.794+0000] {processor.py:836} INFO - DAG(s) dict_keys(['pipeline']) retrieved from /opt/airflow/dags/pipeline.py
[2025-03-29T02:04:02.870+0000] {logging_mixin.py:150} INFO - [2025-03-29T02:04:02.870+0000] {dag.py:2742} INFO - Sync 1 DAGs
[2025-03-29T02:04:02.933+0000] {logging_mixin.py:150} INFO - [2025-03-29T02:04:02.932+0000] {dag.py:3504} INFO - Setting next_dagrun for pipeline to 2025-03-29T00:00:00+00:00, run_after=2025-03-30T00:00:00+00:00
[2025-03-29T02:04:02.980+0000] {processor.py:179} INFO - Processing /opt/airflow/dags/pipeline.py took 0.272 seconds
[2025-03-29T02:19:52.479+0000] {processor.py:157} INFO - Started process (PID=1086) to work on /opt/airflow/dags/pipeline.py
[2025-03-29T02:19:52.481+0000] {processor.py:826} INFO - Processing file /opt/airflow/dags/pipeline.py for tasks to queue
[2025-03-29T02:19:52.482+0000] {logging_mixin.py:150} INFO - [2025-03-29T02:19:52.482+0000] {dagbag.py:541} INFO - Filling up the DagBag from /opt/airflow/dags/pipeline.py
[2025-03-29T02:19:52.496+0000] {processor.py:836} INFO - DAG(s) dict_keys(['pipeline']) retrieved from /opt/airflow/dags/pipeline.py
[2025-03-29T02:19:52.540+0000] {logging_mixin.py:150} INFO - [2025-03-29T02:19:52.539+0000] {dag.py:2742} INFO - Sync 1 DAGs
[2025-03-29T02:19:52.565+0000] {logging_mixin.py:150} INFO - [2025-03-29T02:19:52.564+0000] {dag.py:3504} INFO - Setting next_dagrun for pipeline to 2025-03-29T00:00:00+00:00, run_after=2025-03-30T00:00:00+00:00
[2025-03-29T02:19:52.591+0000] {processor.py:179} INFO - Processing /opt/airflow/dags/pipeline.py took 0.119 seconds
[2025-03-29T02:20:27.009+0000] {processor.py:157} INFO - Started process (PID=1092) to work on /opt/airflow/dags/pipeline.py
[2025-03-29T02:20:27.011+0000] {processor.py:826} INFO - Processing file /opt/airflow/dags/pipeline.py for tasks to queue
[2025-03-29T02:20:27.012+0000] {logging_mixin.py:150} INFO - [2025-03-29T02:20:27.012+0000] {dagbag.py:541} INFO - Filling up the DagBag from /opt/airflow/dags/pipeline.py
[2025-03-29T02:20:27.026+0000] {processor.py:836} INFO - DAG(s) dict_keys(['pipeline']) retrieved from /opt/airflow/dags/pipeline.py
[2025-03-29T02:20:27.141+0000] {logging_mixin.py:150} INFO - [2025-03-29T02:20:27.141+0000] {dag.py:2742} INFO - Sync 1 DAGs
[2025-03-29T02:20:27.192+0000] {logging_mixin.py:150} INFO - [2025-03-29T02:20:27.192+0000] {dag.py:3504} INFO - Setting next_dagrun for pipeline to 2025-03-29T00:00:00+00:00, run_after=2025-03-30T00:00:00+00:00
[2025-03-29T02:20:27.242+0000] {processor.py:179} INFO - Processing /opt/airflow/dags/pipeline.py took 0.240 seconds
[2025-03-29T02:21:01.505+0000] {processor.py:157} INFO - Started process (PID=1098) to work on /opt/airflow/dags/pipeline.py
[2025-03-29T02:21:01.514+0000] {processor.py:826} INFO - Processing file /opt/airflow/dags/pipeline.py for tasks to queue
[2025-03-29T02:21:01.516+0000] {logging_mixin.py:150} INFO - [2025-03-29T02:21:01.516+0000] {dagbag.py:541} INFO - Filling up the DagBag from /opt/airflow/dags/pipeline.py
[2025-03-29T02:21:01.532+0000] {processor.py:836} INFO - DAG(s) dict_keys(['pipeline']) retrieved from /opt/airflow/dags/pipeline.py
[2025-03-29T02:21:01.668+0000] {logging_mixin.py:150} INFO - [2025-03-29T02:21:01.668+0000] {dag.py:2742} INFO - Sync 1 DAGs
[2025-03-29T02:21:01.730+0000] {logging_mixin.py:150} INFO - [2025-03-29T02:21:01.730+0000] {dag.py:3504} INFO - Setting next_dagrun for pipeline to 2025-03-29T00:00:00+00:00, run_after=2025-03-30T00:00:00+00:00
[2025-03-29T02:21:01.756+0000] {processor.py:179} INFO - Processing /opt/airflow/dags/pipeline.py took 0.258 seconds
[2025-03-29T02:21:36.356+0000] {processor.py:157} INFO - Started process (PID=1103) to work on /opt/airflow/dags/pipeline.py
[2025-03-29T02:21:36.358+0000] {processor.py:826} INFO - Processing file /opt/airflow/dags/pipeline.py for tasks to queue
[2025-03-29T02:21:36.363+0000] {logging_mixin.py:150} INFO - [2025-03-29T02:21:36.362+0000] {dagbag.py:541} INFO - Filling up the DagBag from /opt/airflow/dags/pipeline.py
[2025-03-29T02:21:36.419+0000] {processor.py:836} INFO - DAG(s) dict_keys(['pipeline']) retrieved from /opt/airflow/dags/pipeline.py
[2025-03-29T02:21:36.489+0000] {logging_mixin.py:150} INFO - [2025-03-29T02:21:36.489+0000] {dag.py:2742} INFO - Sync 1 DAGs
[2025-03-29T02:21:36.542+0000] {logging_mixin.py:150} INFO - [2025-03-29T02:21:36.542+0000] {dag.py:3504} INFO - Setting next_dagrun for pipeline to 2025-03-29T00:00:00+00:00, run_after=2025-03-30T00:00:00+00:00
[2025-03-29T02:21:36.604+0000] {processor.py:179} INFO - Processing /opt/airflow/dags/pipeline.py took 0.254 seconds
[2025-03-29T02:37:27.677+0000] {processor.py:157} INFO - Started process (PID=1117) to work on /opt/airflow/dags/pipeline.py
[2025-03-29T02:37:27.678+0000] {processor.py:826} INFO - Processing file /opt/airflow/dags/pipeline.py for tasks to queue
[2025-03-29T02:37:27.680+0000] {logging_mixin.py:150} INFO - [2025-03-29T02:37:27.679+0000] {dagbag.py:541} INFO - Filling up the DagBag from /opt/airflow/dags/pipeline.py
[2025-03-29T02:37:27.693+0000] {processor.py:836} INFO - DAG(s) dict_keys(['pipeline']) retrieved from /opt/airflow/dags/pipeline.py
[2025-03-29T02:37:27.737+0000] {logging_mixin.py:150} INFO - [2025-03-29T02:37:27.736+0000] {dag.py:2742} INFO - Sync 1 DAGs
[2025-03-29T02:37:27.763+0000] {logging_mixin.py:150} INFO - [2025-03-29T02:37:27.763+0000] {dag.py:3504} INFO - Setting next_dagrun for pipeline to 2025-03-29T00:00:00+00:00, run_after=2025-03-30T00:00:00+00:00
[2025-03-29T02:37:27.785+0000] {processor.py:179} INFO - Processing /opt/airflow/dags/pipeline.py took 0.112 seconds
[2025-03-29T02:38:01.961+0000] {processor.py:157} INFO - Started process (PID=1122) to work on /opt/airflow/dags/pipeline.py
[2025-03-29T02:38:01.963+0000] {processor.py:826} INFO - Processing file /opt/airflow/dags/pipeline.py for tasks to queue
[2025-03-29T02:38:01.965+0000] {logging_mixin.py:150} INFO - [2025-03-29T02:38:01.964+0000] {dagbag.py:541} INFO - Filling up the DagBag from /opt/airflow/dags/pipeline.py
[2025-03-29T02:38:02.040+0000] {processor.py:836} INFO - DAG(s) dict_keys(['pipeline']) retrieved from /opt/airflow/dags/pipeline.py
[2025-03-29T02:38:02.118+0000] {logging_mixin.py:150} INFO - [2025-03-29T02:38:02.118+0000] {dag.py:2742} INFO - Sync 1 DAGs
[2025-03-29T02:38:02.173+0000] {logging_mixin.py:150} INFO - [2025-03-29T02:38:02.173+0000] {dag.py:3504} INFO - Setting next_dagrun for pipeline to 2025-03-29T00:00:00+00:00, run_after=2025-03-30T00:00:00+00:00
[2025-03-29T02:38:02.250+0000] {processor.py:179} INFO - Processing /opt/airflow/dags/pipeline.py took 0.296 seconds
[2025-03-29T02:38:36.258+0000] {processor.py:157} INFO - Started process (PID=1127) to work on /opt/airflow/dags/pipeline.py
[2025-03-29T02:38:36.262+0000] {processor.py:826} INFO - Processing file /opt/airflow/dags/pipeline.py for tasks to queue
[2025-03-29T02:38:36.264+0000] {logging_mixin.py:150} INFO - [2025-03-29T02:38:36.264+0000] {dagbag.py:541} INFO - Filling up the DagBag from /opt/airflow/dags/pipeline.py
[2025-03-29T02:38:36.349+0000] {processor.py:836} INFO - DAG(s) dict_keys(['pipeline']) retrieved from /opt/airflow/dags/pipeline.py
[2025-03-29T02:38:36.451+0000] {logging_mixin.py:150} INFO - [2025-03-29T02:38:36.451+0000] {dag.py:2742} INFO - Sync 1 DAGs
[2025-03-29T02:38:36.508+0000] {logging_mixin.py:150} INFO - [2025-03-29T02:38:36.508+0000] {dag.py:3504} INFO - Setting next_dagrun for pipeline to 2025-03-29T00:00:00+00:00, run_after=2025-03-30T00:00:00+00:00
[2025-03-29T02:38:36.556+0000] {processor.py:179} INFO - Processing /opt/airflow/dags/pipeline.py took 0.307 seconds
[2025-03-29T02:39:11.239+0000] {processor.py:157} INFO - Started process (PID=1132) to work on /opt/airflow/dags/pipeline.py
[2025-03-29T02:39:11.242+0000] {processor.py:826} INFO - Processing file /opt/airflow/dags/pipeline.py for tasks to queue
[2025-03-29T02:39:11.244+0000] {logging_mixin.py:150} INFO - [2025-03-29T02:39:11.243+0000] {dagbag.py:541} INFO - Filling up the DagBag from /opt/airflow/dags/pipeline.py
[2025-03-29T02:39:11.262+0000] {processor.py:836} INFO - DAG(s) dict_keys(['pipeline']) retrieved from /opt/airflow/dags/pipeline.py
[2025-03-29T02:39:11.420+0000] {logging_mixin.py:150} INFO - [2025-03-29T02:39:11.420+0000] {dag.py:2742} INFO - Sync 1 DAGs
[2025-03-29T02:39:11.453+0000] {logging_mixin.py:150} INFO - [2025-03-29T02:39:11.452+0000] {dag.py:3504} INFO - Setting next_dagrun for pipeline to 2025-03-29T00:00:00+00:00, run_after=2025-03-30T00:00:00+00:00
[2025-03-29T02:39:11.473+0000] {processor.py:179} INFO - Processing /opt/airflow/dags/pipeline.py took 0.243 seconds
[2025-03-29T02:55:05.648+0000] {processor.py:157} INFO - Started process (PID=1140) to work on /opt/airflow/dags/pipeline.py
[2025-03-29T02:55:05.649+0000] {processor.py:826} INFO - Processing file /opt/airflow/dags/pipeline.py for tasks to queue
[2025-03-29T02:55:05.652+0000] {logging_mixin.py:150} INFO - [2025-03-29T02:55:05.651+0000] {dagbag.py:541} INFO - Filling up the DagBag from /opt/airflow/dags/pipeline.py
[2025-03-29T02:55:05.669+0000] {processor.py:836} INFO - DAG(s) dict_keys(['pipeline']) retrieved from /opt/airflow/dags/pipeline.py
[2025-03-29T02:55:05.735+0000] {logging_mixin.py:150} INFO - [2025-03-29T02:55:05.734+0000] {dag.py:2742} INFO - Sync 1 DAGs
[2025-03-29T02:55:05.770+0000] {logging_mixin.py:150} INFO - [2025-03-29T02:55:05.770+0000] {dag.py:3504} INFO - Setting next_dagrun for pipeline to 2025-03-29T00:00:00+00:00, run_after=2025-03-30T00:00:00+00:00
[2025-03-29T02:55:05.792+0000] {processor.py:179} INFO - Processing /opt/airflow/dags/pipeline.py took 0.150 seconds
[2025-03-29T02:55:41.776+0000] {processor.py:157} INFO - Started process (PID=1148) to work on /opt/airflow/dags/pipeline.py
[2025-03-29T02:55:41.779+0000] {processor.py:826} INFO - Processing file /opt/airflow/dags/pipeline.py for tasks to queue
[2025-03-29T02:55:41.781+0000] {logging_mixin.py:150} INFO - [2025-03-29T02:55:41.780+0000] {dagbag.py:541} INFO - Filling up the DagBag from /opt/airflow/dags/pipeline.py
[2025-03-29T02:55:41.805+0000] {processor.py:836} INFO - DAG(s) dict_keys(['pipeline']) retrieved from /opt/airflow/dags/pipeline.py
[2025-03-29T02:55:41.902+0000] {logging_mixin.py:150} INFO - [2025-03-29T02:55:41.902+0000] {dag.py:2742} INFO - Sync 1 DAGs
[2025-03-29T02:55:41.941+0000] {logging_mixin.py:150} INFO - [2025-03-29T02:55:41.941+0000] {dag.py:3504} INFO - Setting next_dagrun for pipeline to 2025-03-29T00:00:00+00:00, run_after=2025-03-30T00:00:00+00:00
[2025-03-29T02:55:41.973+0000] {processor.py:179} INFO - Processing /opt/airflow/dags/pipeline.py took 0.205 seconds
[2025-03-29T02:56:19.446+0000] {processor.py:157} INFO - Started process (PID=1154) to work on /opt/airflow/dags/pipeline.py
[2025-03-29T02:56:19.448+0000] {processor.py:826} INFO - Processing file /opt/airflow/dags/pipeline.py for tasks to queue
[2025-03-29T02:56:19.449+0000] {logging_mixin.py:150} INFO - [2025-03-29T02:56:19.449+0000] {dagbag.py:541} INFO - Filling up the DagBag from /opt/airflow/dags/pipeline.py
[2025-03-29T02:56:19.474+0000] {processor.py:836} INFO - DAG(s) dict_keys(['pipeline']) retrieved from /opt/airflow/dags/pipeline.py
[2025-03-29T02:56:19.614+0000] {logging_mixin.py:150} INFO - [2025-03-29T02:56:19.614+0000] {dag.py:2742} INFO - Sync 1 DAGs
[2025-03-29T02:56:19.656+0000] {logging_mixin.py:150} INFO - [2025-03-29T02:56:19.656+0000] {dag.py:3504} INFO - Setting next_dagrun for pipeline to 2025-03-29T00:00:00+00:00, run_after=2025-03-30T00:00:00+00:00
[2025-03-29T02:56:19.690+0000] {processor.py:179} INFO - Processing /opt/airflow/dags/pipeline.py took 0.251 seconds
[2025-03-29T03:12:14.811+0000] {processor.py:157} INFO - Started process (PID=1165) to work on /opt/airflow/dags/pipeline.py
[2025-03-29T03:12:14.812+0000] {processor.py:826} INFO - Processing file /opt/airflow/dags/pipeline.py for tasks to queue
[2025-03-29T03:12:14.814+0000] {logging_mixin.py:150} INFO - [2025-03-29T03:12:14.813+0000] {dagbag.py:541} INFO - Filling up the DagBag from /opt/airflow/dags/pipeline.py
[2025-03-29T03:12:14.826+0000] {processor.py:836} INFO - DAG(s) dict_keys(['pipeline']) retrieved from /opt/airflow/dags/pipeline.py
[2025-03-29T03:12:14.870+0000] {logging_mixin.py:150} INFO - [2025-03-29T03:12:14.869+0000] {dag.py:2742} INFO - Sync 1 DAGs
[2025-03-29T03:12:14.903+0000] {logging_mixin.py:150} INFO - [2025-03-29T03:12:14.902+0000] {dag.py:3504} INFO - Setting next_dagrun for pipeline to 2025-03-29T00:00:00+00:00, run_after=2025-03-30T00:00:00+00:00
[2025-03-29T03:12:14.933+0000] {processor.py:179} INFO - Processing /opt/airflow/dags/pipeline.py took 0.127 seconds
[2025-03-29T03:12:49.230+0000] {processor.py:157} INFO - Started process (PID=1171) to work on /opt/airflow/dags/pipeline.py
[2025-03-29T03:12:49.268+0000] {processor.py:826} INFO - Processing file /opt/airflow/dags/pipeline.py for tasks to queue
[2025-03-29T03:12:49.274+0000] {logging_mixin.py:150} INFO - [2025-03-29T03:12:49.273+0000] {dagbag.py:541} INFO - Filling up the DagBag from /opt/airflow/dags/pipeline.py
[2025-03-29T03:12:49.305+0000] {processor.py:836} INFO - DAG(s) dict_keys(['pipeline']) retrieved from /opt/airflow/dags/pipeline.py
[2025-03-29T03:12:49.378+0000] {logging_mixin.py:150} INFO - [2025-03-29T03:12:49.378+0000] {dag.py:2742} INFO - Sync 1 DAGs
[2025-03-29T03:12:49.429+0000] {logging_mixin.py:150} INFO - [2025-03-29T03:12:49.428+0000] {dag.py:3504} INFO - Setting next_dagrun for pipeline to 2025-03-29T00:00:00+00:00, run_after=2025-03-30T00:00:00+00:00
[2025-03-29T03:12:49.470+0000] {processor.py:179} INFO - Processing /opt/airflow/dags/pipeline.py took 0.248 seconds
[2025-03-29T03:13:23.716+0000] {processor.py:157} INFO - Started process (PID=1177) to work on /opt/airflow/dags/pipeline.py
[2025-03-29T03:13:23.717+0000] {processor.py:826} INFO - Processing file /opt/airflow/dags/pipeline.py for tasks to queue
[2025-03-29T03:13:23.720+0000] {logging_mixin.py:150} INFO - [2025-03-29T03:13:23.719+0000] {dagbag.py:541} INFO - Filling up the DagBag from /opt/airflow/dags/pipeline.py
[2025-03-29T03:13:23.736+0000] {processor.py:836} INFO - DAG(s) dict_keys(['pipeline']) retrieved from /opt/airflow/dags/pipeline.py
[2025-03-29T03:13:23.842+0000] {logging_mixin.py:150} INFO - [2025-03-29T03:13:23.842+0000] {dag.py:2742} INFO - Sync 1 DAGs
[2025-03-29T03:13:23.897+0000] {logging_mixin.py:150} INFO - [2025-03-29T03:13:23.897+0000] {dag.py:3504} INFO - Setting next_dagrun for pipeline to 2025-03-29T00:00:00+00:00, run_after=2025-03-30T00:00:00+00:00
[2025-03-29T03:13:23.937+0000] {processor.py:179} INFO - Processing /opt/airflow/dags/pipeline.py took 0.228 seconds
[2025-03-29T03:13:58.772+0000] {processor.py:157} INFO - Started process (PID=1183) to work on /opt/airflow/dags/pipeline.py
[2025-03-29T03:13:58.778+0000] {processor.py:826} INFO - Processing file /opt/airflow/dags/pipeline.py for tasks to queue
[2025-03-29T03:13:58.798+0000] {logging_mixin.py:150} INFO - [2025-03-29T03:13:58.797+0000] {dagbag.py:541} INFO - Filling up the DagBag from /opt/airflow/dags/pipeline.py
[2025-03-29T03:13:58.862+0000] {processor.py:836} INFO - DAG(s) dict_keys(['pipeline']) retrieved from /opt/airflow/dags/pipeline.py
[2025-03-29T03:13:58.924+0000] {logging_mixin.py:150} INFO - [2025-03-29T03:13:58.924+0000] {dag.py:2742} INFO - Sync 1 DAGs
[2025-03-29T03:13:58.980+0000] {logging_mixin.py:150} INFO - [2025-03-29T03:13:58.979+0000] {dag.py:3504} INFO - Setting next_dagrun for pipeline to 2025-03-29T00:00:00+00:00, run_after=2025-03-30T00:00:00+00:00
[2025-03-29T03:13:59.001+0000] {processor.py:179} INFO - Processing /opt/airflow/dags/pipeline.py took 0.236 seconds
[2025-03-29T03:29:52.655+0000] {processor.py:157} INFO - Started process (PID=1188) to work on /opt/airflow/dags/pipeline.py
[2025-03-29T03:29:52.657+0000] {processor.py:826} INFO - Processing file /opt/airflow/dags/pipeline.py for tasks to queue
[2025-03-29T03:29:52.658+0000] {logging_mixin.py:150} INFO - [2025-03-29T03:29:52.658+0000] {dagbag.py:541} INFO - Filling up the DagBag from /opt/airflow/dags/pipeline.py
[2025-03-29T03:29:52.673+0000] {processor.py:836} INFO - DAG(s) dict_keys(['pipeline']) retrieved from /opt/airflow/dags/pipeline.py
[2025-03-29T03:29:52.757+0000] {logging_mixin.py:150} INFO - [2025-03-29T03:29:52.757+0000] {dag.py:2742} INFO - Sync 1 DAGs
[2025-03-29T03:29:52.798+0000] {logging_mixin.py:150} INFO - [2025-03-29T03:29:52.798+0000] {dag.py:3504} INFO - Setting next_dagrun for pipeline to 2025-03-29T00:00:00+00:00, run_after=2025-03-30T00:00:00+00:00
[2025-03-29T03:29:52.829+0000] {processor.py:179} INFO - Processing /opt/airflow/dags/pipeline.py took 0.180 seconds
[2025-03-29T03:30:27.343+0000] {processor.py:157} INFO - Started process (PID=1196) to work on /opt/airflow/dags/pipeline.py
[2025-03-29T03:30:27.350+0000] {processor.py:826} INFO - Processing file /opt/airflow/dags/pipeline.py for tasks to queue
[2025-03-29T03:30:27.355+0000] {logging_mixin.py:150} INFO - [2025-03-29T03:30:27.354+0000] {dagbag.py:541} INFO - Filling up the DagBag from /opt/airflow/dags/pipeline.py
[2025-03-29T03:30:27.394+0000] {processor.py:836} INFO - DAG(s) dict_keys(['pipeline']) retrieved from /opt/airflow/dags/pipeline.py
[2025-03-29T03:30:27.458+0000] {logging_mixin.py:150} INFO - [2025-03-29T03:30:27.457+0000] {dag.py:2742} INFO - Sync 1 DAGs
[2025-03-29T03:30:27.517+0000] {logging_mixin.py:150} INFO - [2025-03-29T03:30:27.517+0000] {dag.py:3504} INFO - Setting next_dagrun for pipeline to 2025-03-29T00:00:00+00:00, run_after=2025-03-30T00:00:00+00:00
[2025-03-29T03:30:27.563+0000] {processor.py:179} INFO - Processing /opt/airflow/dags/pipeline.py took 0.228 seconds
[2025-03-29T03:31:02.218+0000] {processor.py:157} INFO - Started process (PID=1201) to work on /opt/airflow/dags/pipeline.py
[2025-03-29T03:31:02.219+0000] {processor.py:826} INFO - Processing file /opt/airflow/dags/pipeline.py for tasks to queue
[2025-03-29T03:31:02.221+0000] {logging_mixin.py:150} INFO - [2025-03-29T03:31:02.220+0000] {dagbag.py:541} INFO - Filling up the DagBag from /opt/airflow/dags/pipeline.py
[2025-03-29T03:31:02.235+0000] {processor.py:836} INFO - DAG(s) dict_keys(['pipeline']) retrieved from /opt/airflow/dags/pipeline.py
[2025-03-29T03:31:02.291+0000] {logging_mixin.py:150} INFO - [2025-03-29T03:31:02.290+0000] {dag.py:2742} INFO - Sync 1 DAGs
[2025-03-29T03:31:02.447+0000] {logging_mixin.py:150} INFO - [2025-03-29T03:31:02.447+0000] {dag.py:3504} INFO - Setting next_dagrun for pipeline to 2025-03-29T00:00:00+00:00, run_after=2025-03-30T00:00:00+00:00
[2025-03-29T03:31:02.495+0000] {processor.py:179} INFO - Processing /opt/airflow/dags/pipeline.py took 0.282 seconds
[2025-03-29T03:31:37.020+0000] {processor.py:157} INFO - Started process (PID=1206) to work on /opt/airflow/dags/pipeline.py
[2025-03-29T03:31:37.045+0000] {processor.py:826} INFO - Processing file /opt/airflow/dags/pipeline.py for tasks to queue
[2025-03-29T03:31:37.049+0000] {logging_mixin.py:150} INFO - [2025-03-29T03:31:37.048+0000] {dagbag.py:541} INFO - Filling up the DagBag from /opt/airflow/dags/pipeline.py
[2025-03-29T03:31:37.074+0000] {processor.py:836} INFO - DAG(s) dict_keys(['pipeline']) retrieved from /opt/airflow/dags/pipeline.py
[2025-03-29T03:31:37.288+0000] {logging_mixin.py:150} INFO - [2025-03-29T03:31:37.285+0000] {dag.py:2742} INFO - Sync 1 DAGs
[2025-03-29T03:31:37.340+0000] {logging_mixin.py:150} INFO - [2025-03-29T03:31:37.340+0000] {dag.py:3504} INFO - Setting next_dagrun for pipeline to 2025-03-29T00:00:00+00:00, run_after=2025-03-30T00:00:00+00:00
[2025-03-29T03:31:37.380+0000] {processor.py:179} INFO - Processing /opt/airflow/dags/pipeline.py took 0.377 seconds
[2025-03-29T03:47:27.159+0000] {processor.py:157} INFO - Started process (PID=1212) to work on /opt/airflow/dags/pipeline.py
[2025-03-29T03:47:27.160+0000] {processor.py:826} INFO - Processing file /opt/airflow/dags/pipeline.py for tasks to queue
[2025-03-29T03:47:27.161+0000] {logging_mixin.py:150} INFO - [2025-03-29T03:47:27.161+0000] {dagbag.py:541} INFO - Filling up the DagBag from /opt/airflow/dags/pipeline.py
[2025-03-29T03:47:27.174+0000] {processor.py:836} INFO - DAG(s) dict_keys(['pipeline']) retrieved from /opt/airflow/dags/pipeline.py
[2025-03-29T03:47:27.225+0000] {logging_mixin.py:150} INFO - [2025-03-29T03:47:27.225+0000] {dag.py:2742} INFO - Sync 1 DAGs
[2025-03-29T03:47:27.266+0000] {logging_mixin.py:150} INFO - [2025-03-29T03:47:27.266+0000] {dag.py:3504} INFO - Setting next_dagrun for pipeline to 2025-03-29T00:00:00+00:00, run_after=2025-03-30T00:00:00+00:00
[2025-03-29T03:47:27.300+0000] {processor.py:179} INFO - Processing /opt/airflow/dags/pipeline.py took 0.146 seconds
[2025-03-29T03:48:01.950+0000] {processor.py:157} INFO - Started process (PID=1217) to work on /opt/airflow/dags/pipeline.py
[2025-03-29T03:48:01.951+0000] {processor.py:826} INFO - Processing file /opt/airflow/dags/pipeline.py for tasks to queue
[2025-03-29T03:48:01.954+0000] {logging_mixin.py:150} INFO - [2025-03-29T03:48:01.953+0000] {dagbag.py:541} INFO - Filling up the DagBag from /opt/airflow/dags/pipeline.py
[2025-03-29T03:48:01.987+0000] {processor.py:836} INFO - DAG(s) dict_keys(['pipeline']) retrieved from /opt/airflow/dags/pipeline.py
[2025-03-29T03:48:02.061+0000] {logging_mixin.py:150} INFO - [2025-03-29T03:48:02.060+0000] {dag.py:2742} INFO - Sync 1 DAGs
[2025-03-29T03:48:02.101+0000] {logging_mixin.py:150} INFO - [2025-03-29T03:48:02.101+0000] {dag.py:3504} INFO - Setting next_dagrun for pipeline to 2025-03-29T00:00:00+00:00, run_after=2025-03-30T00:00:00+00:00
[2025-03-29T03:48:02.130+0000] {processor.py:179} INFO - Processing /opt/airflow/dags/pipeline.py took 0.190 seconds
[2025-03-29T03:48:36.469+0000] {processor.py:157} INFO - Started process (PID=1223) to work on /opt/airflow/dags/pipeline.py
[2025-03-29T03:48:36.471+0000] {processor.py:826} INFO - Processing file /opt/airflow/dags/pipeline.py for tasks to queue
[2025-03-29T03:48:36.473+0000] {logging_mixin.py:150} INFO - [2025-03-29T03:48:36.473+0000] {dagbag.py:541} INFO - Filling up the DagBag from /opt/airflow/dags/pipeline.py
[2025-03-29T03:48:36.503+0000] {processor.py:836} INFO - DAG(s) dict_keys(['pipeline']) retrieved from /opt/airflow/dags/pipeline.py
[2025-03-29T03:48:36.593+0000] {logging_mixin.py:150} INFO - [2025-03-29T03:48:36.593+0000] {dag.py:2742} INFO - Sync 1 DAGs
[2025-03-29T03:48:36.652+0000] {logging_mixin.py:150} INFO - [2025-03-29T03:48:36.652+0000] {dag.py:3504} INFO - Setting next_dagrun for pipeline to 2025-03-29T00:00:00+00:00, run_after=2025-03-30T00:00:00+00:00
[2025-03-29T03:48:36.686+0000] {processor.py:179} INFO - Processing /opt/airflow/dags/pipeline.py took 0.229 seconds
[2025-03-29T03:49:11.379+0000] {processor.py:157} INFO - Started process (PID=1229) to work on /opt/airflow/dags/pipeline.py
[2025-03-29T03:49:11.383+0000] {processor.py:826} INFO - Processing file /opt/airflow/dags/pipeline.py for tasks to queue
[2025-03-29T03:49:11.386+0000] {logging_mixin.py:150} INFO - [2025-03-29T03:49:11.385+0000] {dagbag.py:541} INFO - Filling up the DagBag from /opt/airflow/dags/pipeline.py
[2025-03-29T03:49:11.402+0000] {processor.py:836} INFO - DAG(s) dict_keys(['pipeline']) retrieved from /opt/airflow/dags/pipeline.py
[2025-03-29T03:49:11.463+0000] {logging_mixin.py:150} INFO - [2025-03-29T03:49:11.463+0000] {dag.py:2742} INFO - Sync 1 DAGs
[2025-03-29T03:49:11.522+0000] {logging_mixin.py:150} INFO - [2025-03-29T03:49:11.522+0000] {dag.py:3504} INFO - Setting next_dagrun for pipeline to 2025-03-29T00:00:00+00:00, run_after=2025-03-30T00:00:00+00:00
[2025-03-29T03:49:11.555+0000] {processor.py:179} INFO - Processing /opt/airflow/dags/pipeline.py took 0.183 seconds
[2025-03-29T03:49:46.755+0000] {processor.py:157} INFO - Started process (PID=1237) to work on /opt/airflow/dags/pipeline.py
[2025-03-29T03:49:46.757+0000] {processor.py:826} INFO - Processing file /opt/airflow/dags/pipeline.py for tasks to queue
[2025-03-29T03:49:46.759+0000] {logging_mixin.py:150} INFO - [2025-03-29T03:49:46.758+0000] {dagbag.py:541} INFO - Filling up the DagBag from /opt/airflow/dags/pipeline.py
[2025-03-29T03:49:46.776+0000] {processor.py:836} INFO - DAG(s) dict_keys(['pipeline']) retrieved from /opt/airflow/dags/pipeline.py
[2025-03-29T03:49:46.849+0000] {logging_mixin.py:150} INFO - [2025-03-29T03:49:46.849+0000] {dag.py:2742} INFO - Sync 1 DAGs
[2025-03-29T03:49:46.875+0000] {logging_mixin.py:150} INFO - [2025-03-29T03:49:46.875+0000] {dag.py:3504} INFO - Setting next_dagrun for pipeline to 2025-03-29T00:00:00+00:00, run_after=2025-03-30T00:00:00+00:00
[2025-03-29T03:49:46.898+0000] {processor.py:179} INFO - Processing /opt/airflow/dags/pipeline.py took 0.153 seconds
[2025-03-29T03:58:53.331+0000] {processor.py:157} INFO - Started process (PID=1242) to work on /opt/airflow/dags/pipeline.py
[2025-03-29T03:58:53.332+0000] {processor.py:826} INFO - Processing file /opt/airflow/dags/pipeline.py for tasks to queue
[2025-03-29T03:58:53.334+0000] {logging_mixin.py:150} INFO - [2025-03-29T03:58:53.333+0000] {dagbag.py:541} INFO - Filling up the DagBag from /opt/airflow/dags/pipeline.py
[2025-03-29T03:58:53.347+0000] {processor.py:836} INFO - DAG(s) dict_keys(['pipeline']) retrieved from /opt/airflow/dags/pipeline.py
[2025-03-29T03:58:53.396+0000] {logging_mixin.py:150} INFO - [2025-03-29T03:58:53.395+0000] {dag.py:2742} INFO - Sync 1 DAGs
[2025-03-29T03:58:53.425+0000] {logging_mixin.py:150} INFO - [2025-03-29T03:58:53.425+0000] {dag.py:3504} INFO - Setting next_dagrun for pipeline to 2025-03-29T00:00:00+00:00, run_after=2025-03-30T00:00:00+00:00
[2025-03-29T03:58:53.445+0000] {processor.py:179} INFO - Processing /opt/airflow/dags/pipeline.py took 0.120 seconds
[2025-03-29T04:26:51.244+0000] {processor.py:157} INFO - Started process (PID=1247) to work on /opt/airflow/dags/pipeline.py
[2025-03-29T04:26:51.247+0000] {processor.py:826} INFO - Processing file /opt/airflow/dags/pipeline.py for tasks to queue
[2025-03-29T04:26:51.249+0000] {logging_mixin.py:150} INFO - [2025-03-29T04:26:51.248+0000] {dagbag.py:541} INFO - Filling up the DagBag from /opt/airflow/dags/pipeline.py
[2025-03-29T04:26:51.274+0000] {processor.py:836} INFO - DAG(s) dict_keys(['pipeline']) retrieved from /opt/airflow/dags/pipeline.py
[2025-03-29T04:26:51.342+0000] {logging_mixin.py:150} INFO - [2025-03-29T04:26:51.342+0000] {dag.py:2742} INFO - Sync 1 DAGs
[2025-03-29T04:26:51.388+0000] {logging_mixin.py:150} INFO - [2025-03-29T04:26:51.387+0000] {dag.py:3504} INFO - Setting next_dagrun for pipeline to 2025-03-29T00:00:00+00:00, run_after=2025-03-30T00:00:00+00:00
[2025-03-29T04:26:51.421+0000] {processor.py:179} INFO - Processing /opt/airflow/dags/pipeline.py took 0.184 seconds
[2025-03-29T04:27:24.884+0000] {processor.py:157} INFO - Started process (PID=1253) to work on /opt/airflow/dags/pipeline.py
[2025-03-29T04:27:24.885+0000] {processor.py:826} INFO - Processing file /opt/airflow/dags/pipeline.py for tasks to queue
[2025-03-29T04:27:24.892+0000] {logging_mixin.py:150} INFO - [2025-03-29T04:27:24.892+0000] {dagbag.py:541} INFO - Filling up the DagBag from /opt/airflow/dags/pipeline.py
[2025-03-29T04:27:24.977+0000] {processor.py:836} INFO - DAG(s) dict_keys(['pipeline']) retrieved from /opt/airflow/dags/pipeline.py
[2025-03-29T04:27:25.082+0000] {logging_mixin.py:150} INFO - [2025-03-29T04:27:25.082+0000] {dag.py:2742} INFO - Sync 1 DAGs
[2025-03-29T04:27:25.119+0000] {logging_mixin.py:150} INFO - [2025-03-29T04:27:25.119+0000] {dag.py:3504} INFO - Setting next_dagrun for pipeline to 2025-03-29T00:00:00+00:00, run_after=2025-03-30T00:00:00+00:00
[2025-03-29T04:27:25.168+0000] {processor.py:179} INFO - Processing /opt/airflow/dags/pipeline.py took 0.293 seconds
[2025-03-29T04:27:59.924+0000] {processor.py:157} INFO - Started process (PID=1260) to work on /opt/airflow/dags/pipeline.py
[2025-03-29T04:27:59.925+0000] {processor.py:826} INFO - Processing file /opt/airflow/dags/pipeline.py for tasks to queue
[2025-03-29T04:27:59.927+0000] {logging_mixin.py:150} INFO - [2025-03-29T04:27:59.927+0000] {dagbag.py:541} INFO - Filling up the DagBag from /opt/airflow/dags/pipeline.py
[2025-03-29T04:27:59.945+0000] {processor.py:836} INFO - DAG(s) dict_keys(['pipeline']) retrieved from /opt/airflow/dags/pipeline.py
[2025-03-29T04:28:00.086+0000] {logging_mixin.py:150} INFO - [2025-03-29T04:28:00.085+0000] {dag.py:2742} INFO - Sync 1 DAGs
[2025-03-29T04:28:00.143+0000] {logging_mixin.py:150} INFO - [2025-03-29T04:28:00.143+0000] {dag.py:3504} INFO - Setting next_dagrun for pipeline to 2025-03-29T00:00:00+00:00, run_after=2025-03-30T00:00:00+00:00
[2025-03-29T04:28:00.192+0000] {processor.py:179} INFO - Processing /opt/airflow/dags/pipeline.py took 0.275 seconds
[2025-03-29T04:28:34.493+0000] {processor.py:157} INFO - Started process (PID=1267) to work on /opt/airflow/dags/pipeline.py
[2025-03-29T04:28:34.494+0000] {processor.py:826} INFO - Processing file /opt/airflow/dags/pipeline.py for tasks to queue
[2025-03-29T04:28:34.496+0000] {logging_mixin.py:150} INFO - [2025-03-29T04:28:34.496+0000] {dagbag.py:541} INFO - Filling up the DagBag from /opt/airflow/dags/pipeline.py
[2025-03-29T04:28:34.528+0000] {processor.py:836} INFO - DAG(s) dict_keys(['pipeline']) retrieved from /opt/airflow/dags/pipeline.py
[2025-03-29T04:28:34.640+0000] {logging_mixin.py:150} INFO - [2025-03-29T04:28:34.640+0000] {dag.py:2742} INFO - Sync 1 DAGs
[2025-03-29T04:28:34.722+0000] {logging_mixin.py:150} INFO - [2025-03-29T04:28:34.722+0000] {dag.py:3504} INFO - Setting next_dagrun for pipeline to 2025-03-29T00:00:00+00:00, run_after=2025-03-30T00:00:00+00:00
[2025-03-29T04:28:34.768+0000] {processor.py:179} INFO - Processing /opt/airflow/dags/pipeline.py took 0.282 seconds
[2025-03-29T04:44:24.055+0000] {processor.py:157} INFO - Started process (PID=1275) to work on /opt/airflow/dags/pipeline.py
[2025-03-29T04:44:24.056+0000] {processor.py:826} INFO - Processing file /opt/airflow/dags/pipeline.py for tasks to queue
[2025-03-29T04:44:24.057+0000] {logging_mixin.py:150} INFO - [2025-03-29T04:44:24.057+0000] {dagbag.py:541} INFO - Filling up the DagBag from /opt/airflow/dags/pipeline.py
[2025-03-29T04:44:24.070+0000] {processor.py:836} INFO - DAG(s) dict_keys(['pipeline']) retrieved from /opt/airflow/dags/pipeline.py
[2025-03-29T04:44:24.124+0000] {logging_mixin.py:150} INFO - [2025-03-29T04:44:24.124+0000] {dag.py:2742} INFO - Sync 1 DAGs
[2025-03-29T04:44:24.153+0000] {logging_mixin.py:150} INFO - [2025-03-29T04:44:24.153+0000] {dag.py:3504} INFO - Setting next_dagrun for pipeline to 2025-03-29T00:00:00+00:00, run_after=2025-03-30T00:00:00+00:00
[2025-03-29T04:44:24.173+0000] {processor.py:179} INFO - Processing /opt/airflow/dags/pipeline.py took 0.123 seconds
[2025-03-29T04:44:58.812+0000] {processor.py:157} INFO - Started process (PID=1283) to work on /opt/airflow/dags/pipeline.py
[2025-03-29T04:44:58.814+0000] {processor.py:826} INFO - Processing file /opt/airflow/dags/pipeline.py for tasks to queue
[2025-03-29T04:44:58.817+0000] {logging_mixin.py:150} INFO - [2025-03-29T04:44:58.816+0000] {dagbag.py:541} INFO - Filling up the DagBag from /opt/airflow/dags/pipeline.py
[2025-03-29T04:44:58.833+0000] {processor.py:836} INFO - DAG(s) dict_keys(['pipeline']) retrieved from /opt/airflow/dags/pipeline.py
[2025-03-29T04:44:58.952+0000] {logging_mixin.py:150} INFO - [2025-03-29T04:44:58.951+0000] {dag.py:2742} INFO - Sync 1 DAGs
[2025-03-29T04:44:59.024+0000] {logging_mixin.py:150} INFO - [2025-03-29T04:44:59.023+0000] {dag.py:3504} INFO - Setting next_dagrun for pipeline to 2025-03-29T00:00:00+00:00, run_after=2025-03-30T00:00:00+00:00
[2025-03-29T04:44:59.072+0000] {processor.py:179} INFO - Processing /opt/airflow/dags/pipeline.py took 0.268 seconds
[2025-03-29T04:45:43.079+0000] {processor.py:157} INFO - Started process (PID=1288) to work on /opt/airflow/dags/pipeline.py
[2025-03-29T04:45:43.083+0000] {processor.py:826} INFO - Processing file /opt/airflow/dags/pipeline.py for tasks to queue
[2025-03-29T04:45:43.085+0000] {logging_mixin.py:150} INFO - [2025-03-29T04:45:43.085+0000] {dagbag.py:541} INFO - Filling up the DagBag from /opt/airflow/dags/pipeline.py
[2025-03-29T04:45:43.100+0000] {processor.py:836} INFO - DAG(s) dict_keys(['pipeline']) retrieved from /opt/airflow/dags/pipeline.py
[2025-03-29T04:45:43.201+0000] {logging_mixin.py:150} INFO - [2025-03-29T04:45:43.201+0000] {dag.py:2742} INFO - Sync 1 DAGs
[2025-03-29T04:45:43.247+0000] {logging_mixin.py:150} INFO - [2025-03-29T04:45:43.247+0000] {dag.py:3504} INFO - Setting next_dagrun for pipeline to 2025-03-29T00:00:00+00:00, run_after=2025-03-30T00:00:00+00:00
[2025-03-29T04:45:43.282+0000] {processor.py:179} INFO - Processing /opt/airflow/dags/pipeline.py took 0.210 seconds
[2025-03-29T05:01:32.858+0000] {processor.py:157} INFO - Started process (PID=1293) to work on /opt/airflow/dags/pipeline.py
[2025-03-29T05:01:32.861+0000] {processor.py:826} INFO - Processing file /opt/airflow/dags/pipeline.py for tasks to queue
[2025-03-29T05:01:32.863+0000] {logging_mixin.py:150} INFO - [2025-03-29T05:01:32.862+0000] {dagbag.py:541} INFO - Filling up the DagBag from /opt/airflow/dags/pipeline.py
[2025-03-29T05:01:32.878+0000] {processor.py:836} INFO - DAG(s) dict_keys(['pipeline']) retrieved from /opt/airflow/dags/pipeline.py
[2025-03-29T05:01:32.928+0000] {logging_mixin.py:150} INFO - [2025-03-29T05:01:32.927+0000] {dag.py:2742} INFO - Sync 1 DAGs
[2025-03-29T05:01:32.956+0000] {logging_mixin.py:150} INFO - [2025-03-29T05:01:32.956+0000] {dag.py:3504} INFO - Setting next_dagrun for pipeline to 2025-03-29T00:00:00+00:00, run_after=2025-03-30T00:00:00+00:00
[2025-03-29T05:01:32.985+0000] {processor.py:179} INFO - Processing /opt/airflow/dags/pipeline.py took 0.138 seconds
[2025-03-29T05:02:08.616+0000] {processor.py:157} INFO - Started process (PID=1299) to work on /opt/airflow/dags/pipeline.py
[2025-03-29T05:02:08.646+0000] {processor.py:826} INFO - Processing file /opt/airflow/dags/pipeline.py for tasks to queue
[2025-03-29T05:02:08.661+0000] {logging_mixin.py:150} INFO - [2025-03-29T05:02:08.660+0000] {dagbag.py:541} INFO - Filling up the DagBag from /opt/airflow/dags/pipeline.py
[2025-03-29T05:02:08.708+0000] {processor.py:836} INFO - DAG(s) dict_keys(['pipeline']) retrieved from /opt/airflow/dags/pipeline.py
[2025-03-29T05:02:08.783+0000] {logging_mixin.py:150} INFO - [2025-03-29T05:02:08.783+0000] {dag.py:2742} INFO - Sync 1 DAGs
[2025-03-29T05:02:08.826+0000] {logging_mixin.py:150} INFO - [2025-03-29T05:02:08.826+0000] {dag.py:3504} INFO - Setting next_dagrun for pipeline to 2025-03-29T00:00:00+00:00, run_after=2025-03-30T00:00:00+00:00
[2025-03-29T05:02:08.857+0000] {processor.py:179} INFO - Processing /opt/airflow/dags/pipeline.py took 0.252 seconds
[2025-03-29T05:02:46.327+0000] {processor.py:157} INFO - Started process (PID=1305) to work on /opt/airflow/dags/pipeline.py
[2025-03-29T05:02:46.330+0000] {processor.py:826} INFO - Processing file /opt/airflow/dags/pipeline.py for tasks to queue
[2025-03-29T05:02:46.331+0000] {logging_mixin.py:150} INFO - [2025-03-29T05:02:46.331+0000] {dagbag.py:541} INFO - Filling up the DagBag from /opt/airflow/dags/pipeline.py
[2025-03-29T05:02:46.350+0000] {processor.py:836} INFO - DAG(s) dict_keys(['pipeline']) retrieved from /opt/airflow/dags/pipeline.py
[2025-03-29T05:02:46.448+0000] {logging_mixin.py:150} INFO - [2025-03-29T05:02:46.448+0000] {dag.py:2742} INFO - Sync 1 DAGs
[2025-03-29T05:02:46.489+0000] {logging_mixin.py:150} INFO - [2025-03-29T05:02:46.489+0000] {dag.py:3504} INFO - Setting next_dagrun for pipeline to 2025-03-29T00:00:00+00:00, run_after=2025-03-30T00:00:00+00:00
[2025-03-29T05:02:46.521+0000] {processor.py:179} INFO - Processing /opt/airflow/dags/pipeline.py took 0.201 seconds
[2025-03-29T05:03:20.705+0000] {processor.py:157} INFO - Started process (PID=1310) to work on /opt/airflow/dags/pipeline.py
[2025-03-29T05:03:20.708+0000] {processor.py:826} INFO - Processing file /opt/airflow/dags/pipeline.py for tasks to queue
[2025-03-29T05:03:20.711+0000] {logging_mixin.py:150} INFO - [2025-03-29T05:03:20.710+0000] {dagbag.py:541} INFO - Filling up the DagBag from /opt/airflow/dags/pipeline.py
[2025-03-29T05:03:20.725+0000] {processor.py:836} INFO - DAG(s) dict_keys(['pipeline']) retrieved from /opt/airflow/dags/pipeline.py
[2025-03-29T05:03:20.823+0000] {logging_mixin.py:150} INFO - [2025-03-29T05:03:20.822+0000] {dag.py:2742} INFO - Sync 1 DAGs
[2025-03-29T05:03:20.892+0000] {logging_mixin.py:150} INFO - [2025-03-29T05:03:20.892+0000] {dag.py:3504} INFO - Setting next_dagrun for pipeline to 2025-03-29T00:00:00+00:00, run_after=2025-03-30T00:00:00+00:00
[2025-03-29T05:03:20.961+0000] {processor.py:179} INFO - Processing /opt/airflow/dags/pipeline.py took 0.263 seconds
[2025-03-29T05:03:51.832+0000] {processor.py:157} INFO - Started process (PID=1315) to work on /opt/airflow/dags/pipeline.py
[2025-03-29T05:03:51.848+0000] {processor.py:826} INFO - Processing file /opt/airflow/dags/pipeline.py for tasks to queue
[2025-03-29T05:03:51.870+0000] {logging_mixin.py:150} INFO - [2025-03-29T05:03:51.863+0000] {dagbag.py:541} INFO - Filling up the DagBag from /opt/airflow/dags/pipeline.py
[2025-03-29T05:03:52.066+0000] {processor.py:836} INFO - DAG(s) dict_keys(['pipeline']) retrieved from /opt/airflow/dags/pipeline.py
[2025-03-29T05:03:52.696+0000] {logging_mixin.py:150} INFO - [2025-03-29T05:03:52.694+0000] {dag.py:2742} INFO - Sync 1 DAGs
[2025-03-29T05:03:53.068+0000] {logging_mixin.py:150} INFO - [2025-03-29T05:03:53.065+0000] {dag.py:3504} INFO - Setting next_dagrun for pipeline to 2025-03-29T00:00:00+00:00, run_after=2025-03-30T00:00:00+00:00
[2025-03-29T05:03:53.313+0000] {processor.py:179} INFO - Processing /opt/airflow/dags/pipeline.py took 1.564 seconds
[2025-03-29T05:19:32.556+0000] {processor.py:157} INFO - Started process (PID=1321) to work on /opt/airflow/dags/pipeline.py
[2025-03-29T05:19:32.558+0000] {processor.py:826} INFO - Processing file /opt/airflow/dags/pipeline.py for tasks to queue
[2025-03-29T05:19:32.560+0000] {logging_mixin.py:150} INFO - [2025-03-29T05:19:32.559+0000] {dagbag.py:541} INFO - Filling up the DagBag from /opt/airflow/dags/pipeline.py
[2025-03-29T05:19:32.580+0000] {processor.py:836} INFO - DAG(s) dict_keys(['pipeline']) retrieved from /opt/airflow/dags/pipeline.py
[2025-03-29T05:19:32.638+0000] {logging_mixin.py:150} INFO - [2025-03-29T05:19:32.638+0000] {dag.py:2742} INFO - Sync 1 DAGs
[2025-03-29T05:19:32.726+0000] {logging_mixin.py:150} INFO - [2025-03-29T05:19:32.726+0000] {dag.py:3504} INFO - Setting next_dagrun for pipeline to 2025-03-29T00:00:00+00:00, run_after=2025-03-30T00:00:00+00:00
[2025-03-29T05:19:32.761+0000] {processor.py:179} INFO - Processing /opt/airflow/dags/pipeline.py took 0.216 seconds
[2025-03-29T05:20:10.066+0000] {processor.py:157} INFO - Started process (PID=1330) to work on /opt/airflow/dags/pipeline.py
[2025-03-29T05:20:10.067+0000] {processor.py:826} INFO - Processing file /opt/airflow/dags/pipeline.py for tasks to queue
[2025-03-29T05:20:10.069+0000] {logging_mixin.py:150} INFO - [2025-03-29T05:20:10.068+0000] {dagbag.py:541} INFO - Filling up the DagBag from /opt/airflow/dags/pipeline.py
[2025-03-29T05:20:10.084+0000] {processor.py:836} INFO - DAG(s) dict_keys(['pipeline']) retrieved from /opt/airflow/dags/pipeline.py
[2025-03-29T05:20:10.197+0000] {logging_mixin.py:150} INFO - [2025-03-29T05:20:10.196+0000] {dag.py:2742} INFO - Sync 1 DAGs
[2025-03-29T05:20:10.288+0000] {logging_mixin.py:150} INFO - [2025-03-29T05:20:10.288+0000] {dag.py:3504} INFO - Setting next_dagrun for pipeline to 2025-03-29T00:00:00+00:00, run_after=2025-03-30T00:00:00+00:00
[2025-03-29T05:20:10.319+0000] {processor.py:179} INFO - Processing /opt/airflow/dags/pipeline.py took 0.259 seconds
[2025-03-29T05:20:45.145+0000] {processor.py:157} INFO - Started process (PID=1337) to work on /opt/airflow/dags/pipeline.py
[2025-03-29T05:20:45.148+0000] {processor.py:826} INFO - Processing file /opt/airflow/dags/pipeline.py for tasks to queue
[2025-03-29T05:20:45.151+0000] {logging_mixin.py:150} INFO - [2025-03-29T05:20:45.150+0000] {dagbag.py:541} INFO - Filling up the DagBag from /opt/airflow/dags/pipeline.py
[2025-03-29T05:20:45.167+0000] {processor.py:836} INFO - DAG(s) dict_keys(['pipeline']) retrieved from /opt/airflow/dags/pipeline.py
[2025-03-29T05:20:45.304+0000] {logging_mixin.py:150} INFO - [2025-03-29T05:20:45.303+0000] {dag.py:2742} INFO - Sync 1 DAGs
[2025-03-29T05:20:45.359+0000] {logging_mixin.py:150} INFO - [2025-03-29T05:20:45.359+0000] {dag.py:3504} INFO - Setting next_dagrun for pipeline to 2025-03-29T00:00:00+00:00, run_after=2025-03-30T00:00:00+00:00
[2025-03-29T05:20:45.389+0000] {processor.py:179} INFO - Processing /opt/airflow/dags/pipeline.py took 0.257 seconds
[2025-03-29T05:21:19.577+0000] {processor.py:157} INFO - Started process (PID=1343) to work on /opt/airflow/dags/pipeline.py
[2025-03-29T05:21:19.579+0000] {processor.py:826} INFO - Processing file /opt/airflow/dags/pipeline.py for tasks to queue
[2025-03-29T05:21:19.581+0000] {logging_mixin.py:150} INFO - [2025-03-29T05:21:19.580+0000] {dagbag.py:541} INFO - Filling up the DagBag from /opt/airflow/dags/pipeline.py
[2025-03-29T05:21:19.618+0000] {processor.py:836} INFO - DAG(s) dict_keys(['pipeline']) retrieved from /opt/airflow/dags/pipeline.py
[2025-03-29T05:21:19.703+0000] {logging_mixin.py:150} INFO - [2025-03-29T05:21:19.702+0000] {dag.py:2742} INFO - Sync 1 DAGs
[2025-03-29T05:21:19.748+0000] {logging_mixin.py:150} INFO - [2025-03-29T05:21:19.748+0000] {dag.py:3504} INFO - Setting next_dagrun for pipeline to 2025-03-29T00:00:00+00:00, run_after=2025-03-30T00:00:00+00:00
[2025-03-29T05:21:19.801+0000] {processor.py:179} INFO - Processing /opt/airflow/dags/pipeline.py took 0.229 seconds
[2025-03-29T05:37:13.723+0000] {processor.py:157} INFO - Started process (PID=1360) to work on /opt/airflow/dags/pipeline.py
[2025-03-29T05:37:13.724+0000] {processor.py:826} INFO - Processing file /opt/airflow/dags/pipeline.py for tasks to queue
[2025-03-29T05:37:13.726+0000] {logging_mixin.py:150} INFO - [2025-03-29T05:37:13.726+0000] {dagbag.py:541} INFO - Filling up the DagBag from /opt/airflow/dags/pipeline.py
[2025-03-29T05:37:13.741+0000] {processor.py:836} INFO - DAG(s) dict_keys(['pipeline']) retrieved from /opt/airflow/dags/pipeline.py
[2025-03-29T05:37:13.793+0000] {logging_mixin.py:150} INFO - [2025-03-29T05:37:13.792+0000] {dag.py:2742} INFO - Sync 1 DAGs
[2025-03-29T05:37:13.856+0000] {logging_mixin.py:150} INFO - [2025-03-29T05:37:13.855+0000] {dag.py:3504} INFO - Setting next_dagrun for pipeline to 2025-03-29T00:00:00+00:00, run_after=2025-03-30T00:00:00+00:00
[2025-03-29T05:37:13.894+0000] {processor.py:179} INFO - Processing /opt/airflow/dags/pipeline.py took 0.175 seconds
[2025-03-29T05:37:47.600+0000] {processor.py:157} INFO - Started process (PID=1365) to work on /opt/airflow/dags/pipeline.py
[2025-03-29T05:37:47.602+0000] {processor.py:826} INFO - Processing file /opt/airflow/dags/pipeline.py for tasks to queue
[2025-03-29T05:37:47.604+0000] {logging_mixin.py:150} INFO - [2025-03-29T05:37:47.603+0000] {dagbag.py:541} INFO - Filling up the DagBag from /opt/airflow/dags/pipeline.py
[2025-03-29T05:37:47.619+0000] {processor.py:836} INFO - DAG(s) dict_keys(['pipeline']) retrieved from /opt/airflow/dags/pipeline.py
[2025-03-29T05:37:47.815+0000] {logging_mixin.py:150} INFO - [2025-03-29T05:37:47.815+0000] {dag.py:2742} INFO - Sync 1 DAGs
[2025-03-29T05:37:47.888+0000] {logging_mixin.py:150} INFO - [2025-03-29T05:37:47.888+0000] {dag.py:3504} INFO - Setting next_dagrun for pipeline to 2025-03-29T00:00:00+00:00, run_after=2025-03-30T00:00:00+00:00
[2025-03-29T05:37:47.925+0000] {processor.py:179} INFO - Processing /opt/airflow/dags/pipeline.py took 0.331 seconds
[2025-03-29T05:38:22.071+0000] {processor.py:157} INFO - Started process (PID=1370) to work on /opt/airflow/dags/pipeline.py
[2025-03-29T05:38:22.073+0000] {processor.py:826} INFO - Processing file /opt/airflow/dags/pipeline.py for tasks to queue
[2025-03-29T05:38:22.077+0000] {logging_mixin.py:150} INFO - [2025-03-29T05:38:22.077+0000] {dagbag.py:541} INFO - Filling up the DagBag from /opt/airflow/dags/pipeline.py
[2025-03-29T05:38:22.099+0000] {processor.py:836} INFO - DAG(s) dict_keys(['pipeline']) retrieved from /opt/airflow/dags/pipeline.py
[2025-03-29T05:38:22.188+0000] {logging_mixin.py:150} INFO - [2025-03-29T05:38:22.187+0000] {dag.py:2742} INFO - Sync 1 DAGs
[2025-03-29T05:38:22.263+0000] {logging_mixin.py:150} INFO - [2025-03-29T05:38:22.263+0000] {dag.py:3504} INFO - Setting next_dagrun for pipeline to 2025-03-29T00:00:00+00:00, run_after=2025-03-30T00:00:00+00:00
[2025-03-29T05:38:22.295+0000] {processor.py:179} INFO - Processing /opt/airflow/dags/pipeline.py took 0.239 seconds
[2025-03-29T05:38:56.960+0000] {processor.py:157} INFO - Started process (PID=1375) to work on /opt/airflow/dags/pipeline.py
[2025-03-29T05:38:56.962+0000] {processor.py:826} INFO - Processing file /opt/airflow/dags/pipeline.py for tasks to queue
[2025-03-29T05:38:56.964+0000] {logging_mixin.py:150} INFO - [2025-03-29T05:38:56.963+0000] {dagbag.py:541} INFO - Filling up the DagBag from /opt/airflow/dags/pipeline.py
[2025-03-29T05:38:56.998+0000] {processor.py:836} INFO - DAG(s) dict_keys(['pipeline']) retrieved from /opt/airflow/dags/pipeline.py
[2025-03-29T05:38:57.101+0000] {logging_mixin.py:150} INFO - [2025-03-29T05:38:57.100+0000] {dag.py:2742} INFO - Sync 1 DAGs
[2025-03-29T05:38:57.159+0000] {logging_mixin.py:150} INFO - [2025-03-29T05:38:57.159+0000] {dag.py:3504} INFO - Setting next_dagrun for pipeline to 2025-03-29T00:00:00+00:00, run_after=2025-03-30T00:00:00+00:00
[2025-03-29T05:38:57.215+0000] {processor.py:179} INFO - Processing /opt/airflow/dags/pipeline.py took 0.263 seconds
[2025-03-29T05:54:47.618+0000] {processor.py:157} INFO - Started process (PID=1381) to work on /opt/airflow/dags/pipeline.py
[2025-03-29T05:54:47.620+0000] {processor.py:826} INFO - Processing file /opt/airflow/dags/pipeline.py for tasks to queue
[2025-03-29T05:54:47.626+0000] {logging_mixin.py:150} INFO - [2025-03-29T05:54:47.625+0000] {dagbag.py:541} INFO - Filling up the DagBag from /opt/airflow/dags/pipeline.py
[2025-03-29T05:54:47.676+0000] {processor.py:836} INFO - DAG(s) dict_keys(['pipeline']) retrieved from /opt/airflow/dags/pipeline.py
[2025-03-29T05:54:47.757+0000] {logging_mixin.py:150} INFO - [2025-03-29T05:54:47.756+0000] {dag.py:2742} INFO - Sync 1 DAGs
[2025-03-29T05:54:47.784+0000] {logging_mixin.py:150} INFO - [2025-03-29T05:54:47.784+0000] {dag.py:3504} INFO - Setting next_dagrun for pipeline to 2025-03-29T00:00:00+00:00, run_after=2025-03-30T00:00:00+00:00
[2025-03-29T05:54:47.806+0000] {processor.py:179} INFO - Processing /opt/airflow/dags/pipeline.py took 0.200 seconds
[2025-03-29T05:55:22.565+0000] {processor.py:157} INFO - Started process (PID=1386) to work on /opt/airflow/dags/pipeline.py
[2025-03-29T05:55:22.567+0000] {processor.py:826} INFO - Processing file /opt/airflow/dags/pipeline.py for tasks to queue
[2025-03-29T05:55:22.568+0000] {logging_mixin.py:150} INFO - [2025-03-29T05:55:22.568+0000] {dagbag.py:541} INFO - Filling up the DagBag from /opt/airflow/dags/pipeline.py
[2025-03-29T05:55:22.582+0000] {processor.py:836} INFO - DAG(s) dict_keys(['pipeline']) retrieved from /opt/airflow/dags/pipeline.py
[2025-03-29T05:55:22.638+0000] {logging_mixin.py:150} INFO - [2025-03-29T05:55:22.637+0000] {dag.py:2742} INFO - Sync 1 DAGs
[2025-03-29T05:55:22.764+0000] {logging_mixin.py:150} INFO - [2025-03-29T05:55:22.764+0000] {dag.py:3504} INFO - Setting next_dagrun for pipeline to 2025-03-29T00:00:00+00:00, run_after=2025-03-30T00:00:00+00:00
[2025-03-29T05:55:22.791+0000] {processor.py:179} INFO - Processing /opt/airflow/dags/pipeline.py took 0.232 seconds
[2025-03-29T05:55:57.031+0000] {processor.py:157} INFO - Started process (PID=1392) to work on /opt/airflow/dags/pipeline.py
[2025-03-29T05:55:57.032+0000] {processor.py:826} INFO - Processing file /opt/airflow/dags/pipeline.py for tasks to queue
[2025-03-29T05:55:57.035+0000] {logging_mixin.py:150} INFO - [2025-03-29T05:55:57.034+0000] {dagbag.py:541} INFO - Filling up the DagBag from /opt/airflow/dags/pipeline.py
[2025-03-29T05:55:57.050+0000] {processor.py:836} INFO - DAG(s) dict_keys(['pipeline']) retrieved from /opt/airflow/dags/pipeline.py
[2025-03-29T05:55:57.318+0000] {logging_mixin.py:150} INFO - [2025-03-29T05:55:57.318+0000] {dag.py:2742} INFO - Sync 1 DAGs
[2025-03-29T05:55:57.345+0000] {logging_mixin.py:150} INFO - [2025-03-29T05:55:57.345+0000] {dag.py:3504} INFO - Setting next_dagrun for pipeline to 2025-03-29T00:00:00+00:00, run_after=2025-03-30T00:00:00+00:00
[2025-03-29T05:55:57.365+0000] {processor.py:179} INFO - Processing /opt/airflow/dags/pipeline.py took 0.340 seconds
[2025-03-29T05:56:32.150+0000] {processor.py:157} INFO - Started process (PID=1399) to work on /opt/airflow/dags/pipeline.py
[2025-03-29T05:56:32.152+0000] {processor.py:826} INFO - Processing file /opt/airflow/dags/pipeline.py for tasks to queue
[2025-03-29T05:56:32.155+0000] {logging_mixin.py:150} INFO - [2025-03-29T05:56:32.154+0000] {dagbag.py:541} INFO - Filling up the DagBag from /opt/airflow/dags/pipeline.py
[2025-03-29T05:56:32.179+0000] {processor.py:836} INFO - DAG(s) dict_keys(['pipeline']) retrieved from /opt/airflow/dags/pipeline.py
[2025-03-29T05:56:32.292+0000] {logging_mixin.py:150} INFO - [2025-03-29T05:56:32.292+0000] {dag.py:2742} INFO - Sync 1 DAGs
[2025-03-29T05:56:32.550+0000] {logging_mixin.py:150} INFO - [2025-03-29T05:56:32.549+0000] {dag.py:3504} INFO - Setting next_dagrun for pipeline to 2025-03-29T00:00:00+00:00, run_after=2025-03-30T00:00:00+00:00
[2025-03-29T05:56:32.670+0000] {processor.py:179} INFO - Processing /opt/airflow/dags/pipeline.py took 0.528 seconds
[2025-03-29T05:59:53.672+0000] {processor.py:157} INFO - Started process (PID=1411) to work on /opt/airflow/dags/pipeline.py
[2025-03-29T05:59:53.674+0000] {processor.py:826} INFO - Processing file /opt/airflow/dags/pipeline.py for tasks to queue
[2025-03-29T05:59:53.675+0000] {logging_mixin.py:150} INFO - [2025-03-29T05:59:53.675+0000] {dagbag.py:541} INFO - Filling up the DagBag from /opt/airflow/dags/pipeline.py
[2025-03-29T05:59:53.687+0000] {processor.py:836} INFO - DAG(s) dict_keys(['pipeline']) retrieved from /opt/airflow/dags/pipeline.py
[2025-03-29T05:59:53.730+0000] {logging_mixin.py:150} INFO - [2025-03-29T05:59:53.729+0000] {dag.py:2742} INFO - Sync 1 DAGs
[2025-03-29T05:59:53.762+0000] {logging_mixin.py:150} INFO - [2025-03-29T05:59:53.761+0000] {dag.py:3504} INFO - Setting next_dagrun for pipeline to 2025-03-29T00:00:00+00:00, run_after=2025-03-30T00:00:00+00:00
[2025-03-29T05:59:53.853+0000] {processor.py:179} INFO - Processing /opt/airflow/dags/pipeline.py took 0.185 seconds
[2025-03-29T06:15:28.102+0000] {processor.py:157} INFO - Started process (PID=1419) to work on /opt/airflow/dags/pipeline.py
[2025-03-29T06:15:28.104+0000] {processor.py:826} INFO - Processing file /opt/airflow/dags/pipeline.py for tasks to queue
[2025-03-29T06:15:28.110+0000] {logging_mixin.py:150} INFO - [2025-03-29T06:15:28.110+0000] {dagbag.py:541} INFO - Filling up the DagBag from /opt/airflow/dags/pipeline.py
[2025-03-29T06:15:28.128+0000] {processor.py:836} INFO - DAG(s) dict_keys(['pipeline']) retrieved from /opt/airflow/dags/pipeline.py
[2025-03-29T06:15:28.538+0000] {logging_mixin.py:150} INFO - [2025-03-29T06:15:28.538+0000] {dag.py:2742} INFO - Sync 1 DAGs
[2025-03-29T06:15:28.570+0000] {logging_mixin.py:150} INFO - [2025-03-29T06:15:28.570+0000] {dag.py:3504} INFO - Setting next_dagrun for pipeline to 2025-03-29T00:00:00+00:00, run_after=2025-03-30T00:00:00+00:00
[2025-03-29T06:15:28.595+0000] {processor.py:179} INFO - Processing /opt/airflow/dags/pipeline.py took 0.504 seconds
[2025-03-29T06:16:02.875+0000] {processor.py:157} INFO - Started process (PID=1428) to work on /opt/airflow/dags/pipeline.py
[2025-03-29T06:16:02.876+0000] {processor.py:826} INFO - Processing file /opt/airflow/dags/pipeline.py for tasks to queue
[2025-03-29T06:16:02.878+0000] {logging_mixin.py:150} INFO - [2025-03-29T06:16:02.877+0000] {dagbag.py:541} INFO - Filling up the DagBag from /opt/airflow/dags/pipeline.py
[2025-03-29T06:16:02.901+0000] {processor.py:836} INFO - DAG(s) dict_keys(['pipeline']) retrieved from /opt/airflow/dags/pipeline.py
[2025-03-29T06:16:03.009+0000] {logging_mixin.py:150} INFO - [2025-03-29T06:16:03.008+0000] {dag.py:2742} INFO - Sync 1 DAGs
[2025-03-29T06:16:03.058+0000] {logging_mixin.py:150} INFO - [2025-03-29T06:16:03.058+0000] {dag.py:3504} INFO - Setting next_dagrun for pipeline to 2025-03-29T00:00:00+00:00, run_after=2025-03-30T00:00:00+00:00
[2025-03-29T06:16:03.090+0000] {processor.py:179} INFO - Processing /opt/airflow/dags/pipeline.py took 0.220 seconds
[2025-03-29T06:16:37.730+0000] {processor.py:157} INFO - Started process (PID=1434) to work on /opt/airflow/dags/pipeline.py
[2025-03-29T06:16:37.732+0000] {processor.py:826} INFO - Processing file /opt/airflow/dags/pipeline.py for tasks to queue
[2025-03-29T06:16:37.734+0000] {logging_mixin.py:150} INFO - [2025-03-29T06:16:37.734+0000] {dagbag.py:541} INFO - Filling up the DagBag from /opt/airflow/dags/pipeline.py
[2025-03-29T06:16:37.866+0000] {processor.py:836} INFO - DAG(s) dict_keys(['pipeline']) retrieved from /opt/airflow/dags/pipeline.py
[2025-03-29T06:16:38.014+0000] {logging_mixin.py:150} INFO - [2025-03-29T06:16:38.014+0000] {dag.py:2742} INFO - Sync 1 DAGs
[2025-03-29T06:16:38.082+0000] {logging_mixin.py:150} INFO - [2025-03-29T06:16:38.082+0000] {dag.py:3504} INFO - Setting next_dagrun for pipeline to 2025-03-29T00:00:00+00:00, run_after=2025-03-30T00:00:00+00:00
[2025-03-29T06:16:38.114+0000] {processor.py:179} INFO - Processing /opt/airflow/dags/pipeline.py took 0.393 seconds
[2025-03-29T06:17:12.314+0000] {processor.py:157} INFO - Started process (PID=1439) to work on /opt/airflow/dags/pipeline.py
[2025-03-29T06:17:12.322+0000] {processor.py:826} INFO - Processing file /opt/airflow/dags/pipeline.py for tasks to queue
[2025-03-29T06:17:12.328+0000] {logging_mixin.py:150} INFO - [2025-03-29T06:17:12.328+0000] {dagbag.py:541} INFO - Filling up the DagBag from /opt/airflow/dags/pipeline.py
[2025-03-29T06:17:12.355+0000] {processor.py:836} INFO - DAG(s) dict_keys(['pipeline']) retrieved from /opt/airflow/dags/pipeline.py
[2025-03-29T06:17:12.466+0000] {logging_mixin.py:150} INFO - [2025-03-29T06:17:12.466+0000] {dag.py:2742} INFO - Sync 1 DAGs
[2025-03-29T06:17:12.498+0000] {logging_mixin.py:150} INFO - [2025-03-29T06:17:12.498+0000] {dag.py:3504} INFO - Setting next_dagrun for pipeline to 2025-03-29T00:00:00+00:00, run_after=2025-03-30T00:00:00+00:00
[2025-03-29T06:17:12.520+0000] {processor.py:179} INFO - Processing /opt/airflow/dags/pipeline.py took 0.214 seconds
[2025-03-29T06:17:46.743+0000] {processor.py:157} INFO - Started process (PID=1444) to work on /opt/airflow/dags/pipeline.py
[2025-03-29T06:17:46.756+0000] {processor.py:826} INFO - Processing file /opt/airflow/dags/pipeline.py for tasks to queue
[2025-03-29T06:17:46.771+0000] {logging_mixin.py:150} INFO - [2025-03-29T06:17:46.757+0000] {dagbag.py:541} INFO - Filling up the DagBag from /opt/airflow/dags/pipeline.py
[2025-03-29T06:17:46.833+0000] {processor.py:836} INFO - DAG(s) dict_keys(['pipeline']) retrieved from /opt/airflow/dags/pipeline.py
[2025-03-29T06:17:46.924+0000] {logging_mixin.py:150} INFO - [2025-03-29T06:17:46.924+0000] {dag.py:2742} INFO - Sync 1 DAGs
[2025-03-29T06:17:46.972+0000] {logging_mixin.py:150} INFO - [2025-03-29T06:17:46.972+0000] {dag.py:3504} INFO - Setting next_dagrun for pipeline to 2025-03-29T00:00:00+00:00, run_after=2025-03-30T00:00:00+00:00
[2025-03-29T06:17:47.023+0000] {processor.py:179} INFO - Processing /opt/airflow/dags/pipeline.py took 0.288 seconds
[2025-03-29T06:33:36.466+0000] {processor.py:157} INFO - Started process (PID=1451) to work on /opt/airflow/dags/pipeline.py
[2025-03-29T06:33:36.470+0000] {processor.py:826} INFO - Processing file /opt/airflow/dags/pipeline.py for tasks to queue
[2025-03-29T06:33:36.474+0000] {logging_mixin.py:150} INFO - [2025-03-29T06:33:36.473+0000] {dagbag.py:541} INFO - Filling up the DagBag from /opt/airflow/dags/pipeline.py
[2025-03-29T06:33:36.494+0000] {processor.py:836} INFO - DAG(s) dict_keys(['pipeline']) retrieved from /opt/airflow/dags/pipeline.py
[2025-03-29T06:33:36.613+0000] {logging_mixin.py:150} INFO - [2025-03-29T06:33:36.612+0000] {dag.py:2742} INFO - Sync 1 DAGs
[2025-03-29T06:33:36.656+0000] {logging_mixin.py:150} INFO - [2025-03-29T06:33:36.656+0000] {dag.py:3504} INFO - Setting next_dagrun for pipeline to 2025-03-29T00:00:00+00:00, run_after=2025-03-30T00:00:00+00:00
[2025-03-29T06:33:36.680+0000] {processor.py:179} INFO - Processing /opt/airflow/dags/pipeline.py took 0.220 seconds
[2025-03-29T06:34:11.291+0000] {processor.py:157} INFO - Started process (PID=1459) to work on /opt/airflow/dags/pipeline.py
[2025-03-29T06:34:11.298+0000] {processor.py:826} INFO - Processing file /opt/airflow/dags/pipeline.py for tasks to queue
[2025-03-29T06:34:11.301+0000] {logging_mixin.py:150} INFO - [2025-03-29T06:34:11.300+0000] {dagbag.py:541} INFO - Filling up the DagBag from /opt/airflow/dags/pipeline.py
[2025-03-29T06:34:11.328+0000] {processor.py:836} INFO - DAG(s) dict_keys(['pipeline']) retrieved from /opt/airflow/dags/pipeline.py
[2025-03-29T06:34:11.464+0000] {logging_mixin.py:150} INFO - [2025-03-29T06:34:11.464+0000] {dag.py:2742} INFO - Sync 1 DAGs
[2025-03-29T06:34:11.515+0000] {logging_mixin.py:150} INFO - [2025-03-29T06:34:11.515+0000] {dag.py:3504} INFO - Setting next_dagrun for pipeline to 2025-03-29T00:00:00+00:00, run_after=2025-03-30T00:00:00+00:00
[2025-03-29T06:34:11.601+0000] {processor.py:179} INFO - Processing /opt/airflow/dags/pipeline.py took 0.324 seconds
[2025-03-29T06:34:45.610+0000] {processor.py:157} INFO - Started process (PID=1465) to work on /opt/airflow/dags/pipeline.py
[2025-03-29T06:34:45.611+0000] {processor.py:826} INFO - Processing file /opt/airflow/dags/pipeline.py for tasks to queue
[2025-03-29T06:34:45.614+0000] {logging_mixin.py:150} INFO - [2025-03-29T06:34:45.613+0000] {dagbag.py:541} INFO - Filling up the DagBag from /opt/airflow/dags/pipeline.py
[2025-03-29T06:34:45.630+0000] {processor.py:836} INFO - DAG(s) dict_keys(['pipeline']) retrieved from /opt/airflow/dags/pipeline.py
[2025-03-29T06:34:45.711+0000] {logging_mixin.py:150} INFO - [2025-03-29T06:34:45.710+0000] {dag.py:2742} INFO - Sync 1 DAGs
[2025-03-29T06:34:45.770+0000] {logging_mixin.py:150} INFO - [2025-03-29T06:34:45.770+0000] {dag.py:3504} INFO - Setting next_dagrun for pipeline to 2025-03-29T00:00:00+00:00, run_after=2025-03-30T00:00:00+00:00
[2025-03-29T06:34:45.837+0000] {processor.py:179} INFO - Processing /opt/airflow/dags/pipeline.py took 0.235 seconds
[2025-03-29T06:35:20.671+0000] {processor.py:157} INFO - Started process (PID=1471) to work on /opt/airflow/dags/pipeline.py
[2025-03-29T06:35:20.673+0000] {processor.py:826} INFO - Processing file /opt/airflow/dags/pipeline.py for tasks to queue
[2025-03-29T06:35:20.675+0000] {logging_mixin.py:150} INFO - [2025-03-29T06:35:20.674+0000] {dagbag.py:541} INFO - Filling up the DagBag from /opt/airflow/dags/pipeline.py
[2025-03-29T06:35:20.703+0000] {processor.py:836} INFO - DAG(s) dict_keys(['pipeline']) retrieved from /opt/airflow/dags/pipeline.py
[2025-03-29T06:35:20.788+0000] {logging_mixin.py:150} INFO - [2025-03-29T06:35:20.788+0000] {dag.py:2742} INFO - Sync 1 DAGs
[2025-03-29T06:35:20.831+0000] {logging_mixin.py:150} INFO - [2025-03-29T06:35:20.830+0000] {dag.py:3504} INFO - Setting next_dagrun for pipeline to 2025-03-29T00:00:00+00:00, run_after=2025-03-30T00:00:00+00:00
[2025-03-29T06:35:20.868+0000] {processor.py:179} INFO - Processing /opt/airflow/dags/pipeline.py took 0.202 seconds
[2025-03-29T06:51:10.541+0000] {processor.py:157} INFO - Started process (PID=1477) to work on /opt/airflow/dags/pipeline.py
[2025-03-29T06:51:10.563+0000] {processor.py:826} INFO - Processing file /opt/airflow/dags/pipeline.py for tasks to queue
[2025-03-29T06:51:10.593+0000] {logging_mixin.py:150} INFO - [2025-03-29T06:51:10.592+0000] {dagbag.py:541} INFO - Filling up the DagBag from /opt/airflow/dags/pipeline.py
[2025-03-29T06:51:10.611+0000] {processor.py:836} INFO - DAG(s) dict_keys(['pipeline']) retrieved from /opt/airflow/dags/pipeline.py
[2025-03-29T06:51:10.674+0000] {logging_mixin.py:150} INFO - [2025-03-29T06:51:10.673+0000] {dag.py:2742} INFO - Sync 1 DAGs
[2025-03-29T06:51:10.774+0000] {logging_mixin.py:150} INFO - [2025-03-29T06:51:10.774+0000] {dag.py:3504} INFO - Setting next_dagrun for pipeline to 2025-03-29T00:00:00+00:00, run_after=2025-03-30T00:00:00+00:00
[2025-03-29T06:51:10.798+0000] {processor.py:179} INFO - Processing /opt/airflow/dags/pipeline.py took 0.263 seconds
[2025-03-29T06:51:45.011+0000] {processor.py:157} INFO - Started process (PID=1483) to work on /opt/airflow/dags/pipeline.py
[2025-03-29T06:51:45.013+0000] {processor.py:826} INFO - Processing file /opt/airflow/dags/pipeline.py for tasks to queue
[2025-03-29T06:51:45.014+0000] {logging_mixin.py:150} INFO - [2025-03-29T06:51:45.014+0000] {dagbag.py:541} INFO - Filling up the DagBag from /opt/airflow/dags/pipeline.py
[2025-03-29T06:51:45.057+0000] {processor.py:836} INFO - DAG(s) dict_keys(['pipeline']) retrieved from /opt/airflow/dags/pipeline.py
[2025-03-29T06:51:45.136+0000] {logging_mixin.py:150} INFO - [2025-03-29T06:51:45.135+0000] {dag.py:2742} INFO - Sync 1 DAGs
[2025-03-29T06:51:45.181+0000] {logging_mixin.py:150} INFO - [2025-03-29T06:51:45.180+0000] {dag.py:3504} INFO - Setting next_dagrun for pipeline to 2025-03-29T00:00:00+00:00, run_after=2025-03-30T00:00:00+00:00
[2025-03-29T06:51:45.211+0000] {processor.py:179} INFO - Processing /opt/airflow/dags/pipeline.py took 0.205 seconds
[2025-03-29T06:52:19.246+0000] {processor.py:157} INFO - Started process (PID=1488) to work on /opt/airflow/dags/pipeline.py
[2025-03-29T06:52:19.498+0000] {processor.py:826} INFO - Processing file /opt/airflow/dags/pipeline.py for tasks to queue
[2025-03-29T06:52:19.508+0000] {logging_mixin.py:150} INFO - [2025-03-29T06:52:19.507+0000] {dagbag.py:541} INFO - Filling up the DagBag from /opt/airflow/dags/pipeline.py
[2025-03-29T06:52:19.526+0000] {processor.py:836} INFO - DAG(s) dict_keys(['pipeline']) retrieved from /opt/airflow/dags/pipeline.py
[2025-03-29T06:52:19.608+0000] {logging_mixin.py:150} INFO - [2025-03-29T06:52:19.607+0000] {dag.py:2742} INFO - Sync 1 DAGs
[2025-03-29T06:52:19.708+0000] {logging_mixin.py:150} INFO - [2025-03-29T06:52:19.707+0000] {dag.py:3504} INFO - Setting next_dagrun for pipeline to 2025-03-29T00:00:00+00:00, run_after=2025-03-30T00:00:00+00:00
[2025-03-29T06:52:19.803+0000] {processor.py:179} INFO - Processing /opt/airflow/dags/pipeline.py took 0.561 seconds
[2025-03-29T06:52:50.335+0000] {processor.py:157} INFO - Started process (PID=1493) to work on /opt/airflow/dags/pipeline.py
[2025-03-29T06:52:50.349+0000] {processor.py:826} INFO - Processing file /opt/airflow/dags/pipeline.py for tasks to queue
[2025-03-29T06:52:50.364+0000] {logging_mixin.py:150} INFO - [2025-03-29T06:52:50.359+0000] {dagbag.py:541} INFO - Filling up the DagBag from /opt/airflow/dags/pipeline.py
[2025-03-29T07:00:53.876+0000] {processor.py:836} INFO - DAG(s) dict_keys(['pipeline']) retrieved from /opt/airflow/dags/pipeline.py
[2025-03-29T07:01:28.666+0000] {processor.py:157} INFO - Started process (PID=1496) to work on /opt/airflow/dags/pipeline.py
[2025-03-29T07:01:28.668+0000] {processor.py:826} INFO - Processing file /opt/airflow/dags/pipeline.py for tasks to queue
[2025-03-29T07:01:28.671+0000] {logging_mixin.py:150} INFO - [2025-03-29T07:01:28.670+0000] {dagbag.py:541} INFO - Filling up the DagBag from /opt/airflow/dags/pipeline.py
[2025-03-29T07:01:28.690+0000] {processor.py:836} INFO - DAG(s) dict_keys(['pipeline']) retrieved from /opt/airflow/dags/pipeline.py
[2025-03-29T07:01:29.193+0000] {logging_mixin.py:150} INFO - [2025-03-29T07:01:29.192+0000] {dag.py:2742} INFO - Sync 1 DAGs
[2025-03-29T07:01:29.214+0000] {logging_mixin.py:150} INFO - [2025-03-29T07:01:29.214+0000] {dag.py:3504} INFO - Setting next_dagrun for pipeline to 2025-03-29T00:00:00+00:00, run_after=2025-03-30T00:00:00+00:00
[2025-03-29T07:01:29.237+0000] {processor.py:179} INFO - Processing /opt/airflow/dags/pipeline.py took 0.578 seconds
[2025-03-29T07:02:03.664+0000] {processor.py:157} INFO - Started process (PID=1503) to work on /opt/airflow/dags/pipeline.py
[2025-03-29T07:02:03.697+0000] {processor.py:826} INFO - Processing file /opt/airflow/dags/pipeline.py for tasks to queue
[2025-03-29T07:02:03.803+0000] {logging_mixin.py:150} INFO - [2025-03-29T07:02:03.803+0000] {dagbag.py:541} INFO - Filling up the DagBag from /opt/airflow/dags/pipeline.py
[2025-03-29T07:02:03.819+0000] {processor.py:836} INFO - DAG(s) dict_keys(['pipeline']) retrieved from /opt/airflow/dags/pipeline.py
[2025-03-29T07:02:04.006+0000] {logging_mixin.py:150} INFO - [2025-03-29T07:02:04.005+0000] {dag.py:2742} INFO - Sync 1 DAGs
[2025-03-29T07:02:04.086+0000] {logging_mixin.py:150} INFO - [2025-03-29T07:02:04.086+0000] {dag.py:3504} INFO - Setting next_dagrun for pipeline to 2025-03-29T00:00:00+00:00, run_after=2025-03-30T00:00:00+00:00
[2025-03-29T07:02:04.148+0000] {processor.py:179} INFO - Processing /opt/airflow/dags/pipeline.py took 0.495 seconds
[2025-03-29T07:02:38.289+0000] {processor.py:157} INFO - Started process (PID=1510) to work on /opt/airflow/dags/pipeline.py
[2025-03-29T07:02:38.291+0000] {processor.py:826} INFO - Processing file /opt/airflow/dags/pipeline.py for tasks to queue
[2025-03-29T07:02:38.294+0000] {logging_mixin.py:150} INFO - [2025-03-29T07:02:38.294+0000] {dagbag.py:541} INFO - Filling up the DagBag from /opt/airflow/dags/pipeline.py
[2025-03-29T07:02:38.313+0000] {processor.py:836} INFO - DAG(s) dict_keys(['pipeline']) retrieved from /opt/airflow/dags/pipeline.py
[2025-03-29T07:02:38.421+0000] {logging_mixin.py:150} INFO - [2025-03-29T07:02:38.421+0000] {dag.py:2742} INFO - Sync 1 DAGs
[2025-03-29T07:02:38.494+0000] {logging_mixin.py:150} INFO - [2025-03-29T07:02:38.493+0000] {dag.py:3504} INFO - Setting next_dagrun for pipeline to 2025-03-29T00:00:00+00:00, run_after=2025-03-30T00:00:00+00:00
[2025-03-29T07:02:38.533+0000] {processor.py:179} INFO - Processing /opt/airflow/dags/pipeline.py took 0.252 seconds
[2025-03-29T07:46:21.759+0000] {processor.py:157} INFO - Started process (PID=1516) to work on /opt/airflow/dags/pipeline.py
[2025-03-29T07:46:21.761+0000] {processor.py:826} INFO - Processing file /opt/airflow/dags/pipeline.py for tasks to queue
[2025-03-29T07:46:21.766+0000] {logging_mixin.py:150} INFO - [2025-03-29T07:46:21.765+0000] {dagbag.py:541} INFO - Filling up the DagBag from /opt/airflow/dags/pipeline.py
[2025-03-29T07:46:21.831+0000] {processor.py:836} INFO - DAG(s) dict_keys(['pipeline']) retrieved from /opt/airflow/dags/pipeline.py
[2025-03-29T07:46:21.910+0000] {logging_mixin.py:150} INFO - [2025-03-29T07:46:21.910+0000] {dag.py:2742} INFO - Sync 1 DAGs
[2025-03-29T07:46:21.948+0000] {logging_mixin.py:150} INFO - [2025-03-29T07:46:21.947+0000] {dag.py:3504} INFO - Setting next_dagrun for pipeline to 2025-03-29T00:00:00+00:00, run_after=2025-03-30T00:00:00+00:00
[2025-03-29T07:46:21.971+0000] {processor.py:179} INFO - Processing /opt/airflow/dags/pipeline.py took 0.227 seconds
[2025-03-29T07:46:58.155+0000] {processor.py:157} INFO - Started process (PID=1522) to work on /opt/airflow/dags/pipeline.py
[2025-03-29T07:46:58.158+0000] {processor.py:826} INFO - Processing file /opt/airflow/dags/pipeline.py for tasks to queue
[2025-03-29T07:46:58.159+0000] {logging_mixin.py:150} INFO - [2025-03-29T07:46:58.159+0000] {dagbag.py:541} INFO - Filling up the DagBag from /opt/airflow/dags/pipeline.py
[2025-03-29T07:46:58.171+0000] {processor.py:836} INFO - DAG(s) dict_keys(['pipeline']) retrieved from /opt/airflow/dags/pipeline.py
[2025-03-29T07:46:58.276+0000] {logging_mixin.py:150} INFO - [2025-03-29T07:46:58.276+0000] {dag.py:2742} INFO - Sync 1 DAGs
[2025-03-29T07:46:58.325+0000] {logging_mixin.py:150} INFO - [2025-03-29T07:46:58.324+0000] {dag.py:3504} INFO - Setting next_dagrun for pipeline to 2025-03-29T00:00:00+00:00, run_after=2025-03-30T00:00:00+00:00
[2025-03-29T07:46:58.364+0000] {processor.py:179} INFO - Processing /opt/airflow/dags/pipeline.py took 0.219 seconds
[2025-03-29T07:47:32.627+0000] {processor.py:157} INFO - Started process (PID=1528) to work on /opt/airflow/dags/pipeline.py
[2025-03-29T07:47:32.629+0000] {processor.py:826} INFO - Processing file /opt/airflow/dags/pipeline.py for tasks to queue
[2025-03-29T07:47:32.631+0000] {logging_mixin.py:150} INFO - [2025-03-29T07:47:32.630+0000] {dagbag.py:541} INFO - Filling up the DagBag from /opt/airflow/dags/pipeline.py
[2025-03-29T07:47:32.647+0000] {processor.py:836} INFO - DAG(s) dict_keys(['pipeline']) retrieved from /opt/airflow/dags/pipeline.py
[2025-03-29T07:47:32.741+0000] {logging_mixin.py:150} INFO - [2025-03-29T07:47:32.741+0000] {dag.py:2742} INFO - Sync 1 DAGs
[2025-03-29T07:47:32.791+0000] {logging_mixin.py:150} INFO - [2025-03-29T07:47:32.791+0000] {dag.py:3504} INFO - Setting next_dagrun for pipeline to 2025-03-29T00:00:00+00:00, run_after=2025-03-30T00:00:00+00:00
[2025-03-29T07:47:32.823+0000] {processor.py:179} INFO - Processing /opt/airflow/dags/pipeline.py took 0.203 seconds
[2025-03-29T07:48:07.723+0000] {processor.py:157} INFO - Started process (PID=1535) to work on /opt/airflow/dags/pipeline.py
[2025-03-29T07:48:07.725+0000] {processor.py:826} INFO - Processing file /opt/airflow/dags/pipeline.py for tasks to queue
[2025-03-29T07:48:07.727+0000] {logging_mixin.py:150} INFO - [2025-03-29T07:48:07.727+0000] {dagbag.py:541} INFO - Filling up the DagBag from /opt/airflow/dags/pipeline.py
[2025-03-29T07:48:07.742+0000] {processor.py:836} INFO - DAG(s) dict_keys(['pipeline']) retrieved from /opt/airflow/dags/pipeline.py
[2025-03-29T07:48:07.836+0000] {logging_mixin.py:150} INFO - [2025-03-29T07:48:07.836+0000] {dag.py:2742} INFO - Sync 1 DAGs
[2025-03-29T07:48:07.873+0000] {logging_mixin.py:150} INFO - [2025-03-29T07:48:07.872+0000] {dag.py:3504} INFO - Setting next_dagrun for pipeline to 2025-03-29T00:00:00+00:00, run_after=2025-03-30T00:00:00+00:00
[2025-03-29T07:48:07.905+0000] {processor.py:179} INFO - Processing /opt/airflow/dags/pipeline.py took 0.188 seconds
[2025-03-29T08:01:55.671+0000] {processor.py:157} INFO - Started process (PID=1548) to work on /opt/airflow/dags/pipeline.py
[2025-03-29T08:01:55.673+0000] {processor.py:826} INFO - Processing file /opt/airflow/dags/pipeline.py for tasks to queue
[2025-03-29T08:01:55.675+0000] {logging_mixin.py:150} INFO - [2025-03-29T08:01:55.675+0000] {dagbag.py:541} INFO - Filling up the DagBag from /opt/airflow/dags/pipeline.py
[2025-03-29T08:01:55.693+0000] {processor.py:836} INFO - DAG(s) dict_keys(['pipeline']) retrieved from /opt/airflow/dags/pipeline.py
[2025-03-29T08:01:55.747+0000] {logging_mixin.py:150} INFO - [2025-03-29T08:01:55.747+0000] {dag.py:2742} INFO - Sync 1 DAGs
[2025-03-29T08:01:55.782+0000] {logging_mixin.py:150} INFO - [2025-03-29T08:01:55.782+0000] {dag.py:3504} INFO - Setting next_dagrun for pipeline to 2025-03-29T00:00:00+00:00, run_after=2025-03-30T00:00:00+00:00
[2025-03-29T08:01:55.813+0000] {processor.py:179} INFO - Processing /opt/airflow/dags/pipeline.py took 0.147 seconds
[2025-03-29T08:02:29.791+0000] {processor.py:157} INFO - Started process (PID=1554) to work on /opt/airflow/dags/pipeline.py
[2025-03-29T08:02:29.793+0000] {processor.py:826} INFO - Processing file /opt/airflow/dags/pipeline.py for tasks to queue
[2025-03-29T08:02:29.795+0000] {logging_mixin.py:150} INFO - [2025-03-29T08:02:29.795+0000] {dagbag.py:541} INFO - Filling up the DagBag from /opt/airflow/dags/pipeline.py
[2025-03-29T08:02:29.812+0000] {processor.py:836} INFO - DAG(s) dict_keys(['pipeline']) retrieved from /opt/airflow/dags/pipeline.py
[2025-03-29T08:02:29.904+0000] {logging_mixin.py:150} INFO - [2025-03-29T08:02:29.904+0000] {dag.py:2742} INFO - Sync 1 DAGs
[2025-03-29T08:02:29.965+0000] {logging_mixin.py:150} INFO - [2025-03-29T08:02:29.965+0000] {dag.py:3504} INFO - Setting next_dagrun for pipeline to 2025-03-29T00:00:00+00:00, run_after=2025-03-30T00:00:00+00:00
[2025-03-29T08:02:30.003+0000] {processor.py:179} INFO - Processing /opt/airflow/dags/pipeline.py took 0.219 seconds
[2025-03-29T08:03:03.789+0000] {processor.py:157} INFO - Started process (PID=1559) to work on /opt/airflow/dags/pipeline.py
[2025-03-29T08:03:03.791+0000] {processor.py:826} INFO - Processing file /opt/airflow/dags/pipeline.py for tasks to queue
[2025-03-29T08:03:03.793+0000] {logging_mixin.py:150} INFO - [2025-03-29T08:03:03.792+0000] {dagbag.py:541} INFO - Filling up the DagBag from /opt/airflow/dags/pipeline.py
[2025-03-29T08:03:03.805+0000] {processor.py:836} INFO - DAG(s) dict_keys(['pipeline']) retrieved from /opt/airflow/dags/pipeline.py
[2025-03-29T08:03:03.844+0000] {logging_mixin.py:150} INFO - [2025-03-29T08:03:03.844+0000] {dag.py:2742} INFO - Sync 1 DAGs
[2025-03-29T08:03:03.867+0000] {logging_mixin.py:150} INFO - [2025-03-29T08:03:03.867+0000] {dag.py:3504} INFO - Setting next_dagrun for pipeline to 2025-03-29T00:00:00+00:00, run_after=2025-03-30T00:00:00+00:00
[2025-03-29T08:03:04.113+0000] {processor.py:179} INFO - Processing /opt/airflow/dags/pipeline.py took 0.331 seconds
[2025-03-29T08:03:39.089+0000] {processor.py:157} INFO - Started process (PID=1565) to work on /opt/airflow/dags/pipeline.py
[2025-03-29T08:03:39.095+0000] {processor.py:826} INFO - Processing file /opt/airflow/dags/pipeline.py for tasks to queue
[2025-03-29T08:03:39.102+0000] {logging_mixin.py:150} INFO - [2025-03-29T08:03:39.101+0000] {dagbag.py:541} INFO - Filling up the DagBag from /opt/airflow/dags/pipeline.py
[2025-03-29T08:03:39.129+0000] {processor.py:836} INFO - DAG(s) dict_keys(['pipeline']) retrieved from /opt/airflow/dags/pipeline.py
[2025-03-29T08:03:39.257+0000] {logging_mixin.py:150} INFO - [2025-03-29T08:03:39.256+0000] {dag.py:2742} INFO - Sync 1 DAGs
[2025-03-29T08:03:39.403+0000] {logging_mixin.py:150} INFO - [2025-03-29T08:03:39.402+0000] {dag.py:3504} INFO - Setting next_dagrun for pipeline to 2025-03-29T00:00:00+00:00, run_after=2025-03-30T00:00:00+00:00
[2025-03-29T08:03:39.446+0000] {processor.py:179} INFO - Processing /opt/airflow/dags/pipeline.py took 0.366 seconds
[2025-03-29T08:12:06.423+0000] {processor.py:157} INFO - Started process (PID=1577) to work on /opt/airflow/dags/pipeline.py
[2025-03-29T08:12:06.424+0000] {processor.py:826} INFO - Processing file /opt/airflow/dags/pipeline.py for tasks to queue
[2025-03-29T08:12:06.425+0000] {logging_mixin.py:150} INFO - [2025-03-29T08:12:06.425+0000] {dagbag.py:541} INFO - Filling up the DagBag from /opt/airflow/dags/pipeline.py
[2025-03-29T08:12:06.440+0000] {processor.py:836} INFO - DAG(s) dict_keys(['pipeline']) retrieved from /opt/airflow/dags/pipeline.py
[2025-03-29T08:12:06.531+0000] {logging_mixin.py:150} INFO - [2025-03-29T08:12:06.531+0000] {dag.py:2742} INFO - Sync 1 DAGs
[2025-03-29T08:12:06.574+0000] {logging_mixin.py:150} INFO - [2025-03-29T08:12:06.573+0000] {dag.py:3504} INFO - Setting next_dagrun for pipeline to 2025-03-29T00:00:00+00:00, run_after=2025-03-30T00:00:00+00:00
[2025-03-29T08:12:06.596+0000] {processor.py:179} INFO - Processing /opt/airflow/dags/pipeline.py took 0.177 seconds
[2025-03-29T08:12:40.641+0000] {processor.py:157} INFO - Started process (PID=1582) to work on /opt/airflow/dags/pipeline.py
[2025-03-29T08:12:40.642+0000] {processor.py:826} INFO - Processing file /opt/airflow/dags/pipeline.py for tasks to queue
[2025-03-29T08:12:40.644+0000] {logging_mixin.py:150} INFO - [2025-03-29T08:12:40.644+0000] {dagbag.py:541} INFO - Filling up the DagBag from /opt/airflow/dags/pipeline.py
[2025-03-29T08:12:40.661+0000] {processor.py:836} INFO - DAG(s) dict_keys(['pipeline']) retrieved from /opt/airflow/dags/pipeline.py
[2025-03-29T08:12:40.756+0000] {logging_mixin.py:150} INFO - [2025-03-29T08:12:40.755+0000] {dag.py:2742} INFO - Sync 1 DAGs
[2025-03-29T08:12:40.788+0000] {logging_mixin.py:150} INFO - [2025-03-29T08:12:40.787+0000] {dag.py:3504} INFO - Setting next_dagrun for pipeline to 2025-03-29T00:00:00+00:00, run_after=2025-03-30T00:00:00+00:00
[2025-03-29T08:12:40.820+0000] {processor.py:179} INFO - Processing /opt/airflow/dags/pipeline.py took 0.185 seconds
[2025-03-29T08:13:14.896+0000] {processor.py:157} INFO - Started process (PID=1587) to work on /opt/airflow/dags/pipeline.py
[2025-03-29T08:13:15.149+0000] {processor.py:826} INFO - Processing file /opt/airflow/dags/pipeline.py for tasks to queue
[2025-03-29T08:13:15.152+0000] {logging_mixin.py:150} INFO - [2025-03-29T08:13:15.151+0000] {dagbag.py:541} INFO - Filling up the DagBag from /opt/airflow/dags/pipeline.py
[2025-03-29T08:13:15.175+0000] {processor.py:836} INFO - DAG(s) dict_keys(['pipeline']) retrieved from /opt/airflow/dags/pipeline.py
[2025-03-29T08:13:15.318+0000] {logging_mixin.py:150} INFO - [2025-03-29T08:13:15.317+0000] {dag.py:2742} INFO - Sync 1 DAGs
[2025-03-29T08:13:15.348+0000] {logging_mixin.py:150} INFO - [2025-03-29T08:13:15.348+0000] {dag.py:3504} INFO - Setting next_dagrun for pipeline to 2025-03-29T00:00:00+00:00, run_after=2025-03-30T00:00:00+00:00
[2025-03-29T08:13:15.379+0000] {processor.py:179} INFO - Processing /opt/airflow/dags/pipeline.py took 0.488 seconds
[2025-03-29T08:13:45.964+0000] {processor.py:157} INFO - Started process (PID=1593) to work on /opt/airflow/dags/pipeline.py
[2025-03-29T08:13:45.975+0000] {processor.py:826} INFO - Processing file /opt/airflow/dags/pipeline.py for tasks to queue
[2025-03-29T08:13:45.992+0000] {logging_mixin.py:150} INFO - [2025-03-29T08:13:45.987+0000] {dagbag.py:541} INFO - Filling up the DagBag from /opt/airflow/dags/pipeline.py
[2025-03-29T08:13:46.101+0000] {processor.py:836} INFO - DAG(s) dict_keys(['pipeline']) retrieved from /opt/airflow/dags/pipeline.py
[2025-03-29T08:14:11.694+0000] {logging_mixin.py:150} INFO - [2025-03-29T08:14:11.694+0000] {dag.py:2742} INFO - Sync 1 DAGs
[2025-03-29T08:14:12.104+0000] {logging_mixin.py:150} INFO - [2025-03-29T08:14:12.103+0000] {dag.py:3504} INFO - Setting next_dagrun for pipeline to 2025-03-29T00:00:00+00:00, run_after=2025-03-30T00:00:00+00:00
[2025-03-29T08:14:12.150+0000] {processor.py:179} INFO - Processing /opt/airflow/dags/pipeline.py took 26.237 seconds
[2025-03-29T08:43:12.314+0000] {processor.py:157} INFO - Started process (PID=1605) to work on /opt/airflow/dags/pipeline.py
[2025-03-29T08:43:12.317+0000] {processor.py:826} INFO - Processing file /opt/airflow/dags/pipeline.py for tasks to queue
[2025-03-29T08:43:12.319+0000] {logging_mixin.py:150} INFO - [2025-03-29T08:43:12.318+0000] {dagbag.py:541} INFO - Filling up the DagBag from /opt/airflow/dags/pipeline.py
[2025-03-29T08:43:12.330+0000] {processor.py:836} INFO - DAG(s) dict_keys(['pipeline']) retrieved from /opt/airflow/dags/pipeline.py
[2025-03-29T08:43:12.375+0000] {logging_mixin.py:150} INFO - [2025-03-29T08:43:12.374+0000] {dag.py:2742} INFO - Sync 1 DAGs
[2025-03-29T08:43:12.403+0000] {logging_mixin.py:150} INFO - [2025-03-29T08:43:12.403+0000] {dag.py:3504} INFO - Setting next_dagrun for pipeline to 2025-03-29T00:00:00+00:00, run_after=2025-03-30T00:00:00+00:00
[2025-03-29T08:43:12.424+0000] {processor.py:179} INFO - Processing /opt/airflow/dags/pipeline.py took 0.115 seconds
[2025-03-29T08:43:46.616+0000] {processor.py:157} INFO - Started process (PID=1611) to work on /opt/airflow/dags/pipeline.py
[2025-03-29T08:43:46.618+0000] {processor.py:826} INFO - Processing file /opt/airflow/dags/pipeline.py for tasks to queue
[2025-03-29T08:43:46.620+0000] {logging_mixin.py:150} INFO - [2025-03-29T08:43:46.620+0000] {dagbag.py:541} INFO - Filling up the DagBag from /opt/airflow/dags/pipeline.py
[2025-03-29T08:43:46.655+0000] {processor.py:836} INFO - DAG(s) dict_keys(['pipeline']) retrieved from /opt/airflow/dags/pipeline.py
[2025-03-29T08:43:46.827+0000] {logging_mixin.py:150} INFO - [2025-03-29T08:43:46.826+0000] {dag.py:2742} INFO - Sync 1 DAGs
[2025-03-29T08:43:46.889+0000] {logging_mixin.py:150} INFO - [2025-03-29T08:43:46.889+0000] {dag.py:3504} INFO - Setting next_dagrun for pipeline to 2025-03-29T00:00:00+00:00, run_after=2025-03-30T00:00:00+00:00
[2025-03-29T08:43:46.931+0000] {processor.py:179} INFO - Processing /opt/airflow/dags/pipeline.py took 0.324 seconds
[2025-03-29T08:44:21.151+0000] {processor.py:157} INFO - Started process (PID=1618) to work on /opt/airflow/dags/pipeline.py
[2025-03-29T08:44:21.154+0000] {processor.py:826} INFO - Processing file /opt/airflow/dags/pipeline.py for tasks to queue
[2025-03-29T08:44:21.157+0000] {logging_mixin.py:150} INFO - [2025-03-29T08:44:21.157+0000] {dagbag.py:541} INFO - Filling up the DagBag from /opt/airflow/dags/pipeline.py
[2025-03-29T08:44:21.174+0000] {processor.py:836} INFO - DAG(s) dict_keys(['pipeline']) retrieved from /opt/airflow/dags/pipeline.py
[2025-03-29T08:44:21.309+0000] {logging_mixin.py:150} INFO - [2025-03-29T08:44:21.308+0000] {dag.py:2742} INFO - Sync 1 DAGs
[2025-03-29T08:44:21.362+0000] {logging_mixin.py:150} INFO - [2025-03-29T08:44:21.362+0000] {dag.py:3504} INFO - Setting next_dagrun for pipeline to 2025-03-29T00:00:00+00:00, run_after=2025-03-30T00:00:00+00:00
[2025-03-29T08:44:21.411+0000] {processor.py:179} INFO - Processing /opt/airflow/dags/pipeline.py took 0.265 seconds
[2025-03-29T08:44:56.141+0000] {processor.py:157} INFO - Started process (PID=1623) to work on /opt/airflow/dags/pipeline.py
[2025-03-29T08:44:56.144+0000] {processor.py:826} INFO - Processing file /opt/airflow/dags/pipeline.py for tasks to queue
[2025-03-29T08:44:56.146+0000] {logging_mixin.py:150} INFO - [2025-03-29T08:44:56.145+0000] {dagbag.py:541} INFO - Filling up the DagBag from /opt/airflow/dags/pipeline.py
[2025-03-29T08:44:56.180+0000] {processor.py:836} INFO - DAG(s) dict_keys(['pipeline']) retrieved from /opt/airflow/dags/pipeline.py
[2025-03-29T08:44:56.296+0000] {logging_mixin.py:150} INFO - [2025-03-29T08:44:56.296+0000] {dag.py:2742} INFO - Sync 1 DAGs
[2025-03-29T08:44:56.406+0000] {logging_mixin.py:150} INFO - [2025-03-29T08:44:56.406+0000] {dag.py:3504} INFO - Setting next_dagrun for pipeline to 2025-03-29T00:00:00+00:00, run_after=2025-03-30T00:00:00+00:00
[2025-03-29T08:44:56.445+0000] {processor.py:179} INFO - Processing /opt/airflow/dags/pipeline.py took 0.312 seconds
[2025-03-29T08:45:52.283+0000] {processor.py:157} INFO - Started process (PID=1629) to work on /opt/airflow/dags/pipeline.py
[2025-03-29T08:45:52.286+0000] {processor.py:826} INFO - Processing file /opt/airflow/dags/pipeline.py for tasks to queue
[2025-03-29T08:45:52.288+0000] {logging_mixin.py:150} INFO - [2025-03-29T08:45:52.287+0000] {dagbag.py:541} INFO - Filling up the DagBag from /opt/airflow/dags/pipeline.py
[2025-03-29T08:45:52.304+0000] {processor.py:836} INFO - DAG(s) dict_keys(['pipeline']) retrieved from /opt/airflow/dags/pipeline.py
[2025-03-29T08:45:52.415+0000] {logging_mixin.py:150} INFO - [2025-03-29T08:45:52.414+0000] {dag.py:2742} INFO - Sync 1 DAGs
[2025-03-29T08:45:52.471+0000] {logging_mixin.py:150} INFO - [2025-03-29T08:45:52.471+0000] {dag.py:3504} INFO - Setting next_dagrun for pipeline to 2025-03-29T00:00:00+00:00, run_after=2025-03-30T00:00:00+00:00
[2025-03-29T08:45:52.498+0000] {processor.py:179} INFO - Processing /opt/airflow/dags/pipeline.py took 0.222 seconds
[2025-03-29T09:01:27.723+0000] {processor.py:157} INFO - Started process (PID=1643) to work on /opt/airflow/dags/pipeline.py
[2025-03-29T09:01:27.724+0000] {processor.py:826} INFO - Processing file /opt/airflow/dags/pipeline.py for tasks to queue
[2025-03-29T09:01:27.726+0000] {logging_mixin.py:150} INFO - [2025-03-29T09:01:27.726+0000] {dagbag.py:541} INFO - Filling up the DagBag from /opt/airflow/dags/pipeline.py
[2025-03-29T09:01:27.741+0000] {processor.py:836} INFO - DAG(s) dict_keys(['pipeline']) retrieved from /opt/airflow/dags/pipeline.py
[2025-03-29T09:01:27.800+0000] {logging_mixin.py:150} INFO - [2025-03-29T09:01:27.799+0000] {dag.py:2742} INFO - Sync 1 DAGs
[2025-03-29T09:01:27.884+0000] {logging_mixin.py:150} INFO - [2025-03-29T09:01:27.882+0000] {dag.py:3504} INFO - Setting next_dagrun for pipeline to 2025-03-29T00:00:00+00:00, run_after=2025-03-30T00:00:00+00:00
[2025-03-29T09:01:27.917+0000] {processor.py:179} INFO - Processing /opt/airflow/dags/pipeline.py took 0.200 seconds
[2025-03-29T09:02:01.911+0000] {processor.py:157} INFO - Started process (PID=1648) to work on /opt/airflow/dags/pipeline.py
[2025-03-29T09:02:01.914+0000] {processor.py:826} INFO - Processing file /opt/airflow/dags/pipeline.py for tasks to queue
[2025-03-29T09:02:01.916+0000] {logging_mixin.py:150} INFO - [2025-03-29T09:02:01.915+0000] {dagbag.py:541} INFO - Filling up the DagBag from /opt/airflow/dags/pipeline.py
[2025-03-29T09:02:01.930+0000] {processor.py:836} INFO - DAG(s) dict_keys(['pipeline']) retrieved from /opt/airflow/dags/pipeline.py
[2025-03-29T09:02:02.049+0000] {logging_mixin.py:150} INFO - [2025-03-29T09:02:02.048+0000] {dag.py:2742} INFO - Sync 1 DAGs
[2025-03-29T09:02:02.093+0000] {logging_mixin.py:150} INFO - [2025-03-29T09:02:02.093+0000] {dag.py:3504} INFO - Setting next_dagrun for pipeline to 2025-03-29T00:00:00+00:00, run_after=2025-03-30T00:00:00+00:00
[2025-03-29T09:02:02.129+0000] {processor.py:179} INFO - Processing /opt/airflow/dags/pipeline.py took 0.225 seconds
[2025-03-29T09:02:36.693+0000] {processor.py:157} INFO - Started process (PID=1653) to work on /opt/airflow/dags/pipeline.py
[2025-03-29T09:02:36.700+0000] {processor.py:826} INFO - Processing file /opt/airflow/dags/pipeline.py for tasks to queue
[2025-03-29T09:02:36.703+0000] {logging_mixin.py:150} INFO - [2025-03-29T09:02:36.701+0000] {dagbag.py:541} INFO - Filling up the DagBag from /opt/airflow/dags/pipeline.py
[2025-03-29T09:02:36.858+0000] {processor.py:836} INFO - DAG(s) dict_keys(['pipeline']) retrieved from /opt/airflow/dags/pipeline.py
[2025-03-29T09:02:37.111+0000] {logging_mixin.py:150} INFO - [2025-03-29T09:02:37.111+0000] {dag.py:2742} INFO - Sync 1 DAGs
[2025-03-29T09:02:37.243+0000] {logging_mixin.py:150} INFO - [2025-03-29T09:02:37.243+0000] {dag.py:3504} INFO - Setting next_dagrun for pipeline to 2025-03-29T00:00:00+00:00, run_after=2025-03-30T00:00:00+00:00
[2025-03-29T09:02:37.337+0000] {processor.py:179} INFO - Processing /opt/airflow/dags/pipeline.py took 0.653 seconds
[2025-03-29T09:03:11.375+0000] {processor.py:157} INFO - Started process (PID=1659) to work on /opt/airflow/dags/pipeline.py
[2025-03-29T09:03:11.376+0000] {processor.py:826} INFO - Processing file /opt/airflow/dags/pipeline.py for tasks to queue
[2025-03-29T09:03:11.380+0000] {logging_mixin.py:150} INFO - [2025-03-29T09:03:11.378+0000] {dagbag.py:541} INFO - Filling up the DagBag from /opt/airflow/dags/pipeline.py
[2025-03-29T09:03:11.456+0000] {processor.py:836} INFO - DAG(s) dict_keys(['pipeline']) retrieved from /opt/airflow/dags/pipeline.py
[2025-03-29T09:03:11.519+0000] {logging_mixin.py:150} INFO - [2025-03-29T09:03:11.518+0000] {dag.py:2742} INFO - Sync 1 DAGs
[2025-03-29T09:03:11.573+0000] {logging_mixin.py:150} INFO - [2025-03-29T09:03:11.573+0000] {dag.py:3504} INFO - Setting next_dagrun for pipeline to 2025-03-29T00:00:00+00:00, run_after=2025-03-30T00:00:00+00:00
[2025-03-29T09:03:11.646+0000] {processor.py:179} INFO - Processing /opt/airflow/dags/pipeline.py took 0.277 seconds
[2025-03-29T09:19:01.598+0000] {processor.py:157} INFO - Started process (PID=1670) to work on /opt/airflow/dags/pipeline.py
[2025-03-29T09:19:01.600+0000] {processor.py:826} INFO - Processing file /opt/airflow/dags/pipeline.py for tasks to queue
[2025-03-29T09:19:01.602+0000] {logging_mixin.py:150} INFO - [2025-03-29T09:19:01.601+0000] {dagbag.py:541} INFO - Filling up the DagBag from /opt/airflow/dags/pipeline.py
[2025-03-29T09:19:01.613+0000] {processor.py:836} INFO - DAG(s) dict_keys(['pipeline']) retrieved from /opt/airflow/dags/pipeline.py
[2025-03-29T09:19:01.660+0000] {logging_mixin.py:150} INFO - [2025-03-29T09:19:01.660+0000] {dag.py:2742} INFO - Sync 1 DAGs
[2025-03-29T09:19:01.685+0000] {logging_mixin.py:150} INFO - [2025-03-29T09:19:01.685+0000] {dag.py:3504} INFO - Setting next_dagrun for pipeline to 2025-03-29T00:00:00+00:00, run_after=2025-03-30T00:00:00+00:00
[2025-03-29T09:19:01.704+0000] {processor.py:179} INFO - Processing /opt/airflow/dags/pipeline.py took 0.110 seconds
[2025-03-29T09:19:35.791+0000] {processor.py:157} INFO - Started process (PID=1677) to work on /opt/airflow/dags/pipeline.py
[2025-03-29T09:19:35.793+0000] {processor.py:826} INFO - Processing file /opt/airflow/dags/pipeline.py for tasks to queue
[2025-03-29T09:19:35.795+0000] {logging_mixin.py:150} INFO - [2025-03-29T09:19:35.794+0000] {dagbag.py:541} INFO - Filling up the DagBag from /opt/airflow/dags/pipeline.py
[2025-03-29T09:19:35.812+0000] {processor.py:836} INFO - DAG(s) dict_keys(['pipeline']) retrieved from /opt/airflow/dags/pipeline.py
[2025-03-29T09:19:35.940+0000] {logging_mixin.py:150} INFO - [2025-03-29T09:19:35.939+0000] {dag.py:2742} INFO - Sync 1 DAGs
[2025-03-29T09:19:35.978+0000] {logging_mixin.py:150} INFO - [2025-03-29T09:19:35.977+0000] {dag.py:3504} INFO - Setting next_dagrun for pipeline to 2025-03-29T00:00:00+00:00, run_after=2025-03-30T00:00:00+00:00
[2025-03-29T09:19:36.004+0000] {processor.py:179} INFO - Processing /opt/airflow/dags/pipeline.py took 0.219 seconds
[2025-03-29T09:20:10.565+0000] {processor.py:157} INFO - Started process (PID=1682) to work on /opt/airflow/dags/pipeline.py
[2025-03-29T09:20:10.573+0000] {processor.py:826} INFO - Processing file /opt/airflow/dags/pipeline.py for tasks to queue
[2025-03-29T09:20:10.579+0000] {logging_mixin.py:150} INFO - [2025-03-29T09:20:10.578+0000] {dagbag.py:541} INFO - Filling up the DagBag from /opt/airflow/dags/pipeline.py
[2025-03-29T09:20:10.625+0000] {processor.py:836} INFO - DAG(s) dict_keys(['pipeline']) retrieved from /opt/airflow/dags/pipeline.py
[2025-03-29T09:20:10.732+0000] {logging_mixin.py:150} INFO - [2025-03-29T09:20:10.732+0000] {dag.py:2742} INFO - Sync 1 DAGs
[2025-03-29T09:20:10.795+0000] {logging_mixin.py:150} INFO - [2025-03-29T09:20:10.794+0000] {dag.py:3504} INFO - Setting next_dagrun for pipeline to 2025-03-29T00:00:00+00:00, run_after=2025-03-30T00:00:00+00:00
[2025-03-29T09:20:10.814+0000] {processor.py:179} INFO - Processing /opt/airflow/dags/pipeline.py took 0.259 seconds
[2025-03-29T09:20:45.464+0000] {processor.py:157} INFO - Started process (PID=1687) to work on /opt/airflow/dags/pipeline.py
[2025-03-29T09:20:45.466+0000] {processor.py:826} INFO - Processing file /opt/airflow/dags/pipeline.py for tasks to queue
[2025-03-29T09:20:45.468+0000] {logging_mixin.py:150} INFO - [2025-03-29T09:20:45.467+0000] {dagbag.py:541} INFO - Filling up the DagBag from /opt/airflow/dags/pipeline.py
[2025-03-29T09:20:45.485+0000] {processor.py:836} INFO - DAG(s) dict_keys(['pipeline']) retrieved from /opt/airflow/dags/pipeline.py
[2025-03-29T09:20:45.571+0000] {logging_mixin.py:150} INFO - [2025-03-29T09:20:45.571+0000] {dag.py:2742} INFO - Sync 1 DAGs
[2025-03-29T09:20:45.611+0000] {logging_mixin.py:150} INFO - [2025-03-29T09:20:45.611+0000] {dag.py:3504} INFO - Setting next_dagrun for pipeline to 2025-03-29T00:00:00+00:00, run_after=2025-03-30T00:00:00+00:00
[2025-03-29T09:20:45.650+0000] {processor.py:179} INFO - Processing /opt/airflow/dags/pipeline.py took 0.192 seconds
[2025-03-29T09:36:39.295+0000] {processor.py:157} INFO - Started process (PID=1693) to work on /opt/airflow/dags/pipeline.py
[2025-03-29T09:36:39.296+0000] {processor.py:826} INFO - Processing file /opt/airflow/dags/pipeline.py for tasks to queue
[2025-03-29T09:36:39.298+0000] {logging_mixin.py:150} INFO - [2025-03-29T09:36:39.297+0000] {dagbag.py:541} INFO - Filling up the DagBag from /opt/airflow/dags/pipeline.py
[2025-03-29T09:36:39.322+0000] {processor.py:836} INFO - DAG(s) dict_keys(['pipeline']) retrieved from /opt/airflow/dags/pipeline.py
[2025-03-29T09:36:39.399+0000] {logging_mixin.py:150} INFO - [2025-03-29T09:36:39.399+0000] {dag.py:2742} INFO - Sync 1 DAGs
[2025-03-29T09:36:39.468+0000] {logging_mixin.py:150} INFO - [2025-03-29T09:36:39.468+0000] {dag.py:3504} INFO - Setting next_dagrun for pipeline to 2025-03-29T00:00:00+00:00, run_after=2025-03-30T00:00:00+00:00
[2025-03-29T09:36:39.494+0000] {processor.py:179} INFO - Processing /opt/airflow/dags/pipeline.py took 0.203 seconds
[2025-03-29T09:37:13.831+0000] {processor.py:157} INFO - Started process (PID=1698) to work on /opt/airflow/dags/pipeline.py
[2025-03-29T09:37:13.845+0000] {processor.py:826} INFO - Processing file /opt/airflow/dags/pipeline.py for tasks to queue
[2025-03-29T09:37:13.881+0000] {logging_mixin.py:150} INFO - [2025-03-29T09:37:13.880+0000] {dagbag.py:541} INFO - Filling up the DagBag from /opt/airflow/dags/pipeline.py
[2025-03-29T09:37:13.898+0000] {processor.py:836} INFO - DAG(s) dict_keys(['pipeline']) retrieved from /opt/airflow/dags/pipeline.py
[2025-03-29T09:37:13.993+0000] {logging_mixin.py:150} INFO - [2025-03-29T09:37:13.993+0000] {dag.py:2742} INFO - Sync 1 DAGs
[2025-03-29T09:37:14.033+0000] {logging_mixin.py:150} INFO - [2025-03-29T09:37:14.032+0000] {dag.py:3504} INFO - Setting next_dagrun for pipeline to 2025-03-29T00:00:00+00:00, run_after=2025-03-30T00:00:00+00:00
[2025-03-29T09:37:14.087+0000] {processor.py:179} INFO - Processing /opt/airflow/dags/pipeline.py took 0.260 seconds
[2025-03-29T09:37:48.810+0000] {processor.py:157} INFO - Started process (PID=1703) to work on /opt/airflow/dags/pipeline.py
[2025-03-29T09:37:48.812+0000] {processor.py:826} INFO - Processing file /opt/airflow/dags/pipeline.py for tasks to queue
[2025-03-29T09:37:48.842+0000] {logging_mixin.py:150} INFO - [2025-03-29T09:37:48.841+0000] {dagbag.py:541} INFO - Filling up the DagBag from /opt/airflow/dags/pipeline.py
[2025-03-29T09:37:48.881+0000] {processor.py:836} INFO - DAG(s) dict_keys(['pipeline']) retrieved from /opt/airflow/dags/pipeline.py
[2025-03-29T09:37:48.956+0000] {logging_mixin.py:150} INFO - [2025-03-29T09:37:48.956+0000] {dag.py:2742} INFO - Sync 1 DAGs
[2025-03-29T09:37:49.007+0000] {logging_mixin.py:150} INFO - [2025-03-29T09:37:49.006+0000] {dag.py:3504} INFO - Setting next_dagrun for pipeline to 2025-03-29T00:00:00+00:00, run_after=2025-03-30T00:00:00+00:00
[2025-03-29T09:37:49.054+0000] {processor.py:179} INFO - Processing /opt/airflow/dags/pipeline.py took 0.252 seconds
[2025-03-29T09:38:23.499+0000] {processor.py:157} INFO - Started process (PID=1708) to work on /opt/airflow/dags/pipeline.py
[2025-03-29T09:38:23.536+0000] {processor.py:826} INFO - Processing file /opt/airflow/dags/pipeline.py for tasks to queue
[2025-03-29T09:38:23.540+0000] {logging_mixin.py:150} INFO - [2025-03-29T09:38:23.539+0000] {dagbag.py:541} INFO - Filling up the DagBag from /opt/airflow/dags/pipeline.py
[2025-03-29T09:38:23.575+0000] {processor.py:836} INFO - DAG(s) dict_keys(['pipeline']) retrieved from /opt/airflow/dags/pipeline.py
[2025-03-29T09:38:23.702+0000] {logging_mixin.py:150} INFO - [2025-03-29T09:38:23.702+0000] {dag.py:2742} INFO - Sync 1 DAGs
[2025-03-29T09:38:23.751+0000] {logging_mixin.py:150} INFO - [2025-03-29T09:38:23.750+0000] {dag.py:3504} INFO - Setting next_dagrun for pipeline to 2025-03-29T00:00:00+00:00, run_after=2025-03-30T00:00:00+00:00
[2025-03-29T09:38:23.844+0000] {processor.py:179} INFO - Processing /opt/airflow/dags/pipeline.py took 0.351 seconds
[2025-03-29T09:38:58.512+0000] {processor.py:157} INFO - Started process (PID=1715) to work on /opt/airflow/dags/pipeline.py
[2025-03-29T09:38:58.514+0000] {processor.py:826} INFO - Processing file /opt/airflow/dags/pipeline.py for tasks to queue
[2025-03-29T09:38:58.516+0000] {logging_mixin.py:150} INFO - [2025-03-29T09:38:58.515+0000] {dagbag.py:541} INFO - Filling up the DagBag from /opt/airflow/dags/pipeline.py
[2025-03-29T09:38:58.532+0000] {processor.py:836} INFO - DAG(s) dict_keys(['pipeline']) retrieved from /opt/airflow/dags/pipeline.py
[2025-03-29T09:38:58.622+0000] {logging_mixin.py:150} INFO - [2025-03-29T09:38:58.621+0000] {dag.py:2742} INFO - Sync 1 DAGs
[2025-03-29T09:38:58.705+0000] {logging_mixin.py:150} INFO - [2025-03-29T09:38:58.704+0000] {dag.py:3504} INFO - Setting next_dagrun for pipeline to 2025-03-29T00:00:00+00:00, run_after=2025-03-30T00:00:00+00:00
[2025-03-29T09:38:58.739+0000] {processor.py:179} INFO - Processing /opt/airflow/dags/pipeline.py took 0.232 seconds
[2025-03-29T09:39:32.814+0000] {processor.py:157} INFO - Started process (PID=1720) to work on /opt/airflow/dags/pipeline.py
[2025-03-29T09:39:32.816+0000] {processor.py:826} INFO - Processing file /opt/airflow/dags/pipeline.py for tasks to queue
[2025-03-29T09:39:32.818+0000] {logging_mixin.py:150} INFO - [2025-03-29T09:39:32.817+0000] {dagbag.py:541} INFO - Filling up the DagBag from /opt/airflow/dags/pipeline.py
[2025-03-29T09:39:33.126+0000] {processor.py:836} INFO - DAG(s) dict_keys(['pipeline']) retrieved from /opt/airflow/dags/pipeline.py
[2025-03-29T09:39:33.268+0000] {logging_mixin.py:150} INFO - [2025-03-29T09:39:33.267+0000] {dag.py:2742} INFO - Sync 1 DAGs
[2025-03-29T09:39:33.328+0000] {logging_mixin.py:150} INFO - [2025-03-29T09:39:33.327+0000] {dag.py:3504} INFO - Setting next_dagrun for pipeline to 2025-03-29T00:00:00+00:00, run_after=2025-03-30T00:00:00+00:00
[2025-03-29T09:39:33.369+0000] {processor.py:179} INFO - Processing /opt/airflow/dags/pipeline.py took 0.560 seconds
[2025-03-29T10:02:56.360+0000] {processor.py:157} INFO - Started process (PID=1726) to work on /opt/airflow/dags/pipeline.py
[2025-03-29T10:02:56.362+0000] {processor.py:826} INFO - Processing file /opt/airflow/dags/pipeline.py for tasks to queue
[2025-03-29T10:02:56.363+0000] {logging_mixin.py:150} INFO - [2025-03-29T10:02:56.363+0000] {dagbag.py:541} INFO - Filling up the DagBag from /opt/airflow/dags/pipeline.py
[2025-03-29T10:02:56.378+0000] {processor.py:836} INFO - DAG(s) dict_keys(['pipeline']) retrieved from /opt/airflow/dags/pipeline.py
[2025-03-29T10:02:56.437+0000] {logging_mixin.py:150} INFO - [2025-03-29T10:02:56.436+0000] {dag.py:2742} INFO - Sync 1 DAGs
[2025-03-29T10:02:56.479+0000] {logging_mixin.py:150} INFO - [2025-03-29T10:02:56.478+0000] {dag.py:3504} INFO - Setting next_dagrun for pipeline to 2025-03-29T00:00:00+00:00, run_after=2025-03-30T00:00:00+00:00
[2025-03-29T10:02:56.507+0000] {processor.py:179} INFO - Processing /opt/airflow/dags/pipeline.py took 0.154 seconds
[2025-03-29T10:03:27.390+0000] {processor.py:157} INFO - Started process (PID=1731) to work on /opt/airflow/dags/pipeline.py
[2025-03-29T10:03:27.400+0000] {processor.py:826} INFO - Processing file /opt/airflow/dags/pipeline.py for tasks to queue
[2025-03-29T10:03:27.416+0000] {logging_mixin.py:150} INFO - [2025-03-29T10:03:27.411+0000] {dagbag.py:541} INFO - Filling up the DagBag from /opt/airflow/dags/pipeline.py
[2025-03-29T10:03:27.557+0000] {processor.py:836} INFO - DAG(s) dict_keys(['pipeline']) retrieved from /opt/airflow/dags/pipeline.py
[2025-03-29T10:03:28.147+0000] {logging_mixin.py:150} INFO - [2025-03-29T10:03:28.145+0000] {dag.py:2742} INFO - Sync 1 DAGs
[2025-03-29T10:03:28.554+0000] {logging_mixin.py:150} INFO - [2025-03-29T10:03:28.551+0000] {dag.py:3504} INFO - Setting next_dagrun for pipeline to 2025-03-29T00:00:00+00:00, run_after=2025-03-30T00:00:00+00:00
[2025-03-29T10:03:28.841+0000] {processor.py:179} INFO - Processing /opt/airflow/dags/pipeline.py took 1.545 seconds
[2025-03-29T11:03:59.434+0000] {processor.py:157} INFO - Started process (PID=1738) to work on /opt/airflow/dags/pipeline.py
[2025-03-29T11:03:59.436+0000] {processor.py:826} INFO - Processing file /opt/airflow/dags/pipeline.py for tasks to queue
[2025-03-29T11:03:59.439+0000] {logging_mixin.py:150} INFO - [2025-03-29T11:03:59.438+0000] {dagbag.py:541} INFO - Filling up the DagBag from /opt/airflow/dags/pipeline.py
[2025-03-29T11:03:59.484+0000] {processor.py:836} INFO - DAG(s) dict_keys(['pipeline']) retrieved from /opt/airflow/dags/pipeline.py
[2025-03-29T11:03:59.689+0000] {logging_mixin.py:150} INFO - [2025-03-29T11:03:59.689+0000] {dag.py:2742} INFO - Sync 1 DAGs
[2025-03-29T11:03:59.762+0000] {logging_mixin.py:150} INFO - [2025-03-29T11:03:59.762+0000] {dag.py:3504} INFO - Setting next_dagrun for pipeline to 2025-03-29T00:00:00+00:00, run_after=2025-03-30T00:00:00+00:00
[2025-03-29T11:03:59.808+0000] {processor.py:179} INFO - Processing /opt/airflow/dags/pipeline.py took 0.389 seconds
[2025-03-29T12:05:00.859+0000] {processor.py:157} INFO - Started process (PID=1743) to work on /opt/airflow/dags/pipeline.py
[2025-03-29T12:05:00.897+0000] {processor.py:826} INFO - Processing file /opt/airflow/dags/pipeline.py for tasks to queue
[2025-03-29T12:05:00.911+0000] {logging_mixin.py:150} INFO - [2025-03-29T12:05:00.910+0000] {dagbag.py:541} INFO - Filling up the DagBag from /opt/airflow/dags/pipeline.py
[2025-03-29T12:05:01.194+0000] {processor.py:836} INFO - DAG(s) dict_keys(['pipeline']) retrieved from /opt/airflow/dags/pipeline.py
[2025-03-29T12:05:01.624+0000] {logging_mixin.py:150} INFO - [2025-03-29T12:05:01.623+0000] {dag.py:2742} INFO - Sync 1 DAGs
[2025-03-29T12:05:01.814+0000] {logging_mixin.py:150} INFO - [2025-03-29T12:05:01.813+0000] {dag.py:3504} INFO - Setting next_dagrun for pipeline to 2025-03-29T00:00:00+00:00, run_after=2025-03-30T00:00:00+00:00
[2025-03-29T12:05:01.951+0000] {processor.py:179} INFO - Processing /opt/airflow/dags/pipeline.py took 1.261 seconds
[2025-03-29T12:05:32.452+0000] {processor.py:157} INFO - Started process (PID=1750) to work on /opt/airflow/dags/pipeline.py
[2025-03-29T12:05:32.473+0000] {processor.py:826} INFO - Processing file /opt/airflow/dags/pipeline.py for tasks to queue
[2025-03-29T12:05:32.491+0000] {logging_mixin.py:150} INFO - [2025-03-29T12:05:32.487+0000] {dagbag.py:541} INFO - Filling up the DagBag from /opt/airflow/dags/pipeline.py
[2025-03-29T12:05:32.627+0000] {processor.py:836} INFO - DAG(s) dict_keys(['pipeline']) retrieved from /opt/airflow/dags/pipeline.py
[2025-03-29T12:05:33.250+0000] {logging_mixin.py:150} INFO - [2025-03-29T12:05:33.247+0000] {dag.py:2742} INFO - Sync 1 DAGs
[2025-03-29T12:05:35.249+0000] {logging_mixin.py:150} INFO - [2025-03-29T12:05:35.246+0000] {dag.py:3504} INFO - Setting next_dagrun for pipeline to 2025-03-29T00:00:00+00:00, run_after=2025-03-30T00:00:00+00:00
[2025-03-29T12:05:35.922+0000] {processor.py:179} INFO - Processing /opt/airflow/dags/pipeline.py took 3.535 seconds
[2025-03-29T13:06:02.294+0000] {processor.py:157} INFO - Started process (PID=1755) to work on /opt/airflow/dags/pipeline.py
[2025-03-29T13:06:02.296+0000] {processor.py:826} INFO - Processing file /opt/airflow/dags/pipeline.py for tasks to queue
[2025-03-29T13:06:02.302+0000] {logging_mixin.py:150} INFO - [2025-03-29T13:06:02.301+0000] {dagbag.py:541} INFO - Filling up the DagBag from /opt/airflow/dags/pipeline.py
[2025-03-29T13:06:02.345+0000] {processor.py:836} INFO - DAG(s) dict_keys(['pipeline']) retrieved from /opt/airflow/dags/pipeline.py
[2025-03-29T13:06:02.444+0000] {logging_mixin.py:150} INFO - [2025-03-29T13:06:02.444+0000] {dag.py:2742} INFO - Sync 1 DAGs
[2025-03-29T13:06:02.731+0000] {logging_mixin.py:150} INFO - [2025-03-29T13:06:02.730+0000] {dag.py:3504} INFO - Setting next_dagrun for pipeline to 2025-03-29T00:00:00+00:00, run_after=2025-03-30T00:00:00+00:00
[2025-03-29T13:06:02.789+0000] {processor.py:179} INFO - Processing /opt/airflow/dags/pipeline.py took 0.524 seconds
[2025-03-29T14:07:02.848+0000] {processor.py:157} INFO - Started process (PID=1764) to work on /opt/airflow/dags/pipeline.py
[2025-03-29T14:07:02.852+0000] {processor.py:826} INFO - Processing file /opt/airflow/dags/pipeline.py for tasks to queue
[2025-03-29T14:07:02.856+0000] {logging_mixin.py:150} INFO - [2025-03-29T14:07:02.855+0000] {dagbag.py:541} INFO - Filling up the DagBag from /opt/airflow/dags/pipeline.py
[2025-03-29T14:07:03.406+0000] {processor.py:836} INFO - DAG(s) dict_keys(['pipeline']) retrieved from /opt/airflow/dags/pipeline.py
[2025-03-29T14:07:33.781+0000] {processor.py:157} INFO - Started process (PID=1770) to work on /opt/airflow/dags/pipeline.py
[2025-03-29T14:07:33.797+0000] {processor.py:826} INFO - Processing file /opt/airflow/dags/pipeline.py for tasks to queue
[2025-03-29T14:07:33.809+0000] {logging_mixin.py:150} INFO - [2025-03-29T14:07:33.806+0000] {dagbag.py:541} INFO - Filling up the DagBag from /opt/airflow/dags/pipeline.py
[2025-03-29T14:07:33.918+0000] {processor.py:836} INFO - DAG(s) dict_keys(['pipeline']) retrieved from /opt/airflow/dags/pipeline.py
[2025-03-29T14:07:34.454+0000] {logging_mixin.py:150} INFO - [2025-03-29T14:07:34.451+0000] {dag.py:2742} INFO - Sync 1 DAGs
[2025-03-29T14:07:34.954+0000] {logging_mixin.py:150} INFO - [2025-03-29T14:07:34.953+0000] {dag.py:3504} INFO - Setting next_dagrun for pipeline to 2025-03-29T00:00:00+00:00, run_after=2025-03-30T00:00:00+00:00
[2025-03-29T14:07:35.206+0000] {processor.py:179} INFO - Processing /opt/airflow/dags/pipeline.py took 1.473 seconds
[2025-03-29T15:08:03.939+0000] {processor.py:157} INFO - Started process (PID=1775) to work on /opt/airflow/dags/pipeline.py
[2025-03-29T15:08:03.951+0000] {processor.py:826} INFO - Processing file /opt/airflow/dags/pipeline.py for tasks to queue
[2025-03-29T15:08:03.956+0000] {logging_mixin.py:150} INFO - [2025-03-29T15:08:03.954+0000] {dagbag.py:541} INFO - Filling up the DagBag from /opt/airflow/dags/pipeline.py
[2025-03-29T15:08:03.990+0000] {processor.py:836} INFO - DAG(s) dict_keys(['pipeline']) retrieved from /opt/airflow/dags/pipeline.py
[2025-03-29T15:08:04.109+0000] {logging_mixin.py:150} INFO - [2025-03-29T15:08:04.108+0000] {dag.py:2742} INFO - Sync 1 DAGs
[2025-03-29T15:08:04.180+0000] {logging_mixin.py:150} INFO - [2025-03-29T15:08:04.179+0000] {dag.py:3504} INFO - Setting next_dagrun for pipeline to 2025-03-29T00:00:00+00:00, run_after=2025-03-30T00:00:00+00:00
[2025-03-29T15:08:04.208+0000] {processor.py:179} INFO - Processing /opt/airflow/dags/pipeline.py took 0.322 seconds
[2025-03-29T15:08:36.313+0000] {processor.py:157} INFO - Started process (PID=1782) to work on /opt/airflow/dags/pipeline.py
[2025-03-29T15:08:36.332+0000] {processor.py:826} INFO - Processing file /opt/airflow/dags/pipeline.py for tasks to queue
[2025-03-29T15:08:36.355+0000] {logging_mixin.py:150} INFO - [2025-03-29T15:08:36.345+0000] {dagbag.py:541} INFO - Filling up the DagBag from /opt/airflow/dags/pipeline.py
[2025-03-29T15:30:31.597+0000] {logging_mixin.py:150} INFO - [2025-03-29T15:30:31.596+0000] {timeout.py:68} ERROR - Process timed out, PID: 1782
[2025-03-29T15:30:32.783+0000] {logging_mixin.py:150} INFO - [2025-03-29T15:30:32.721+0000] {dagbag.py:350} ERROR - Failed to import: /opt/airflow/dags/pipeline.py
Traceback (most recent call last):
  File "/home/airflow/.local/lib/python3.10/site-packages/airflow/models/dagbag.py", line 346, in parse
    loader.exec_module(new_module)
  File "<frozen importlib._bootstrap_external>", line 883, in exec_module
  File "<frozen importlib._bootstrap>", line 241, in _call_with_frames_removed
  File "/opt/airflow/dags/pipeline.py", line 24, in <module>
    bronze_level = BashOperator(
  File "/home/airflow/.local/lib/python3.10/site-packages/airflow/models/baseoperator.py", line 429, in apply_defaults
    result = func(self, **kwargs, default_args=default_args)
  File "/home/airflow/.local/lib/python3.10/site-packages/airflow/operators/bash.py", line 150, in __init__
    super().__init__(**kwargs)
  File "/home/airflow/.local/lib/python3.10/site-packages/airflow/models/baseoperator.py", line 429, in apply_defaults
    result = func(self, **kwargs, default_args=default_args)
  File "/home/airflow/.local/lib/python3.10/site-packages/airflow/models/baseoperator.py", line 801, in __init__
    dag = dag or DagContext.get_current_dag()
  File "/home/airflow/.local/lib/python3.10/site-packages/airflow/utils/timeout.py", line 69, in handle_timeout
    raise AirflowTaskTimeout(self.error_message)
airflow.exceptions.AirflowTaskTimeout: DagBag import timeout for /opt/airflow/dags/pipeline.py after 30.0s.
Please take a look at these docs to improve your DAG import time:
* https://airflow.apache.org/docs/apache-airflow/2.6.3/best-practices.html#top-level-python-code
* https://airflow.apache.org/docs/apache-airflow/2.6.3/best-practices.html#reducing-dag-complexity, PID: 1782
[2025-03-29T15:30:32.789+0000] {processor.py:838} WARNING - No viable dags retrieved from /opt/airflow/dags/pipeline.py
[2025-03-29T15:31:03.270+0000] {processor.py:157} INFO - Started process (PID=1786) to work on /opt/airflow/dags/pipeline.py
[2025-03-29T15:31:03.285+0000] {processor.py:826} INFO - Processing file /opt/airflow/dags/pipeline.py for tasks to queue
[2025-03-29T15:31:03.292+0000] {logging_mixin.py:150} INFO - [2025-03-29T15:31:03.290+0000] {dagbag.py:541} INFO - Filling up the DagBag from /opt/airflow/dags/pipeline.py
[2025-03-29T15:31:03.369+0000] {processor.py:836} INFO - DAG(s) dict_keys(['pipeline']) retrieved from /opt/airflow/dags/pipeline.py
[2025-03-29T15:31:03.616+0000] {logging_mixin.py:150} INFO - [2025-03-29T15:31:03.615+0000] {dag.py:2742} INFO - Sync 1 DAGs
[2025-03-29T15:31:03.738+0000] {logging_mixin.py:150} INFO - [2025-03-29T15:31:03.738+0000] {dag.py:3504} INFO - Setting next_dagrun for pipeline to 2025-03-29T00:00:00+00:00, run_after=2025-03-30T00:00:00+00:00
[2025-03-29T15:31:03.796+0000] {processor.py:179} INFO - Processing /opt/airflow/dags/pipeline.py took 0.580 seconds
[2025-03-29T15:31:34.149+0000] {processor.py:157} INFO - Started process (PID=1791) to work on /opt/airflow/dags/pipeline.py
[2025-03-29T15:31:34.154+0000] {processor.py:826} INFO - Processing file /opt/airflow/dags/pipeline.py for tasks to queue
[2025-03-29T15:31:34.157+0000] {logging_mixin.py:150} INFO - [2025-03-29T15:31:34.156+0000] {dagbag.py:541} INFO - Filling up the DagBag from /opt/airflow/dags/pipeline.py
[2025-03-29T15:31:34.194+0000] {processor.py:836} INFO - DAG(s) dict_keys(['pipeline']) retrieved from /opt/airflow/dags/pipeline.py
[2025-03-29T15:31:34.257+0000] {logging_mixin.py:150} INFO - [2025-03-29T15:31:34.256+0000] {dag.py:2742} INFO - Sync 1 DAGs
[2025-03-29T15:31:34.314+0000] {logging_mixin.py:150} INFO - [2025-03-29T15:31:34.313+0000] {dag.py:3504} INFO - Setting next_dagrun for pipeline to 2025-03-29T00:00:00+00:00, run_after=2025-03-30T00:00:00+00:00
[2025-03-29T15:31:34.343+0000] {processor.py:179} INFO - Processing /opt/airflow/dags/pipeline.py took 0.234 seconds
[2025-03-29T15:32:04.637+0000] {processor.py:157} INFO - Started process (PID=1796) to work on /opt/airflow/dags/pipeline.py
[2025-03-29T15:32:04.639+0000] {processor.py:826} INFO - Processing file /opt/airflow/dags/pipeline.py for tasks to queue
[2025-03-29T15:32:04.641+0000] {logging_mixin.py:150} INFO - [2025-03-29T15:32:04.640+0000] {dagbag.py:541} INFO - Filling up the DagBag from /opt/airflow/dags/pipeline.py
[2025-03-29T15:32:04.654+0000] {processor.py:836} INFO - DAG(s) dict_keys(['pipeline']) retrieved from /opt/airflow/dags/pipeline.py
[2025-03-29T15:32:04.700+0000] {logging_mixin.py:150} INFO - [2025-03-29T15:32:04.700+0000] {dag.py:2742} INFO - Sync 1 DAGs
[2025-03-29T15:32:04.732+0000] {logging_mixin.py:150} INFO - [2025-03-29T15:32:04.732+0000] {dag.py:3504} INFO - Setting next_dagrun for pipeline to 2025-03-29T00:00:00+00:00, run_after=2025-03-30T00:00:00+00:00
[2025-03-29T15:32:04.754+0000] {processor.py:179} INFO - Processing /opt/airflow/dags/pipeline.py took 0.123 seconds
[2025-03-29T15:32:34.951+0000] {processor.py:157} INFO - Started process (PID=1801) to work on /opt/airflow/dags/pipeline.py
[2025-03-29T15:32:34.956+0000] {processor.py:826} INFO - Processing file /opt/airflow/dags/pipeline.py for tasks to queue
[2025-03-29T15:32:34.961+0000] {logging_mixin.py:150} INFO - [2025-03-29T15:32:34.958+0000] {dagbag.py:541} INFO - Filling up the DagBag from /opt/airflow/dags/pipeline.py
[2025-03-29T15:32:35.021+0000] {processor.py:836} INFO - DAG(s) dict_keys(['pipeline']) retrieved from /opt/airflow/dags/pipeline.py
[2025-03-29T15:32:35.092+0000] {logging_mixin.py:150} INFO - [2025-03-29T15:32:35.091+0000] {dag.py:2742} INFO - Sync 1 DAGs
[2025-03-29T15:32:35.116+0000] {logging_mixin.py:150} INFO - [2025-03-29T15:32:35.116+0000] {dag.py:3504} INFO - Setting next_dagrun for pipeline to 2025-03-29T00:00:00+00:00, run_after=2025-03-30T00:00:00+00:00
[2025-03-29T15:32:35.139+0000] {processor.py:179} INFO - Processing /opt/airflow/dags/pipeline.py took 0.236 seconds
[2025-03-29T15:33:05.366+0000] {processor.py:157} INFO - Started process (PID=1806) to work on /opt/airflow/dags/pipeline.py
[2025-03-29T15:33:05.368+0000] {processor.py:826} INFO - Processing file /opt/airflow/dags/pipeline.py for tasks to queue
[2025-03-29T15:33:05.369+0000] {logging_mixin.py:150} INFO - [2025-03-29T15:33:05.368+0000] {dagbag.py:541} INFO - Filling up the DagBag from /opt/airflow/dags/pipeline.py
[2025-03-29T15:33:05.381+0000] {processor.py:836} INFO - DAG(s) dict_keys(['pipeline']) retrieved from /opt/airflow/dags/pipeline.py
[2025-03-29T15:33:05.430+0000] {logging_mixin.py:150} INFO - [2025-03-29T15:33:05.429+0000] {dag.py:2742} INFO - Sync 1 DAGs
[2025-03-29T15:33:05.461+0000] {logging_mixin.py:150} INFO - [2025-03-29T15:33:05.460+0000] {dag.py:3504} INFO - Setting next_dagrun for pipeline to 2025-03-29T00:00:00+00:00, run_after=2025-03-30T00:00:00+00:00
[2025-03-29T15:33:05.481+0000] {processor.py:179} INFO - Processing /opt/airflow/dags/pipeline.py took 0.122 seconds
[2025-03-29T15:33:35.670+0000] {processor.py:157} INFO - Started process (PID=1811) to work on /opt/airflow/dags/pipeline.py
[2025-03-29T15:33:35.672+0000] {processor.py:826} INFO - Processing file /opt/airflow/dags/pipeline.py for tasks to queue
[2025-03-29T15:33:35.673+0000] {logging_mixin.py:150} INFO - [2025-03-29T15:33:35.673+0000] {dagbag.py:541} INFO - Filling up the DagBag from /opt/airflow/dags/pipeline.py
[2025-03-29T15:33:35.690+0000] {processor.py:836} INFO - DAG(s) dict_keys(['pipeline']) retrieved from /opt/airflow/dags/pipeline.py
[2025-03-29T15:33:35.740+0000] {logging_mixin.py:150} INFO - [2025-03-29T15:33:35.740+0000] {dag.py:2742} INFO - Sync 1 DAGs
[2025-03-29T15:33:35.768+0000] {logging_mixin.py:150} INFO - [2025-03-29T15:33:35.768+0000] {dag.py:3504} INFO - Setting next_dagrun for pipeline to 2025-03-29T00:00:00+00:00, run_after=2025-03-30T00:00:00+00:00
[2025-03-29T15:33:35.797+0000] {processor.py:179} INFO - Processing /opt/airflow/dags/pipeline.py took 0.136 seconds
[2025-03-29T15:34:05.974+0000] {processor.py:157} INFO - Started process (PID=1816) to work on /opt/airflow/dags/pipeline.py
[2025-03-29T15:34:05.976+0000] {processor.py:826} INFO - Processing file /opt/airflow/dags/pipeline.py for tasks to queue
[2025-03-29T15:34:05.979+0000] {logging_mixin.py:150} INFO - [2025-03-29T15:34:05.978+0000] {dagbag.py:541} INFO - Filling up the DagBag from /opt/airflow/dags/pipeline.py
[2025-03-29T15:34:05.995+0000] {processor.py:836} INFO - DAG(s) dict_keys(['pipeline']) retrieved from /opt/airflow/dags/pipeline.py
[2025-03-29T15:34:06.045+0000] {logging_mixin.py:150} INFO - [2025-03-29T15:34:06.045+0000] {dag.py:2742} INFO - Sync 1 DAGs
[2025-03-29T15:34:06.071+0000] {logging_mixin.py:150} INFO - [2025-03-29T15:34:06.070+0000] {dag.py:3504} INFO - Setting next_dagrun for pipeline to 2025-03-29T00:00:00+00:00, run_after=2025-03-30T00:00:00+00:00
[2025-03-29T15:34:06.092+0000] {processor.py:179} INFO - Processing /opt/airflow/dags/pipeline.py took 0.123 seconds
[2025-03-29T15:34:40.283+0000] {processor.py:157} INFO - Started process (PID=158) to work on /opt/airflow/dags/pipeline.py
[2025-03-29T15:34:40.287+0000] {processor.py:826} INFO - Processing file /opt/airflow/dags/pipeline.py for tasks to queue
[2025-03-29T15:34:40.290+0000] {logging_mixin.py:150} INFO - [2025-03-29T15:34:40.288+0000] {dagbag.py:541} INFO - Filling up the DagBag from /opt/airflow/dags/pipeline.py
[2025-03-29T15:34:40.346+0000] {processor.py:836} INFO - DAG(s) dict_keys(['pipeline']) retrieved from /opt/airflow/dags/pipeline.py
[2025-03-29T15:34:40.409+0000] {logging_mixin.py:150} INFO - [2025-03-29T15:34:40.409+0000] {dag.py:2742} INFO - Sync 1 DAGs
[2025-03-29T15:34:40.460+0000] {logging_mixin.py:150} INFO - [2025-03-29T15:34:40.460+0000] {dag.py:3504} INFO - Setting next_dagrun for pipeline to 2025-03-29T00:00:00+00:00, run_after=2025-03-30T00:00:00+00:00
[2025-03-29T15:34:40.489+0000] {processor.py:179} INFO - Processing /opt/airflow/dags/pipeline.py took 0.227 seconds
[2025-03-29T15:35:10.760+0000] {processor.py:157} INFO - Started process (PID=173) to work on /opt/airflow/dags/pipeline.py
[2025-03-29T15:35:10.764+0000] {processor.py:826} INFO - Processing file /opt/airflow/dags/pipeline.py for tasks to queue
[2025-03-29T15:35:10.770+0000] {logging_mixin.py:150} INFO - [2025-03-29T15:35:10.768+0000] {dagbag.py:541} INFO - Filling up the DagBag from /opt/airflow/dags/pipeline.py
[2025-03-29T15:35:10.971+0000] {processor.py:836} INFO - DAG(s) dict_keys(['pipeline']) retrieved from /opt/airflow/dags/pipeline.py
[2025-03-29T15:35:11.175+0000] {logging_mixin.py:150} INFO - [2025-03-29T15:35:11.175+0000] {dag.py:2742} INFO - Sync 1 DAGs
[2025-03-29T15:35:11.306+0000] {logging_mixin.py:150} INFO - [2025-03-29T15:35:11.305+0000] {dag.py:3504} INFO - Setting next_dagrun for pipeline to 2025-03-29T00:00:00+00:00, run_after=2025-03-30T00:00:00+00:00
[2025-03-29T15:35:11.346+0000] {processor.py:179} INFO - Processing /opt/airflow/dags/pipeline.py took 0.636 seconds
[2025-03-29T15:35:41.875+0000] {processor.py:157} INFO - Started process (PID=186) to work on /opt/airflow/dags/pipeline.py
[2025-03-29T15:35:41.907+0000] {processor.py:826} INFO - Processing file /opt/airflow/dags/pipeline.py for tasks to queue
[2025-03-29T15:35:41.912+0000] {logging_mixin.py:150} INFO - [2025-03-29T15:35:41.910+0000] {dagbag.py:541} INFO - Filling up the DagBag from /opt/airflow/dags/pipeline.py
[2025-03-29T15:35:42.068+0000] {processor.py:836} INFO - DAG(s) dict_keys(['pipeline']) retrieved from /opt/airflow/dags/pipeline.py
[2025-03-29T15:35:42.372+0000] {logging_mixin.py:150} INFO - [2025-03-29T15:35:42.372+0000] {dag.py:2742} INFO - Sync 1 DAGs
[2025-03-29T15:35:42.566+0000] {logging_mixin.py:150} INFO - [2025-03-29T15:35:42.565+0000] {dag.py:3504} INFO - Setting next_dagrun for pipeline to 2025-03-29T00:00:00+00:00, run_after=2025-03-30T00:00:00+00:00
[2025-03-29T15:35:42.630+0000] {processor.py:179} INFO - Processing /opt/airflow/dags/pipeline.py took 0.819 seconds
[2025-03-29T15:36:13.102+0000] {processor.py:157} INFO - Started process (PID=193) to work on /opt/airflow/dags/pipeline.py
[2025-03-29T15:36:13.105+0000] {processor.py:826} INFO - Processing file /opt/airflow/dags/pipeline.py for tasks to queue
[2025-03-29T15:36:13.107+0000] {logging_mixin.py:150} INFO - [2025-03-29T15:36:13.106+0000] {dagbag.py:541} INFO - Filling up the DagBag from /opt/airflow/dags/pipeline.py
[2025-03-29T15:36:13.154+0000] {processor.py:836} INFO - DAG(s) dict_keys(['pipeline']) retrieved from /opt/airflow/dags/pipeline.py
[2025-03-29T15:36:13.236+0000] {logging_mixin.py:150} INFO - [2025-03-29T15:36:13.236+0000] {dag.py:2742} INFO - Sync 1 DAGs
[2025-03-29T15:36:13.299+0000] {logging_mixin.py:150} INFO - [2025-03-29T15:36:13.299+0000] {dag.py:3504} INFO - Setting next_dagrun for pipeline to 2025-03-29T00:00:00+00:00, run_after=2025-03-30T00:00:00+00:00
[2025-03-29T15:36:13.333+0000] {processor.py:179} INFO - Processing /opt/airflow/dags/pipeline.py took 0.246 seconds
[2025-03-29T15:36:43.560+0000] {processor.py:157} INFO - Started process (PID=198) to work on /opt/airflow/dags/pipeline.py
[2025-03-29T15:36:43.562+0000] {processor.py:826} INFO - Processing file /opt/airflow/dags/pipeline.py for tasks to queue
[2025-03-29T15:36:43.563+0000] {logging_mixin.py:150} INFO - [2025-03-29T15:36:43.563+0000] {dagbag.py:541} INFO - Filling up the DagBag from /opt/airflow/dags/pipeline.py
[2025-03-29T15:36:43.585+0000] {processor.py:836} INFO - DAG(s) dict_keys(['pipeline']) retrieved from /opt/airflow/dags/pipeline.py
[2025-03-29T15:36:43.635+0000] {logging_mixin.py:150} INFO - [2025-03-29T15:36:43.634+0000] {dag.py:2742} INFO - Sync 1 DAGs
[2025-03-29T15:36:43.669+0000] {logging_mixin.py:150} INFO - [2025-03-29T15:36:43.669+0000] {dag.py:3504} INFO - Setting next_dagrun for pipeline to 2025-03-29T00:00:00+00:00, run_after=2025-03-30T00:00:00+00:00
[2025-03-29T15:36:43.696+0000] {processor.py:179} INFO - Processing /opt/airflow/dags/pipeline.py took 0.150 seconds
[2025-03-29T15:37:14.052+0000] {processor.py:157} INFO - Started process (PID=203) to work on /opt/airflow/dags/pipeline.py
[2025-03-29T15:37:14.059+0000] {processor.py:826} INFO - Processing file /opt/airflow/dags/pipeline.py for tasks to queue
[2025-03-29T15:37:14.063+0000] {logging_mixin.py:150} INFO - [2025-03-29T15:37:14.062+0000] {dagbag.py:541} INFO - Filling up the DagBag from /opt/airflow/dags/pipeline.py
[2025-03-29T15:37:14.184+0000] {processor.py:836} INFO - DAG(s) dict_keys(['pipeline']) retrieved from /opt/airflow/dags/pipeline.py
[2025-03-29T15:37:14.496+0000] {logging_mixin.py:150} INFO - [2025-03-29T15:37:14.495+0000] {dag.py:2742} INFO - Sync 1 DAGs
[2025-03-29T15:37:14.678+0000] {logging_mixin.py:150} INFO - [2025-03-29T15:37:14.678+0000] {dag.py:3504} INFO - Setting next_dagrun for pipeline to 2025-03-29T00:00:00+00:00, run_after=2025-03-30T00:00:00+00:00
[2025-03-29T15:37:14.767+0000] {processor.py:179} INFO - Processing /opt/airflow/dags/pipeline.py took 0.777 seconds
[2025-03-29T15:37:46.089+0000] {processor.py:157} INFO - Started process (PID=214) to work on /opt/airflow/dags/pipeline.py
[2025-03-29T15:37:46.106+0000] {processor.py:826} INFO - Processing file /opt/airflow/dags/pipeline.py for tasks to queue
[2025-03-29T15:37:46.125+0000] {logging_mixin.py:150} INFO - [2025-03-29T15:37:46.121+0000] {dagbag.py:541} INFO - Filling up the DagBag from /opt/airflow/dags/pipeline.py
[2025-03-29T15:37:46.636+0000] {processor.py:836} INFO - DAG(s) dict_keys(['pipeline']) retrieved from /opt/airflow/dags/pipeline.py
[2025-03-29T15:37:47.115+0000] {logging_mixin.py:150} INFO - [2025-03-29T15:37:47.114+0000] {dag.py:2742} INFO - Sync 1 DAGs
[2025-03-29T15:37:47.403+0000] {logging_mixin.py:150} INFO - [2025-03-29T15:37:47.402+0000] {dag.py:3504} INFO - Setting next_dagrun for pipeline to 2025-03-29T00:00:00+00:00, run_after=2025-03-30T00:00:00+00:00
[2025-03-29T15:37:47.476+0000] {processor.py:179} INFO - Processing /opt/airflow/dags/pipeline.py took 1.509 seconds
[2025-03-29T15:38:18.233+0000] {processor.py:157} INFO - Started process (PID=222) to work on /opt/airflow/dags/pipeline.py
[2025-03-29T15:38:18.237+0000] {processor.py:826} INFO - Processing file /opt/airflow/dags/pipeline.py for tasks to queue
[2025-03-29T15:38:18.248+0000] {logging_mixin.py:150} INFO - [2025-03-29T15:38:18.243+0000] {dagbag.py:541} INFO - Filling up the DagBag from /opt/airflow/dags/pipeline.py
[2025-03-29T15:38:18.524+0000] {processor.py:836} INFO - DAG(s) dict_keys(['pipeline']) retrieved from /opt/airflow/dags/pipeline.py
[2025-03-29T15:38:18.944+0000] {logging_mixin.py:150} INFO - [2025-03-29T15:38:18.944+0000] {dag.py:2742} INFO - Sync 1 DAGs
[2025-03-29T15:38:19.042+0000] {logging_mixin.py:150} INFO - [2025-03-29T15:38:19.042+0000] {dag.py:3504} INFO - Setting next_dagrun for pipeline to 2025-03-29T00:00:00+00:00, run_after=2025-03-30T00:00:00+00:00
[2025-03-29T15:38:19.087+0000] {processor.py:179} INFO - Processing /opt/airflow/dags/pipeline.py took 0.876 seconds
[2025-03-29T15:38:50.076+0000] {processor.py:157} INFO - Started process (PID=229) to work on /opt/airflow/dags/pipeline.py
[2025-03-29T15:38:50.081+0000] {processor.py:826} INFO - Processing file /opt/airflow/dags/pipeline.py for tasks to queue
[2025-03-29T15:38:50.085+0000] {logging_mixin.py:150} INFO - [2025-03-29T15:38:50.084+0000] {dagbag.py:541} INFO - Filling up the DagBag from /opt/airflow/dags/pipeline.py
[2025-03-29T15:38:50.227+0000] {processor.py:836} INFO - DAG(s) dict_keys(['pipeline']) retrieved from /opt/airflow/dags/pipeline.py
[2025-03-29T15:38:50.472+0000] {logging_mixin.py:150} INFO - [2025-03-29T15:38:50.472+0000] {dag.py:2742} INFO - Sync 1 DAGs
[2025-03-29T15:38:50.683+0000] {logging_mixin.py:150} INFO - [2025-03-29T15:38:50.683+0000] {dag.py:3504} INFO - Setting next_dagrun for pipeline to 2025-03-29T00:00:00+00:00, run_after=2025-03-30T00:00:00+00:00
[2025-03-29T15:38:50.739+0000] {processor.py:179} INFO - Processing /opt/airflow/dags/pipeline.py took 0.685 seconds
[2025-03-29T15:39:21.302+0000] {processor.py:157} INFO - Started process (PID=234) to work on /opt/airflow/dags/pipeline.py
[2025-03-29T15:39:21.305+0000] {processor.py:826} INFO - Processing file /opt/airflow/dags/pipeline.py for tasks to queue
[2025-03-29T15:39:21.309+0000] {logging_mixin.py:150} INFO - [2025-03-29T15:39:21.308+0000] {dagbag.py:541} INFO - Filling up the DagBag from /opt/airflow/dags/pipeline.py
[2025-03-29T15:39:21.366+0000] {processor.py:836} INFO - DAG(s) dict_keys(['pipeline']) retrieved from /opt/airflow/dags/pipeline.py
[2025-03-29T15:39:21.499+0000] {logging_mixin.py:150} INFO - [2025-03-29T15:39:21.499+0000] {dag.py:2742} INFO - Sync 1 DAGs
[2025-03-29T15:39:21.580+0000] {logging_mixin.py:150} INFO - [2025-03-29T15:39:21.580+0000] {dag.py:3504} INFO - Setting next_dagrun for pipeline to 2025-03-29T00:00:00+00:00, run_after=2025-03-30T00:00:00+00:00
[2025-03-29T15:39:21.632+0000] {processor.py:179} INFO - Processing /opt/airflow/dags/pipeline.py took 0.353 seconds
[2025-03-29T15:39:52.177+0000] {processor.py:157} INFO - Started process (PID=239) to work on /opt/airflow/dags/pipeline.py
[2025-03-29T15:39:52.217+0000] {processor.py:826} INFO - Processing file /opt/airflow/dags/pipeline.py for tasks to queue
[2025-03-29T15:39:52.277+0000] {logging_mixin.py:150} INFO - [2025-03-29T15:39:52.247+0000] {dagbag.py:541} INFO - Filling up the DagBag from /opt/airflow/dags/pipeline.py
[2025-03-29T15:39:53.339+0000] {processor.py:836} INFO - DAG(s) dict_keys(['pipeline']) retrieved from /opt/airflow/dags/pipeline.py
[2025-03-29T15:39:55.215+0000] {logging_mixin.py:150} INFO - [2025-03-29T15:39:55.210+0000] {dag.py:2742} INFO - Sync 1 DAGs
[2025-03-29T15:39:55.780+0000] {logging_mixin.py:150} INFO - [2025-03-29T15:39:55.779+0000] {dag.py:3504} INFO - Setting next_dagrun for pipeline to 2025-03-29T00:00:00+00:00, run_after=2025-03-30T00:00:00+00:00
[2025-03-29T15:39:55.909+0000] {processor.py:179} INFO - Processing /opt/airflow/dags/pipeline.py took 3.887 seconds
[2025-03-29T15:40:26.433+0000] {processor.py:157} INFO - Started process (PID=244) to work on /opt/airflow/dags/pipeline.py
[2025-03-29T15:40:26.457+0000] {processor.py:826} INFO - Processing file /opt/airflow/dags/pipeline.py for tasks to queue
[2025-03-29T15:40:26.484+0000] {logging_mixin.py:150} INFO - [2025-03-29T15:40:26.476+0000] {dagbag.py:541} INFO - Filling up the DagBag from /opt/airflow/dags/pipeline.py
[2025-03-29T15:40:26.748+0000] {processor.py:836} INFO - DAG(s) dict_keys(['pipeline']) retrieved from /opt/airflow/dags/pipeline.py
[2025-03-29T15:40:27.195+0000] {logging_mixin.py:150} INFO - [2025-03-29T15:40:27.194+0000] {dag.py:2742} INFO - Sync 1 DAGs
[2025-03-29T15:40:27.418+0000] {logging_mixin.py:150} INFO - [2025-03-29T15:40:27.417+0000] {dag.py:3504} INFO - Setting next_dagrun for pipeline to 2025-03-29T00:00:00+00:00, run_after=2025-03-30T00:00:00+00:00
[2025-03-29T15:40:27.534+0000] {processor.py:179} INFO - Processing /opt/airflow/dags/pipeline.py took 1.169 seconds
[2025-03-29T15:40:58.046+0000] {processor.py:157} INFO - Started process (PID=252) to work on /opt/airflow/dags/pipeline.py
[2025-03-29T15:40:58.061+0000] {processor.py:826} INFO - Processing file /opt/airflow/dags/pipeline.py for tasks to queue
[2025-03-29T15:40:58.067+0000] {logging_mixin.py:150} INFO - [2025-03-29T15:40:58.066+0000] {dagbag.py:541} INFO - Filling up the DagBag from /opt/airflow/dags/pipeline.py
[2025-03-29T15:40:58.148+0000] {processor.py:836} INFO - DAG(s) dict_keys(['pipeline']) retrieved from /opt/airflow/dags/pipeline.py
[2025-03-29T15:40:58.378+0000] {logging_mixin.py:150} INFO - [2025-03-29T15:40:58.378+0000] {dag.py:2742} INFO - Sync 1 DAGs
[2025-03-29T15:40:58.431+0000] {logging_mixin.py:150} INFO - [2025-03-29T15:40:58.430+0000] {dag.py:3504} INFO - Setting next_dagrun for pipeline to 2025-03-29T00:00:00+00:00, run_after=2025-03-30T00:00:00+00:00
[2025-03-29T15:40:58.462+0000] {processor.py:179} INFO - Processing /opt/airflow/dags/pipeline.py took 0.447 seconds
[2025-03-29T15:41:28.722+0000] {processor.py:157} INFO - Started process (PID=260) to work on /opt/airflow/dags/pipeline.py
[2025-03-29T15:41:28.724+0000] {processor.py:826} INFO - Processing file /opt/airflow/dags/pipeline.py for tasks to queue
[2025-03-29T15:41:28.726+0000] {logging_mixin.py:150} INFO - [2025-03-29T15:41:28.726+0000] {dagbag.py:541} INFO - Filling up the DagBag from /opt/airflow/dags/pipeline.py
[2025-03-29T15:41:28.759+0000] {processor.py:836} INFO - DAG(s) dict_keys(['pipeline']) retrieved from /opt/airflow/dags/pipeline.py
[2025-03-29T15:41:28.824+0000] {logging_mixin.py:150} INFO - [2025-03-29T15:41:28.823+0000] {dag.py:2742} INFO - Sync 1 DAGs
[2025-03-29T15:41:28.865+0000] {logging_mixin.py:150} INFO - [2025-03-29T15:41:28.864+0000] {dag.py:3504} INFO - Setting next_dagrun for pipeline to 2025-03-29T00:00:00+00:00, run_after=2025-03-30T00:00:00+00:00
[2025-03-29T15:41:28.893+0000] {processor.py:179} INFO - Processing /opt/airflow/dags/pipeline.py took 0.178 seconds
[2025-03-29T15:41:59.074+0000] {processor.py:157} INFO - Started process (PID=268) to work on /opt/airflow/dags/pipeline.py
[2025-03-29T15:41:59.079+0000] {processor.py:826} INFO - Processing file /opt/airflow/dags/pipeline.py for tasks to queue
[2025-03-29T15:41:59.085+0000] {logging_mixin.py:150} INFO - [2025-03-29T15:41:59.083+0000] {dagbag.py:541} INFO - Filling up the DagBag from /opt/airflow/dags/pipeline.py
[2025-03-29T15:41:59.126+0000] {processor.py:836} INFO - DAG(s) dict_keys(['pipeline']) retrieved from /opt/airflow/dags/pipeline.py
[2025-03-29T15:41:59.198+0000] {logging_mixin.py:150} INFO - [2025-03-29T15:41:59.197+0000] {dag.py:2742} INFO - Sync 1 DAGs
[2025-03-29T15:41:59.236+0000] {logging_mixin.py:150} INFO - [2025-03-29T15:41:59.236+0000] {dag.py:3504} INFO - Setting next_dagrun for pipeline to 2025-03-29T00:00:00+00:00, run_after=2025-03-30T00:00:00+00:00
[2025-03-29T15:41:59.272+0000] {processor.py:179} INFO - Processing /opt/airflow/dags/pipeline.py took 0.206 seconds
[2025-03-29T15:42:29.452+0000] {processor.py:157} INFO - Started process (PID=273) to work on /opt/airflow/dags/pipeline.py
[2025-03-29T15:42:29.453+0000] {processor.py:826} INFO - Processing file /opt/airflow/dags/pipeline.py for tasks to queue
[2025-03-29T15:42:29.455+0000] {logging_mixin.py:150} INFO - [2025-03-29T15:42:29.454+0000] {dagbag.py:541} INFO - Filling up the DagBag from /opt/airflow/dags/pipeline.py
[2025-03-29T15:42:29.475+0000] {processor.py:836} INFO - DAG(s) dict_keys(['pipeline']) retrieved from /opt/airflow/dags/pipeline.py
[2025-03-29T15:42:29.527+0000] {logging_mixin.py:150} INFO - [2025-03-29T15:42:29.527+0000] {dag.py:2742} INFO - Sync 1 DAGs
[2025-03-29T15:42:29.561+0000] {logging_mixin.py:150} INFO - [2025-03-29T15:42:29.560+0000] {dag.py:3504} INFO - Setting next_dagrun for pipeline to 2025-03-29T00:00:00+00:00, run_after=2025-03-30T00:00:00+00:00
[2025-03-29T15:42:29.588+0000] {processor.py:179} INFO - Processing /opt/airflow/dags/pipeline.py took 0.140 seconds
[2025-03-29T15:42:59.875+0000] {processor.py:157} INFO - Started process (PID=278) to work on /opt/airflow/dags/pipeline.py
[2025-03-29T15:42:59.877+0000] {processor.py:826} INFO - Processing file /opt/airflow/dags/pipeline.py for tasks to queue
[2025-03-29T15:42:59.880+0000] {logging_mixin.py:150} INFO - [2025-03-29T15:42:59.879+0000] {dagbag.py:541} INFO - Filling up the DagBag from /opt/airflow/dags/pipeline.py
[2025-03-29T15:42:59.904+0000] {processor.py:836} INFO - DAG(s) dict_keys(['pipeline']) retrieved from /opt/airflow/dags/pipeline.py
[2025-03-29T15:42:59.952+0000] {logging_mixin.py:150} INFO - [2025-03-29T15:42:59.951+0000] {dag.py:2742} INFO - Sync 1 DAGs
[2025-03-29T15:42:59.983+0000] {logging_mixin.py:150} INFO - [2025-03-29T15:42:59.983+0000] {dag.py:3504} INFO - Setting next_dagrun for pipeline to 2025-03-29T00:00:00+00:00, run_after=2025-03-30T00:00:00+00:00
[2025-03-29T15:43:00.015+0000] {processor.py:179} INFO - Processing /opt/airflow/dags/pipeline.py took 0.148 seconds
[2025-03-29T15:43:30.173+0000] {processor.py:157} INFO - Started process (PID=283) to work on /opt/airflow/dags/pipeline.py
[2025-03-29T15:43:30.175+0000] {processor.py:826} INFO - Processing file /opt/airflow/dags/pipeline.py for tasks to queue
[2025-03-29T15:43:30.176+0000] {logging_mixin.py:150} INFO - [2025-03-29T15:43:30.176+0000] {dagbag.py:541} INFO - Filling up the DagBag from /opt/airflow/dags/pipeline.py
[2025-03-29T15:43:30.206+0000] {processor.py:836} INFO - DAG(s) dict_keys(['pipeline']) retrieved from /opt/airflow/dags/pipeline.py
[2025-03-29T15:43:30.262+0000] {logging_mixin.py:150} INFO - [2025-03-29T15:43:30.262+0000] {dag.py:2742} INFO - Sync 1 DAGs
[2025-03-29T15:43:30.302+0000] {logging_mixin.py:150} INFO - [2025-03-29T15:43:30.302+0000] {dag.py:3504} INFO - Setting next_dagrun for pipeline to 2025-03-29T00:00:00+00:00, run_after=2025-03-30T00:00:00+00:00
[2025-03-29T15:43:30.326+0000] {processor.py:179} INFO - Processing /opt/airflow/dags/pipeline.py took 0.159 seconds
[2025-03-29T15:44:17.375+0000] {processor.py:157} INFO - Started process (PID=158) to work on /opt/airflow/dags/pipeline.py
[2025-03-29T15:44:17.385+0000] {processor.py:826} INFO - Processing file /opt/airflow/dags/pipeline.py for tasks to queue
[2025-03-29T15:44:17.389+0000] {logging_mixin.py:150} INFO - [2025-03-29T15:44:17.388+0000] {dagbag.py:541} INFO - Filling up the DagBag from /opt/airflow/dags/pipeline.py
[2025-03-29T15:44:17.480+0000] {processor.py:836} INFO - DAG(s) dict_keys(['pipeline']) retrieved from /opt/airflow/dags/pipeline.py
[2025-03-29T15:44:17.608+0000] {logging_mixin.py:150} INFO - [2025-03-29T15:44:17.608+0000] {dag.py:2742} INFO - Sync 1 DAGs
[2025-03-29T15:44:17.661+0000] {logging_mixin.py:150} INFO - [2025-03-29T15:44:17.661+0000] {dag.py:3504} INFO - Setting next_dagrun for pipeline to 2025-03-28T00:00:00+00:00, run_after=2025-03-29T00:00:00+00:00
[2025-03-29T15:44:17.687+0000] {processor.py:179} INFO - Processing /opt/airflow/dags/pipeline.py took 0.355 seconds
[2025-03-29T15:44:48.024+0000] {processor.py:157} INFO - Started process (PID=169) to work on /opt/airflow/dags/pipeline.py
[2025-03-29T15:44:48.029+0000] {processor.py:826} INFO - Processing file /opt/airflow/dags/pipeline.py for tasks to queue
[2025-03-29T15:44:48.039+0000] {logging_mixin.py:150} INFO - [2025-03-29T15:44:48.035+0000] {dagbag.py:541} INFO - Filling up the DagBag from /opt/airflow/dags/pipeline.py
[2025-03-29T15:44:48.335+0000] {processor.py:836} INFO - DAG(s) dict_keys(['pipeline']) retrieved from /opt/airflow/dags/pipeline.py
[2025-03-29T15:44:48.567+0000] {logging_mixin.py:150} INFO - [2025-03-29T15:44:48.567+0000] {dag.py:2742} INFO - Sync 1 DAGs
[2025-03-29T15:44:48.749+0000] {logging_mixin.py:150} INFO - [2025-03-29T15:44:48.748+0000] {dag.py:3504} INFO - Setting next_dagrun for pipeline to 2025-03-28T00:00:00+00:00, run_after=2025-03-29T00:00:00+00:00
[2025-03-29T15:44:48.821+0000] {processor.py:179} INFO - Processing /opt/airflow/dags/pipeline.py took 0.910 seconds
[2025-03-29T15:45:19.458+0000] {processor.py:157} INFO - Started process (PID=184) to work on /opt/airflow/dags/pipeline.py
[2025-03-29T15:45:19.469+0000] {processor.py:826} INFO - Processing file /opt/airflow/dags/pipeline.py for tasks to queue
[2025-03-29T15:45:19.475+0000] {logging_mixin.py:150} INFO - [2025-03-29T15:45:19.474+0000] {dagbag.py:541} INFO - Filling up the DagBag from /opt/airflow/dags/pipeline.py
[2025-03-29T15:45:19.717+0000] {processor.py:836} INFO - DAG(s) dict_keys(['pipeline']) retrieved from /opt/airflow/dags/pipeline.py
[2025-03-29T15:45:19.975+0000] {logging_mixin.py:150} INFO - [2025-03-29T15:45:19.975+0000] {dag.py:2742} INFO - Sync 1 DAGs
[2025-03-29T15:45:20.083+0000] {logging_mixin.py:150} INFO - [2025-03-29T15:45:20.081+0000] {dag.py:3504} INFO - Setting next_dagrun for pipeline to 2025-03-28T00:00:00+00:00, run_after=2025-03-29T00:00:00+00:00
[2025-03-29T15:45:20.226+0000] {processor.py:179} INFO - Processing /opt/airflow/dags/pipeline.py took 0.822 seconds
[2025-03-29T15:45:50.875+0000] {processor.py:157} INFO - Started process (PID=197) to work on /opt/airflow/dags/pipeline.py
[2025-03-29T15:45:50.935+0000] {processor.py:826} INFO - Processing file /opt/airflow/dags/pipeline.py for tasks to queue
[2025-03-29T15:45:50.939+0000] {logging_mixin.py:150} INFO - [2025-03-29T15:45:50.937+0000] {dagbag.py:541} INFO - Filling up the DagBag from /opt/airflow/dags/pipeline.py
[2025-03-29T15:45:51.140+0000] {processor.py:836} INFO - DAG(s) dict_keys(['pipeline']) retrieved from /opt/airflow/dags/pipeline.py
[2025-03-29T15:45:51.351+0000] {logging_mixin.py:150} INFO - [2025-03-29T15:45:51.351+0000] {dag.py:2742} INFO - Sync 1 DAGs
[2025-03-29T15:45:51.472+0000] {logging_mixin.py:150} INFO - [2025-03-29T15:45:51.472+0000] {dag.py:3504} INFO - Setting next_dagrun for pipeline to 2025-03-29T00:00:00+00:00, run_after=2025-03-30T00:00:00+00:00
[2025-03-29T15:45:51.520+0000] {processor.py:179} INFO - Processing /opt/airflow/dags/pipeline.py took 0.699 seconds
[2025-03-29T15:46:21.915+0000] {processor.py:157} INFO - Started process (PID=202) to work on /opt/airflow/dags/pipeline.py
[2025-03-29T15:46:21.917+0000] {processor.py:826} INFO - Processing file /opt/airflow/dags/pipeline.py for tasks to queue
[2025-03-29T15:46:21.918+0000] {logging_mixin.py:150} INFO - [2025-03-29T15:46:21.918+0000] {dagbag.py:541} INFO - Filling up the DagBag from /opt/airflow/dags/pipeline.py
[2025-03-29T15:46:21.946+0000] {processor.py:836} INFO - DAG(s) dict_keys(['pipeline']) retrieved from /opt/airflow/dags/pipeline.py
[2025-03-29T15:46:22.130+0000] {logging_mixin.py:150} INFO - [2025-03-29T15:46:22.129+0000] {dag.py:2742} INFO - Sync 1 DAGs
[2025-03-29T15:46:22.444+0000] {logging_mixin.py:150} INFO - [2025-03-29T15:46:22.444+0000] {dag.py:3504} INFO - Setting next_dagrun for pipeline to 2025-03-28T00:00:00+00:00, run_after=2025-03-29T00:00:00+00:00
[2025-03-29T15:46:22.530+0000] {processor.py:179} INFO - Processing /opt/airflow/dags/pipeline.py took 0.619 seconds
[2025-03-29T15:46:52.875+0000] {processor.py:157} INFO - Started process (PID=210) to work on /opt/airflow/dags/pipeline.py
[2025-03-29T15:46:52.876+0000] {processor.py:826} INFO - Processing file /opt/airflow/dags/pipeline.py for tasks to queue
[2025-03-29T15:46:52.877+0000] {logging_mixin.py:150} INFO - [2025-03-29T15:46:52.877+0000] {dagbag.py:541} INFO - Filling up the DagBag from /opt/airflow/dags/pipeline.py
[2025-03-29T15:46:52.900+0000] {processor.py:836} INFO - DAG(s) dict_keys(['pipeline']) retrieved from /opt/airflow/dags/pipeline.py
[2025-03-29T15:46:52.945+0000] {logging_mixin.py:150} INFO - [2025-03-29T15:46:52.945+0000] {dag.py:2742} INFO - Sync 1 DAGs
[2025-03-29T15:46:52.975+0000] {logging_mixin.py:150} INFO - [2025-03-29T15:46:52.975+0000] {dag.py:3504} INFO - Setting next_dagrun for pipeline to 2025-03-29T00:00:00+00:00, run_after=2025-03-30T00:00:00+00:00
[2025-03-29T15:46:52.998+0000] {processor.py:179} INFO - Processing /opt/airflow/dags/pipeline.py took 0.152 seconds
[2025-03-29T15:47:23.232+0000] {processor.py:157} INFO - Started process (PID=215) to work on /opt/airflow/dags/pipeline.py
[2025-03-29T15:47:23.234+0000] {processor.py:826} INFO - Processing file /opt/airflow/dags/pipeline.py for tasks to queue
[2025-03-29T15:47:23.235+0000] {logging_mixin.py:150} INFO - [2025-03-29T15:47:23.235+0000] {dagbag.py:541} INFO - Filling up the DagBag from /opt/airflow/dags/pipeline.py
[2025-03-29T15:47:23.260+0000] {processor.py:836} INFO - DAG(s) dict_keys(['pipeline']) retrieved from /opt/airflow/dags/pipeline.py
[2025-03-29T15:47:23.309+0000] {logging_mixin.py:150} INFO - [2025-03-29T15:47:23.308+0000] {dag.py:2742} INFO - Sync 1 DAGs
[2025-03-29T15:47:23.338+0000] {logging_mixin.py:150} INFO - [2025-03-29T15:47:23.337+0000] {dag.py:3504} INFO - Setting next_dagrun for pipeline to 2025-03-29T00:00:00+00:00, run_after=2025-03-30T00:00:00+00:00
[2025-03-29T15:47:23.360+0000] {processor.py:179} INFO - Processing /opt/airflow/dags/pipeline.py took 0.221 seconds
[2025-03-29T15:47:53.599+0000] {processor.py:157} INFO - Started process (PID=220) to work on /opt/airflow/dags/pipeline.py
[2025-03-29T15:47:53.601+0000] {processor.py:826} INFO - Processing file /opt/airflow/dags/pipeline.py for tasks to queue
[2025-03-29T15:47:53.608+0000] {logging_mixin.py:150} INFO - [2025-03-29T15:47:53.607+0000] {dagbag.py:541} INFO - Filling up the DagBag from /opt/airflow/dags/pipeline.py
[2025-03-29T15:47:53.630+0000] {processor.py:836} INFO - DAG(s) dict_keys(['pipeline']) retrieved from /opt/airflow/dags/pipeline.py
[2025-03-29T15:47:53.693+0000] {logging_mixin.py:150} INFO - [2025-03-29T15:47:53.693+0000] {dag.py:2742} INFO - Sync 1 DAGs
[2025-03-29T15:47:53.774+0000] {logging_mixin.py:150} INFO - [2025-03-29T15:47:53.774+0000] {dag.py:3504} INFO - Setting next_dagrun for pipeline to 2025-03-29T00:00:00+00:00, run_after=2025-03-30T00:00:00+00:00
[2025-03-29T15:47:53.797+0000] {processor.py:179} INFO - Processing /opt/airflow/dags/pipeline.py took 0.208 seconds
[2025-03-29T15:48:24.031+0000] {processor.py:157} INFO - Started process (PID=225) to work on /opt/airflow/dags/pipeline.py
[2025-03-29T15:48:24.034+0000] {processor.py:826} INFO - Processing file /opt/airflow/dags/pipeline.py for tasks to queue
[2025-03-29T15:48:24.036+0000] {logging_mixin.py:150} INFO - [2025-03-29T15:48:24.035+0000] {dagbag.py:541} INFO - Filling up the DagBag from /opt/airflow/dags/pipeline.py
[2025-03-29T15:48:24.072+0000] {processor.py:836} INFO - DAG(s) dict_keys(['pipeline']) retrieved from /opt/airflow/dags/pipeline.py
[2025-03-29T15:48:24.131+0000] {logging_mixin.py:150} INFO - [2025-03-29T15:48:24.131+0000] {dag.py:2742} INFO - Sync 1 DAGs
[2025-03-29T15:48:24.188+0000] {logging_mixin.py:150} INFO - [2025-03-29T15:48:24.187+0000] {dag.py:3504} INFO - Setting next_dagrun for pipeline to 2025-03-29T00:00:00+00:00, run_after=2025-03-30T00:00:00+00:00
[2025-03-29T15:48:24.216+0000] {processor.py:179} INFO - Processing /opt/airflow/dags/pipeline.py took 0.191 seconds
[2025-03-29T15:48:54.445+0000] {processor.py:157} INFO - Started process (PID=230) to work on /opt/airflow/dags/pipeline.py
[2025-03-29T15:48:54.446+0000] {processor.py:826} INFO - Processing file /opt/airflow/dags/pipeline.py for tasks to queue
[2025-03-29T15:48:54.447+0000] {logging_mixin.py:150} INFO - [2025-03-29T15:48:54.447+0000] {dagbag.py:541} INFO - Filling up the DagBag from /opt/airflow/dags/pipeline.py
[2025-03-29T15:48:54.465+0000] {processor.py:836} INFO - DAG(s) dict_keys(['pipeline']) retrieved from /opt/airflow/dags/pipeline.py
[2025-03-29T15:48:54.504+0000] {logging_mixin.py:150} INFO - [2025-03-29T15:48:54.504+0000] {dag.py:2742} INFO - Sync 1 DAGs
[2025-03-29T15:48:54.535+0000] {logging_mixin.py:150} INFO - [2025-03-29T15:48:54.535+0000] {dag.py:3504} INFO - Setting next_dagrun for pipeline to 2025-03-29T00:00:00+00:00, run_after=2025-03-30T00:00:00+00:00
[2025-03-29T15:48:54.562+0000] {processor.py:179} INFO - Processing /opt/airflow/dags/pipeline.py took 0.123 seconds
[2025-03-29T15:49:24.780+0000] {processor.py:157} INFO - Started process (PID=235) to work on /opt/airflow/dags/pipeline.py
[2025-03-29T15:49:24.782+0000] {processor.py:826} INFO - Processing file /opt/airflow/dags/pipeline.py for tasks to queue
[2025-03-29T15:49:24.783+0000] {logging_mixin.py:150} INFO - [2025-03-29T15:49:24.783+0000] {dagbag.py:541} INFO - Filling up the DagBag from /opt/airflow/dags/pipeline.py
[2025-03-29T15:49:24.802+0000] {processor.py:836} INFO - DAG(s) dict_keys(['pipeline']) retrieved from /opt/airflow/dags/pipeline.py
[2025-03-29T15:49:24.848+0000] {logging_mixin.py:150} INFO - [2025-03-29T15:49:24.848+0000] {dag.py:2742} INFO - Sync 1 DAGs
[2025-03-29T15:49:24.875+0000] {logging_mixin.py:150} INFO - [2025-03-29T15:49:24.875+0000] {dag.py:3504} INFO - Setting next_dagrun for pipeline to 2025-03-29T00:00:00+00:00, run_after=2025-03-30T00:00:00+00:00
[2025-03-29T15:49:24.896+0000] {processor.py:179} INFO - Processing /opt/airflow/dags/pipeline.py took 0.121 seconds
[2025-03-29T15:50:10.917+0000] {processor.py:157} INFO - Started process (PID=159) to work on /opt/airflow/dags/pipeline.py
[2025-03-29T15:50:10.933+0000] {processor.py:826} INFO - Processing file /opt/airflow/dags/pipeline.py for tasks to queue
[2025-03-29T15:50:10.939+0000] {logging_mixin.py:150} INFO - [2025-03-29T15:50:10.938+0000] {dagbag.py:541} INFO - Filling up the DagBag from /opt/airflow/dags/pipeline.py
[2025-03-29T15:50:11.060+0000] {processor.py:836} INFO - DAG(s) dict_keys(['pipeline']) retrieved from /opt/airflow/dags/pipeline.py
[2025-03-29T15:50:11.120+0000] {logging_mixin.py:150} INFO - [2025-03-29T15:50:11.120+0000] {dag.py:2742} INFO - Sync 1 DAGs
[2025-03-29T15:50:11.179+0000] {logging_mixin.py:150} INFO - [2025-03-29T15:50:11.178+0000] {dag.py:3504} INFO - Setting next_dagrun for pipeline to 2025-03-28T00:00:00+00:00, run_after=2025-03-29T00:00:00+00:00
[2025-03-29T15:50:11.208+0000] {processor.py:179} INFO - Processing /opt/airflow/dags/pipeline.py took 0.328 seconds
[2025-03-29T15:50:41.831+0000] {processor.py:157} INFO - Started process (PID=173) to work on /opt/airflow/dags/pipeline.py
[2025-03-29T15:50:41.835+0000] {processor.py:826} INFO - Processing file /opt/airflow/dags/pipeline.py for tasks to queue
[2025-03-29T15:50:41.842+0000] {logging_mixin.py:150} INFO - [2025-03-29T15:50:41.840+0000] {dagbag.py:541} INFO - Filling up the DagBag from /opt/airflow/dags/pipeline.py
[2025-03-29T15:50:42.006+0000] {processor.py:836} INFO - DAG(s) dict_keys(['pipeline']) retrieved from /opt/airflow/dags/pipeline.py
[2025-03-29T15:50:42.280+0000] {logging_mixin.py:150} INFO - [2025-03-29T15:50:42.279+0000] {dag.py:2742} INFO - Sync 1 DAGs
[2025-03-29T15:50:42.440+0000] {logging_mixin.py:150} INFO - [2025-03-29T15:50:42.439+0000] {dag.py:3504} INFO - Setting next_dagrun for pipeline to 2025-03-28T00:00:00+00:00, run_after=2025-03-29T00:00:00+00:00
[2025-03-29T15:50:42.496+0000] {processor.py:179} INFO - Processing /opt/airflow/dags/pipeline.py took 0.707 seconds
[2025-03-29T15:51:12.945+0000] {processor.py:157} INFO - Started process (PID=191) to work on /opt/airflow/dags/pipeline.py
[2025-03-29T15:51:12.947+0000] {processor.py:826} INFO - Processing file /opt/airflow/dags/pipeline.py for tasks to queue
[2025-03-29T15:51:12.949+0000] {logging_mixin.py:150} INFO - [2025-03-29T15:51:12.948+0000] {dagbag.py:541} INFO - Filling up the DagBag from /opt/airflow/dags/pipeline.py
[2025-03-29T15:51:12.974+0000] {processor.py:836} INFO - DAG(s) dict_keys(['pipeline']) retrieved from /opt/airflow/dags/pipeline.py
[2025-03-29T15:51:13.029+0000] {logging_mixin.py:150} INFO - [2025-03-29T15:51:13.029+0000] {dag.py:2742} INFO - Sync 1 DAGs
[2025-03-29T15:51:13.061+0000] {logging_mixin.py:150} INFO - [2025-03-29T15:51:13.061+0000] {dag.py:3504} INFO - Setting next_dagrun for pipeline to 2025-03-29T00:00:00+00:00, run_after=2025-03-30T00:00:00+00:00
[2025-03-29T15:51:13.085+0000] {processor.py:179} INFO - Processing /opt/airflow/dags/pipeline.py took 0.148 seconds
[2025-03-29T15:51:43.490+0000] {processor.py:157} INFO - Started process (PID=199) to work on /opt/airflow/dags/pipeline.py
[2025-03-29T15:51:43.494+0000] {processor.py:826} INFO - Processing file /opt/airflow/dags/pipeline.py for tasks to queue
[2025-03-29T15:51:43.498+0000] {logging_mixin.py:150} INFO - [2025-03-29T15:51:43.497+0000] {dagbag.py:541} INFO - Filling up the DagBag from /opt/airflow/dags/pipeline.py
[2025-03-29T15:51:43.713+0000] {processor.py:836} INFO - DAG(s) dict_keys(['pipeline']) retrieved from /opt/airflow/dags/pipeline.py
[2025-03-29T15:51:43.907+0000] {logging_mixin.py:150} INFO - [2025-03-29T15:51:43.907+0000] {dag.py:2742} INFO - Sync 1 DAGs
[2025-03-29T15:51:44.016+0000] {logging_mixin.py:150} INFO - [2025-03-29T15:51:44.016+0000] {dag.py:3504} INFO - Setting next_dagrun for pipeline to 2025-03-28T00:00:00+00:00, run_after=2025-03-29T00:00:00+00:00
[2025-03-29T15:51:44.083+0000] {processor.py:179} INFO - Processing /opt/airflow/dags/pipeline.py took 0.648 seconds
[2025-03-29T15:52:14.404+0000] {processor.py:157} INFO - Started process (PID=213) to work on /opt/airflow/dags/pipeline.py
[2025-03-29T15:52:14.407+0000] {processor.py:826} INFO - Processing file /opt/airflow/dags/pipeline.py for tasks to queue
[2025-03-29T15:52:14.410+0000] {logging_mixin.py:150} INFO - [2025-03-29T15:52:14.408+0000] {dagbag.py:541} INFO - Filling up the DagBag from /opt/airflow/dags/pipeline.py
[2025-03-29T15:52:14.578+0000] {processor.py:836} INFO - DAG(s) dict_keys(['pipeline']) retrieved from /opt/airflow/dags/pipeline.py
[2025-03-29T15:52:14.622+0000] {logging_mixin.py:150} INFO - [2025-03-29T15:52:14.622+0000] {dag.py:2742} INFO - Sync 1 DAGs
[2025-03-29T15:52:14.651+0000] {logging_mixin.py:150} INFO - [2025-03-29T15:52:14.650+0000] {dag.py:3504} INFO - Setting next_dagrun for pipeline to 2025-03-29T00:00:00+00:00, run_after=2025-03-30T00:00:00+00:00
[2025-03-29T15:52:14.674+0000] {processor.py:179} INFO - Processing /opt/airflow/dags/pipeline.py took 0.277 seconds
[2025-03-29T15:52:44.785+0000] {processor.py:157} INFO - Started process (PID=218) to work on /opt/airflow/dags/pipeline.py
[2025-03-29T15:52:44.787+0000] {processor.py:826} INFO - Processing file /opt/airflow/dags/pipeline.py for tasks to queue
[2025-03-29T15:52:44.789+0000] {logging_mixin.py:150} INFO - [2025-03-29T15:52:44.788+0000] {dagbag.py:541} INFO - Filling up the DagBag from /opt/airflow/dags/pipeline.py
[2025-03-29T15:52:44.818+0000] {processor.py:836} INFO - DAG(s) dict_keys(['pipeline']) retrieved from /opt/airflow/dags/pipeline.py
[2025-03-29T15:52:44.881+0000] {logging_mixin.py:150} INFO - [2025-03-29T15:52:44.880+0000] {dag.py:2742} INFO - Sync 1 DAGs
[2025-03-29T15:52:44.918+0000] {logging_mixin.py:150} INFO - [2025-03-29T15:52:44.918+0000] {dag.py:3504} INFO - Setting next_dagrun for pipeline to 2025-03-29T00:00:00+00:00, run_after=2025-03-30T00:00:00+00:00
[2025-03-29T15:52:44.947+0000] {processor.py:179} INFO - Processing /opt/airflow/dags/pipeline.py took 0.170 seconds
[2025-03-29T15:53:15.238+0000] {processor.py:157} INFO - Started process (PID=223) to work on /opt/airflow/dags/pipeline.py
[2025-03-29T15:53:15.241+0000] {processor.py:826} INFO - Processing file /opt/airflow/dags/pipeline.py for tasks to queue
[2025-03-29T15:53:15.243+0000] {logging_mixin.py:150} INFO - [2025-03-29T15:53:15.242+0000] {dagbag.py:541} INFO - Filling up the DagBag from /opt/airflow/dags/pipeline.py
[2025-03-29T15:53:15.278+0000] {processor.py:836} INFO - DAG(s) dict_keys(['pipeline']) retrieved from /opt/airflow/dags/pipeline.py
[2025-03-29T15:53:15.370+0000] {logging_mixin.py:150} INFO - [2025-03-29T15:53:15.370+0000] {dag.py:2742} INFO - Sync 1 DAGs
[2025-03-29T15:53:15.435+0000] {logging_mixin.py:150} INFO - [2025-03-29T15:53:15.435+0000] {dag.py:3504} INFO - Setting next_dagrun for pipeline to 2025-03-29T00:00:00+00:00, run_after=2025-03-30T00:00:00+00:00
[2025-03-29T15:53:15.473+0000] {processor.py:179} INFO - Processing /opt/airflow/dags/pipeline.py took 0.244 seconds
[2025-03-29T15:53:45.857+0000] {processor.py:157} INFO - Started process (PID=228) to work on /opt/airflow/dags/pipeline.py
[2025-03-29T15:53:45.863+0000] {processor.py:826} INFO - Processing file /opt/airflow/dags/pipeline.py for tasks to queue
[2025-03-29T15:53:45.867+0000] {logging_mixin.py:150} INFO - [2025-03-29T15:53:45.866+0000] {dagbag.py:541} INFO - Filling up the DagBag from /opt/airflow/dags/pipeline.py
[2025-03-29T15:53:45.967+0000] {processor.py:836} INFO - DAG(s) dict_keys(['pipeline']) retrieved from /opt/airflow/dags/pipeline.py
[2025-03-29T15:53:46.020+0000] {logging_mixin.py:150} INFO - [2025-03-29T15:53:46.020+0000] {dag.py:2742} INFO - Sync 1 DAGs
[2025-03-29T15:53:46.051+0000] {logging_mixin.py:150} INFO - [2025-03-29T15:53:46.051+0000] {dag.py:3504} INFO - Setting next_dagrun for pipeline to 2025-03-29T00:00:00+00:00, run_after=2025-03-30T00:00:00+00:00
[2025-03-29T15:53:46.073+0000] {processor.py:179} INFO - Processing /opt/airflow/dags/pipeline.py took 0.264 seconds
[2025-03-29T15:54:16.401+0000] {processor.py:157} INFO - Started process (PID=233) to work on /opt/airflow/dags/pipeline.py
[2025-03-29T15:54:16.404+0000] {processor.py:826} INFO - Processing file /opt/airflow/dags/pipeline.py for tasks to queue
[2025-03-29T15:54:16.415+0000] {logging_mixin.py:150} INFO - [2025-03-29T15:54:16.408+0000] {dagbag.py:541} INFO - Filling up the DagBag from /opt/airflow/dags/pipeline.py
[2025-03-29T15:54:16.463+0000] {processor.py:836} INFO - DAG(s) dict_keys(['pipeline']) retrieved from /opt/airflow/dags/pipeline.py
[2025-03-29T15:54:16.664+0000] {logging_mixin.py:150} INFO - [2025-03-29T15:54:16.663+0000] {dag.py:2742} INFO - Sync 1 DAGs
[2025-03-29T15:54:16.722+0000] {logging_mixin.py:150} INFO - [2025-03-29T15:54:16.721+0000] {dag.py:3504} INFO - Setting next_dagrun for pipeline to 2025-03-29T00:00:00+00:00, run_after=2025-03-30T00:00:00+00:00
[2025-03-29T15:54:16.758+0000] {processor.py:179} INFO - Processing /opt/airflow/dags/pipeline.py took 0.369 seconds
[2025-03-29T15:54:47.049+0000] {processor.py:157} INFO - Started process (PID=238) to work on /opt/airflow/dags/pipeline.py
[2025-03-29T15:54:47.051+0000] {processor.py:826} INFO - Processing file /opt/airflow/dags/pipeline.py for tasks to queue
[2025-03-29T15:54:47.053+0000] {logging_mixin.py:150} INFO - [2025-03-29T15:54:47.052+0000] {dagbag.py:541} INFO - Filling up the DagBag from /opt/airflow/dags/pipeline.py
[2025-03-29T15:54:47.107+0000] {processor.py:836} INFO - DAG(s) dict_keys(['pipeline']) retrieved from /opt/airflow/dags/pipeline.py
[2025-03-29T15:54:47.167+0000] {logging_mixin.py:150} INFO - [2025-03-29T15:54:47.167+0000] {dag.py:2742} INFO - Sync 1 DAGs
[2025-03-29T15:54:47.212+0000] {logging_mixin.py:150} INFO - [2025-03-29T15:54:47.212+0000] {dag.py:3504} INFO - Setting next_dagrun for pipeline to 2025-03-29T00:00:00+00:00, run_after=2025-03-30T00:00:00+00:00
[2025-03-29T15:54:47.249+0000] {processor.py:179} INFO - Processing /opt/airflow/dags/pipeline.py took 0.208 seconds
[2025-03-29T15:55:17.707+0000] {processor.py:157} INFO - Started process (PID=243) to work on /opt/airflow/dags/pipeline.py
[2025-03-29T15:55:17.722+0000] {processor.py:826} INFO - Processing file /opt/airflow/dags/pipeline.py for tasks to queue
[2025-03-29T15:55:17.731+0000] {logging_mixin.py:150} INFO - [2025-03-29T15:55:17.727+0000] {dagbag.py:541} INFO - Filling up the DagBag from /opt/airflow/dags/pipeline.py
[2025-03-29T15:55:17.888+0000] {processor.py:836} INFO - DAG(s) dict_keys(['pipeline']) retrieved from /opt/airflow/dags/pipeline.py
[2025-03-29T15:55:18.022+0000] {logging_mixin.py:150} INFO - [2025-03-29T15:55:18.022+0000] {dag.py:2742} INFO - Sync 1 DAGs
[2025-03-29T15:55:18.103+0000] {logging_mixin.py:150} INFO - [2025-03-29T15:55:18.103+0000] {dag.py:3504} INFO - Setting next_dagrun for pipeline to 2025-03-29T00:00:00+00:00, run_after=2025-03-30T00:00:00+00:00
[2025-03-29T15:55:18.146+0000] {processor.py:179} INFO - Processing /opt/airflow/dags/pipeline.py took 0.503 seconds
[2025-03-29T15:55:48.636+0000] {processor.py:157} INFO - Started process (PID=248) to work on /opt/airflow/dags/pipeline.py
[2025-03-29T15:55:48.638+0000] {processor.py:826} INFO - Processing file /opt/airflow/dags/pipeline.py for tasks to queue
[2025-03-29T15:55:48.640+0000] {logging_mixin.py:150} INFO - [2025-03-29T15:55:48.639+0000] {dagbag.py:541} INFO - Filling up the DagBag from /opt/airflow/dags/pipeline.py
[2025-03-29T15:55:48.657+0000] {processor.py:836} INFO - DAG(s) dict_keys(['pipeline']) retrieved from /opt/airflow/dags/pipeline.py
[2025-03-29T15:55:48.707+0000] {logging_mixin.py:150} INFO - [2025-03-29T15:55:48.706+0000] {dag.py:2742} INFO - Sync 1 DAGs
[2025-03-29T15:55:48.739+0000] {logging_mixin.py:150} INFO - [2025-03-29T15:55:48.739+0000] {dag.py:3504} INFO - Setting next_dagrun for pipeline to 2025-03-29T00:00:00+00:00, run_after=2025-03-30T00:00:00+00:00
[2025-03-29T15:55:48.765+0000] {processor.py:179} INFO - Processing /opt/airflow/dags/pipeline.py took 0.215 seconds
[2025-03-29T15:56:19.049+0000] {processor.py:157} INFO - Started process (PID=253) to work on /opt/airflow/dags/pipeline.py
[2025-03-29T15:56:19.051+0000] {processor.py:826} INFO - Processing file /opt/airflow/dags/pipeline.py for tasks to queue
[2025-03-29T15:56:19.053+0000] {logging_mixin.py:150} INFO - [2025-03-29T15:56:19.053+0000] {dagbag.py:541} INFO - Filling up the DagBag from /opt/airflow/dags/pipeline.py
[2025-03-29T15:56:19.074+0000] {processor.py:836} INFO - DAG(s) dict_keys(['pipeline']) retrieved from /opt/airflow/dags/pipeline.py
[2025-03-29T15:56:19.227+0000] {logging_mixin.py:150} INFO - [2025-03-29T15:56:19.227+0000] {dag.py:2742} INFO - Sync 1 DAGs
[2025-03-29T15:56:19.374+0000] {logging_mixin.py:150} INFO - [2025-03-29T15:56:19.374+0000] {dag.py:3504} INFO - Setting next_dagrun for pipeline to 2025-03-29T00:00:00+00:00, run_after=2025-03-30T00:00:00+00:00
[2025-03-29T15:56:19.435+0000] {processor.py:179} INFO - Processing /opt/airflow/dags/pipeline.py took 0.392 seconds
[2025-03-29T15:56:23.097+0000] {processor.py:157} INFO - Started process (PID=258) to work on /opt/airflow/dags/pipeline.py
[2025-03-29T15:56:23.099+0000] {processor.py:826} INFO - Processing file /opt/airflow/dags/pipeline.py for tasks to queue
[2025-03-29T15:56:23.102+0000] {logging_mixin.py:150} INFO - [2025-03-29T15:56:23.101+0000] {dagbag.py:541} INFO - Filling up the DagBag from /opt/airflow/dags/pipeline.py
[2025-03-29T15:56:23.177+0000] {logging_mixin.py:150} INFO - [2025-03-29T15:56:23.139+0000] {dagbag.py:350} ERROR - Failed to import: /opt/airflow/dags/pipeline.py
Traceback (most recent call last):
  File "/home/airflow/.local/lib/python3.10/site-packages/airflow/models/dagbag.py", line 346, in parse
    loader.exec_module(new_module)
  File "<frozen importlib._bootstrap_external>", line 883, in exec_module
  File "<frozen importlib._bootstrap>", line 241, in _call_with_frames_removed
  File "/opt/airflow/dags/pipeline.py", line 29, in <module>
    migration_bronze_level = BashOperator(
  File "/home/airflow/.local/lib/python3.10/site-packages/airflow/models/baseoperator.py", line 429, in apply_defaults
    result = func(self, **kwargs, default_args=default_args)
  File "/home/airflow/.local/lib/python3.10/site-packages/airflow/operators/bash.py", line 150, in __init__
    super().__init__(**kwargs)
  File "/home/airflow/.local/lib/python3.10/site-packages/airflow/models/baseoperator.py", line 429, in apply_defaults
    result = func(self, **kwargs, default_args=default_args)
TypeError: BaseOperator.__init__() missing 1 required positional argument: 'task_id'
[2025-03-29T15:56:23.180+0000] {processor.py:838} WARNING - No viable dags retrieved from /opt/airflow/dags/pipeline.py
[2025-03-29T15:56:23.225+0000] {processor.py:179} INFO - Processing /opt/airflow/dags/pipeline.py took 0.133 seconds
[2025-03-29T15:56:53.368+0000] {processor.py:157} INFO - Started process (PID=264) to work on /opt/airflow/dags/pipeline.py
[2025-03-29T15:56:53.370+0000] {processor.py:826} INFO - Processing file /opt/airflow/dags/pipeline.py for tasks to queue
[2025-03-29T15:56:53.371+0000] {logging_mixin.py:150} INFO - [2025-03-29T15:56:53.371+0000] {dagbag.py:541} INFO - Filling up the DagBag from /opt/airflow/dags/pipeline.py
[2025-03-29T15:56:53.388+0000] {logging_mixin.py:150} INFO - [2025-03-29T15:56:53.385+0000] {dagbag.py:350} ERROR - Failed to import: /opt/airflow/dags/pipeline.py
Traceback (most recent call last):
  File "/home/airflow/.local/lib/python3.10/site-packages/airflow/models/dagbag.py", line 346, in parse
    loader.exec_module(new_module)
  File "<frozen importlib._bootstrap_external>", line 883, in exec_module
  File "<frozen importlib._bootstrap>", line 241, in _call_with_frames_removed
  File "/opt/airflow/dags/pipeline.py", line 29, in <module>
    migration_bronze_level = BashOperator(
  File "/home/airflow/.local/lib/python3.10/site-packages/airflow/models/baseoperator.py", line 429, in apply_defaults
    result = func(self, **kwargs, default_args=default_args)
  File "/home/airflow/.local/lib/python3.10/site-packages/airflow/operators/bash.py", line 150, in __init__
    super().__init__(**kwargs)
  File "/home/airflow/.local/lib/python3.10/site-packages/airflow/models/baseoperator.py", line 429, in apply_defaults
    result = func(self, **kwargs, default_args=default_args)
TypeError: BaseOperator.__init__() missing 1 required positional argument: 'task_id'
[2025-03-29T15:56:53.389+0000] {processor.py:838} WARNING - No viable dags retrieved from /opt/airflow/dags/pipeline.py
[2025-03-29T15:56:53.429+0000] {processor.py:179} INFO - Processing /opt/airflow/dags/pipeline.py took 0.065 seconds
[2025-03-29T15:57:06.552+0000] {processor.py:157} INFO - Started process (PID=270) to work on /opt/airflow/dags/pipeline.py
[2025-03-29T15:57:06.554+0000] {processor.py:826} INFO - Processing file /opt/airflow/dags/pipeline.py for tasks to queue
[2025-03-29T15:57:06.555+0000] {logging_mixin.py:150} INFO - [2025-03-29T15:57:06.555+0000] {dagbag.py:541} INFO - Filling up the DagBag from /opt/airflow/dags/pipeline.py
[2025-03-29T15:57:06.576+0000] {processor.py:836} INFO - DAG(s) dict_keys(['pipeline']) retrieved from /opt/airflow/dags/pipeline.py
[2025-03-29T15:57:06.909+0000] {logging_mixin.py:150} INFO - [2025-03-29T15:57:06.908+0000] {dag.py:2742} INFO - Sync 1 DAGs
[2025-03-29T15:57:06.934+0000] {logging_mixin.py:150} INFO - [2025-03-29T15:57:06.934+0000] {dag.py:3504} INFO - Setting next_dagrun for pipeline to 2025-03-29T00:00:00+00:00, run_after=2025-03-30T00:00:00+00:00
[2025-03-29T15:57:06.969+0000] {processor.py:179} INFO - Processing /opt/airflow/dags/pipeline.py took 0.420 seconds
[2025-03-29T15:57:49.478+0000] {processor.py:157} INFO - Started process (PID=158) to work on /opt/airflow/dags/pipeline.py
[2025-03-29T15:57:49.484+0000] {processor.py:826} INFO - Processing file /opt/airflow/dags/pipeline.py for tasks to queue
[2025-03-29T15:57:49.488+0000] {logging_mixin.py:150} INFO - [2025-03-29T15:57:49.488+0000] {dagbag.py:541} INFO - Filling up the DagBag from /opt/airflow/dags/pipeline.py
[2025-03-29T15:57:49.597+0000] {processor.py:836} INFO - DAG(s) dict_keys(['pipeline']) retrieved from /opt/airflow/dags/pipeline.py
[2025-03-29T15:57:49.719+0000] {logging_mixin.py:150} INFO - [2025-03-29T15:57:49.719+0000] {dag.py:2742} INFO - Sync 1 DAGs
[2025-03-29T15:57:49.865+0000] {logging_mixin.py:150} INFO - [2025-03-29T15:57:49.865+0000] {dag.py:3504} INFO - Setting next_dagrun for pipeline to 2025-03-28T00:00:00+00:00, run_after=2025-03-29T00:00:00+00:00
[2025-03-29T15:57:49.928+0000] {processor.py:179} INFO - Processing /opt/airflow/dags/pipeline.py took 0.487 seconds
[2025-03-29T15:58:20.234+0000] {processor.py:157} INFO - Started process (PID=173) to work on /opt/airflow/dags/pipeline.py
[2025-03-29T15:58:20.244+0000] {processor.py:826} INFO - Processing file /opt/airflow/dags/pipeline.py for tasks to queue
[2025-03-29T15:58:20.248+0000] {logging_mixin.py:150} INFO - [2025-03-29T15:58:20.247+0000] {dagbag.py:541} INFO - Filling up the DagBag from /opt/airflow/dags/pipeline.py
[2025-03-29T15:58:20.383+0000] {processor.py:836} INFO - DAG(s) dict_keys(['pipeline']) retrieved from /opt/airflow/dags/pipeline.py
[2025-03-29T15:58:20.579+0000] {logging_mixin.py:150} INFO - [2025-03-29T15:58:20.578+0000] {dag.py:2742} INFO - Sync 1 DAGs
[2025-03-29T15:58:20.679+0000] {logging_mixin.py:150} INFO - [2025-03-29T15:58:20.679+0000] {dag.py:3504} INFO - Setting next_dagrun for pipeline to 2025-03-28T00:00:00+00:00, run_after=2025-03-29T00:00:00+00:00
[2025-03-29T15:58:20.717+0000] {processor.py:179} INFO - Processing /opt/airflow/dags/pipeline.py took 0.516 seconds
[2025-03-29T15:58:51.034+0000] {processor.py:157} INFO - Started process (PID=188) to work on /opt/airflow/dags/pipeline.py
[2025-03-29T15:58:51.041+0000] {processor.py:826} INFO - Processing file /opt/airflow/dags/pipeline.py for tasks to queue
[2025-03-29T15:58:51.046+0000] {logging_mixin.py:150} INFO - [2025-03-29T15:58:51.045+0000] {dagbag.py:541} INFO - Filling up the DagBag from /opt/airflow/dags/pipeline.py
[2025-03-29T15:58:51.142+0000] {processor.py:836} INFO - DAG(s) dict_keys(['pipeline']) retrieved from /opt/airflow/dags/pipeline.py
[2025-03-29T15:58:51.278+0000] {logging_mixin.py:150} INFO - [2025-03-29T15:58:51.278+0000] {dag.py:2742} INFO - Sync 1 DAGs
[2025-03-29T15:58:51.379+0000] {logging_mixin.py:150} INFO - [2025-03-29T15:58:51.379+0000] {dag.py:3504} INFO - Setting next_dagrun for pipeline to 2025-03-29T00:00:00+00:00, run_after=2025-03-30T00:00:00+00:00
[2025-03-29T15:58:51.424+0000] {processor.py:179} INFO - Processing /opt/airflow/dags/pipeline.py took 0.411 seconds
[2025-03-29T15:59:22.061+0000] {processor.py:157} INFO - Started process (PID=193) to work on /opt/airflow/dags/pipeline.py
[2025-03-29T15:59:22.067+0000] {processor.py:826} INFO - Processing file /opt/airflow/dags/pipeline.py for tasks to queue
[2025-03-29T15:59:22.074+0000] {logging_mixin.py:150} INFO - [2025-03-29T15:59:22.072+0000] {dagbag.py:541} INFO - Filling up the DagBag from /opt/airflow/dags/pipeline.py
[2025-03-29T15:59:22.338+0000] {processor.py:836} INFO - DAG(s) dict_keys(['pipeline']) retrieved from /opt/airflow/dags/pipeline.py
[2025-03-29T15:59:22.644+0000] {logging_mixin.py:150} INFO - [2025-03-29T15:59:22.644+0000] {dag.py:2742} INFO - Sync 1 DAGs
[2025-03-29T15:59:22.733+0000] {logging_mixin.py:150} INFO - [2025-03-29T15:59:22.732+0000] {dag.py:3504} INFO - Setting next_dagrun for pipeline to 2025-03-29T00:00:00+00:00, run_after=2025-03-30T00:00:00+00:00
[2025-03-29T15:59:22.782+0000] {processor.py:179} INFO - Processing /opt/airflow/dags/pipeline.py took 0.770 seconds
[2025-03-29T16:00:08.047+0000] {processor.py:157} INFO - Started process (PID=158) to work on /opt/airflow/dags/pipeline.py
[2025-03-29T16:00:08.056+0000] {processor.py:826} INFO - Processing file /opt/airflow/dags/pipeline.py for tasks to queue
[2025-03-29T16:00:08.060+0000] {logging_mixin.py:150} INFO - [2025-03-29T16:00:08.059+0000] {dagbag.py:541} INFO - Filling up the DagBag from /opt/airflow/dags/pipeline.py
[2025-03-29T16:00:08.226+0000] {processor.py:836} INFO - DAG(s) dict_keys(['pipeline']) retrieved from /opt/airflow/dags/pipeline.py
[2025-03-29T16:00:08.382+0000] {logging_mixin.py:150} INFO - [2025-03-29T16:00:08.381+0000] {dag.py:2742} INFO - Sync 1 DAGs
[2025-03-29T16:00:08.450+0000] {logging_mixin.py:150} INFO - [2025-03-29T16:00:08.450+0000] {dag.py:3504} INFO - Setting next_dagrun for pipeline to 2025-03-28T00:00:00+00:00, run_after=2025-03-29T00:00:00+00:00
[2025-03-29T16:00:08.493+0000] {processor.py:179} INFO - Processing /opt/airflow/dags/pipeline.py took 0.495 seconds
[2025-03-29T16:00:39.093+0000] {processor.py:157} INFO - Started process (PID=169) to work on /opt/airflow/dags/pipeline.py
[2025-03-29T16:00:39.097+0000] {processor.py:826} INFO - Processing file /opt/airflow/dags/pipeline.py for tasks to queue
[2025-03-29T16:00:39.112+0000] {logging_mixin.py:150} INFO - [2025-03-29T16:00:39.103+0000] {dagbag.py:541} INFO - Filling up the DagBag from /opt/airflow/dags/pipeline.py
[2025-03-29T16:00:39.216+0000] {processor.py:836} INFO - DAG(s) dict_keys(['pipeline']) retrieved from /opt/airflow/dags/pipeline.py
[2025-03-29T16:00:39.371+0000] {logging_mixin.py:150} INFO - [2025-03-29T16:00:39.371+0000] {dag.py:2742} INFO - Sync 1 DAGs
[2025-03-29T16:00:39.576+0000] {logging_mixin.py:150} INFO - [2025-03-29T16:00:39.576+0000] {dag.py:3504} INFO - Setting next_dagrun for pipeline to 2025-03-28T00:00:00+00:00, run_after=2025-03-29T00:00:00+00:00
[2025-03-29T16:00:39.621+0000] {processor.py:179} INFO - Processing /opt/airflow/dags/pipeline.py took 0.548 seconds
[2025-03-29T16:01:10.204+0000] {processor.py:157} INFO - Started process (PID=179) to work on /opt/airflow/dags/pipeline.py
[2025-03-29T16:01:10.209+0000] {processor.py:826} INFO - Processing file /opt/airflow/dags/pipeline.py for tasks to queue
[2025-03-29T16:01:10.225+0000] {logging_mixin.py:150} INFO - [2025-03-29T16:01:10.216+0000] {dagbag.py:541} INFO - Filling up the DagBag from /opt/airflow/dags/pipeline.py
[2025-03-29T16:01:10.659+0000] {processor.py:836} INFO - DAG(s) dict_keys(['pipeline']) retrieved from /opt/airflow/dags/pipeline.py
[2025-03-29T16:01:11.090+0000] {logging_mixin.py:150} INFO - [2025-03-29T16:01:11.089+0000] {dag.py:2742} INFO - Sync 1 DAGs
[2025-03-29T16:01:11.570+0000] {logging_mixin.py:150} INFO - [2025-03-29T16:01:11.569+0000] {dag.py:3504} INFO - Setting next_dagrun for pipeline to 2025-03-28T00:00:00+00:00, run_after=2025-03-29T00:00:00+00:00
[2025-03-29T16:01:11.832+0000] {processor.py:179} INFO - Processing /opt/airflow/dags/pipeline.py took 1.676 seconds
[2025-03-29T16:01:43.334+0000] {processor.py:157} INFO - Started process (PID=189) to work on /opt/airflow/dags/pipeline.py
[2025-03-29T16:01:43.337+0000] {processor.py:826} INFO - Processing file /opt/airflow/dags/pipeline.py for tasks to queue
[2025-03-29T16:01:43.356+0000] {logging_mixin.py:150} INFO - [2025-03-29T16:01:43.341+0000] {dagbag.py:541} INFO - Filling up the DagBag from /opt/airflow/dags/pipeline.py
[2025-03-29T16:01:43.508+0000] {processor.py:836} INFO - DAG(s) dict_keys(['pipeline']) retrieved from /opt/airflow/dags/pipeline.py
[2025-03-29T16:01:43.726+0000] {logging_mixin.py:150} INFO - [2025-03-29T16:01:43.725+0000] {dag.py:2742} INFO - Sync 1 DAGs
[2025-03-29T16:01:43.810+0000] {logging_mixin.py:150} INFO - [2025-03-29T16:01:43.809+0000] {dag.py:3504} INFO - Setting next_dagrun for pipeline to 2025-03-28T00:00:00+00:00, run_after=2025-03-29T00:00:00+00:00
[2025-03-29T16:01:43.851+0000] {processor.py:179} INFO - Processing /opt/airflow/dags/pipeline.py took 0.530 seconds
[2025-03-29T16:02:14.123+0000] {processor.py:157} INFO - Started process (PID=195) to work on /opt/airflow/dags/pipeline.py
[2025-03-29T16:02:14.126+0000] {processor.py:826} INFO - Processing file /opt/airflow/dags/pipeline.py for tasks to queue
[2025-03-29T16:02:14.129+0000] {logging_mixin.py:150} INFO - [2025-03-29T16:02:14.128+0000] {dagbag.py:541} INFO - Filling up the DagBag from /opt/airflow/dags/pipeline.py
[2025-03-29T16:02:14.188+0000] {processor.py:836} INFO - DAG(s) dict_keys(['pipeline']) retrieved from /opt/airflow/dags/pipeline.py
[2025-03-29T16:02:14.280+0000] {logging_mixin.py:150} INFO - [2025-03-29T16:02:14.279+0000] {dag.py:2742} INFO - Sync 1 DAGs
[2025-03-29T16:02:14.348+0000] {logging_mixin.py:150} INFO - [2025-03-29T16:02:14.347+0000] {dag.py:3504} INFO - Setting next_dagrun for pipeline to 2025-03-28T00:00:00+00:00, run_after=2025-03-29T00:00:00+00:00
[2025-03-29T16:02:14.377+0000] {processor.py:179} INFO - Processing /opt/airflow/dags/pipeline.py took 0.265 seconds
[2025-03-29T16:02:44.614+0000] {processor.py:157} INFO - Started process (PID=203) to work on /opt/airflow/dags/pipeline.py
[2025-03-29T16:02:44.616+0000] {processor.py:826} INFO - Processing file /opt/airflow/dags/pipeline.py for tasks to queue
[2025-03-29T16:02:44.618+0000] {logging_mixin.py:150} INFO - [2025-03-29T16:02:44.618+0000] {dagbag.py:541} INFO - Filling up the DagBag from /opt/airflow/dags/pipeline.py
[2025-03-29T16:02:44.651+0000] {processor.py:836} INFO - DAG(s) dict_keys(['pipeline']) retrieved from /opt/airflow/dags/pipeline.py
[2025-03-29T16:02:44.720+0000] {logging_mixin.py:150} INFO - [2025-03-29T16:02:44.720+0000] {dag.py:2742} INFO - Sync 1 DAGs
[2025-03-29T16:02:44.757+0000] {logging_mixin.py:150} INFO - [2025-03-29T16:02:44.757+0000] {dag.py:3504} INFO - Setting next_dagrun for pipeline to 2025-03-29T00:00:00+00:00, run_after=2025-03-30T00:00:00+00:00
[2025-03-29T16:02:44.785+0000] {processor.py:179} INFO - Processing /opt/airflow/dags/pipeline.py took 0.185 seconds
[2025-03-29T16:03:14.868+0000] {processor.py:157} INFO - Started process (PID=208) to work on /opt/airflow/dags/pipeline.py
[2025-03-29T16:03:14.872+0000] {processor.py:826} INFO - Processing file /opt/airflow/dags/pipeline.py for tasks to queue
[2025-03-29T16:03:14.875+0000] {logging_mixin.py:150} INFO - [2025-03-29T16:03:14.874+0000] {dagbag.py:541} INFO - Filling up the DagBag from /opt/airflow/dags/pipeline.py
[2025-03-29T16:03:14.917+0000] {processor.py:836} INFO - DAG(s) dict_keys(['pipeline']) retrieved from /opt/airflow/dags/pipeline.py
[2025-03-29T16:03:14.980+0000] {logging_mixin.py:150} INFO - [2025-03-29T16:03:14.980+0000] {dag.py:2742} INFO - Sync 1 DAGs
[2025-03-29T16:03:15.026+0000] {logging_mixin.py:150} INFO - [2025-03-29T16:03:15.026+0000] {dag.py:3504} INFO - Setting next_dagrun for pipeline to 2025-03-28T00:00:00+00:00, run_after=2025-03-29T00:00:00+00:00
[2025-03-29T16:03:15.057+0000] {processor.py:179} INFO - Processing /opt/airflow/dags/pipeline.py took 0.201 seconds
[2025-03-29T16:03:45.310+0000] {processor.py:157} INFO - Started process (PID=219) to work on /opt/airflow/dags/pipeline.py
[2025-03-29T16:03:45.312+0000] {processor.py:826} INFO - Processing file /opt/airflow/dags/pipeline.py for tasks to queue
[2025-03-29T16:03:45.313+0000] {logging_mixin.py:150} INFO - [2025-03-29T16:03:45.313+0000] {dagbag.py:541} INFO - Filling up the DagBag from /opt/airflow/dags/pipeline.py
[2025-03-29T16:03:45.339+0000] {processor.py:836} INFO - DAG(s) dict_keys(['pipeline']) retrieved from /opt/airflow/dags/pipeline.py
[2025-03-29T16:03:45.380+0000] {logging_mixin.py:150} INFO - [2025-03-29T16:03:45.380+0000] {dag.py:2742} INFO - Sync 1 DAGs
[2025-03-29T16:03:45.410+0000] {logging_mixin.py:150} INFO - [2025-03-29T16:03:45.409+0000] {dag.py:3504} INFO - Setting next_dagrun for pipeline to 2025-03-28T00:00:00+00:00, run_after=2025-03-29T00:00:00+00:00
[2025-03-29T16:03:45.431+0000] {processor.py:179} INFO - Processing /opt/airflow/dags/pipeline.py took 0.125 seconds
[2025-03-29T16:04:15.630+0000] {processor.py:157} INFO - Started process (PID=227) to work on /opt/airflow/dags/pipeline.py
[2025-03-29T16:04:15.632+0000] {processor.py:826} INFO - Processing file /opt/airflow/dags/pipeline.py for tasks to queue
[2025-03-29T16:04:15.634+0000] {logging_mixin.py:150} INFO - [2025-03-29T16:04:15.633+0000] {dagbag.py:541} INFO - Filling up the DagBag from /opt/airflow/dags/pipeline.py
[2025-03-29T16:04:15.668+0000] {processor.py:836} INFO - DAG(s) dict_keys(['pipeline']) retrieved from /opt/airflow/dags/pipeline.py
[2025-03-29T16:04:15.728+0000] {logging_mixin.py:150} INFO - [2025-03-29T16:04:15.728+0000] {dag.py:2742} INFO - Sync 1 DAGs
[2025-03-29T16:04:15.764+0000] {logging_mixin.py:150} INFO - [2025-03-29T16:04:15.764+0000] {dag.py:3504} INFO - Setting next_dagrun for pipeline to 2025-03-29T00:00:00+00:00, run_after=2025-03-30T00:00:00+00:00
[2025-03-29T16:04:15.791+0000] {processor.py:179} INFO - Processing /opt/airflow/dags/pipeline.py took 0.167 seconds
[2025-03-29T16:04:45.955+0000] {processor.py:157} INFO - Started process (PID=238) to work on /opt/airflow/dags/pipeline.py
[2025-03-29T16:04:45.959+0000] {processor.py:826} INFO - Processing file /opt/airflow/dags/pipeline.py for tasks to queue
[2025-03-29T16:04:45.962+0000] {logging_mixin.py:150} INFO - [2025-03-29T16:04:45.961+0000] {dagbag.py:541} INFO - Filling up the DagBag from /opt/airflow/dags/pipeline.py
[2025-03-29T16:04:46.016+0000] {processor.py:836} INFO - DAG(s) dict_keys(['pipeline']) retrieved from /opt/airflow/dags/pipeline.py
[2025-03-29T16:04:46.117+0000] {logging_mixin.py:150} INFO - [2025-03-29T16:04:46.116+0000] {dag.py:2742} INFO - Sync 1 DAGs
[2025-03-29T16:04:46.183+0000] {logging_mixin.py:150} INFO - [2025-03-29T16:04:46.183+0000] {dag.py:3504} INFO - Setting next_dagrun for pipeline to 2025-03-29T00:00:00+00:00, run_after=2025-03-30T00:00:00+00:00
[2025-03-29T16:04:46.214+0000] {processor.py:179} INFO - Processing /opt/airflow/dags/pipeline.py took 0.275 seconds
[2025-03-29T16:05:16.548+0000] {processor.py:157} INFO - Started process (PID=244) to work on /opt/airflow/dags/pipeline.py
[2025-03-29T16:05:16.550+0000] {processor.py:826} INFO - Processing file /opt/airflow/dags/pipeline.py for tasks to queue
[2025-03-29T16:05:16.552+0000] {logging_mixin.py:150} INFO - [2025-03-29T16:05:16.551+0000] {dagbag.py:541} INFO - Filling up the DagBag from /opt/airflow/dags/pipeline.py
[2025-03-29T16:05:16.581+0000] {processor.py:836} INFO - DAG(s) dict_keys(['pipeline']) retrieved from /opt/airflow/dags/pipeline.py
[2025-03-29T16:05:16.674+0000] {logging_mixin.py:150} INFO - [2025-03-29T16:05:16.674+0000] {dag.py:2742} INFO - Sync 1 DAGs
[2025-03-29T16:05:16.721+0000] {logging_mixin.py:150} INFO - [2025-03-29T16:05:16.721+0000] {dag.py:3504} INFO - Setting next_dagrun for pipeline to 2025-03-29T00:00:00+00:00, run_after=2025-03-30T00:00:00+00:00
[2025-03-29T16:05:16.754+0000] {processor.py:179} INFO - Processing /opt/airflow/dags/pipeline.py took 0.211 seconds
[2025-03-29T16:05:46.875+0000] {processor.py:157} INFO - Started process (PID=249) to work on /opt/airflow/dags/pipeline.py
[2025-03-29T16:05:46.879+0000] {processor.py:826} INFO - Processing file /opt/airflow/dags/pipeline.py for tasks to queue
[2025-03-29T16:05:46.883+0000] {logging_mixin.py:150} INFO - [2025-03-29T16:05:46.881+0000] {dagbag.py:541} INFO - Filling up the DagBag from /opt/airflow/dags/pipeline.py
[2025-03-29T16:05:46.946+0000] {processor.py:836} INFO - DAG(s) dict_keys(['pipeline']) retrieved from /opt/airflow/dags/pipeline.py
[2025-03-29T16:05:47.047+0000] {logging_mixin.py:150} INFO - [2025-03-29T16:05:47.046+0000] {dag.py:2742} INFO - Sync 1 DAGs
[2025-03-29T16:05:47.095+0000] {logging_mixin.py:150} INFO - [2025-03-29T16:05:47.094+0000] {dag.py:3504} INFO - Setting next_dagrun for pipeline to 2025-03-29T00:00:00+00:00, run_after=2025-03-30T00:00:00+00:00
[2025-03-29T16:05:47.137+0000] {processor.py:179} INFO - Processing /opt/airflow/dags/pipeline.py took 0.277 seconds
[2025-03-29T16:06:17.386+0000] {processor.py:157} INFO - Started process (PID=255) to work on /opt/airflow/dags/pipeline.py
[2025-03-29T16:06:17.388+0000] {processor.py:826} INFO - Processing file /opt/airflow/dags/pipeline.py for tasks to queue
[2025-03-29T16:06:17.389+0000] {logging_mixin.py:150} INFO - [2025-03-29T16:06:17.389+0000] {dagbag.py:541} INFO - Filling up the DagBag from /opt/airflow/dags/pipeline.py
[2025-03-29T16:06:17.416+0000] {processor.py:836} INFO - DAG(s) dict_keys(['pipeline']) retrieved from /opt/airflow/dags/pipeline.py
[2025-03-29T16:06:17.470+0000] {logging_mixin.py:150} INFO - [2025-03-29T16:06:17.469+0000] {dag.py:2742} INFO - Sync 1 DAGs
[2025-03-29T16:06:17.529+0000] {logging_mixin.py:150} INFO - [2025-03-29T16:06:17.528+0000] {dag.py:3504} INFO - Setting next_dagrun for pipeline to 2025-03-29T00:00:00+00:00, run_after=2025-03-30T00:00:00+00:00
[2025-03-29T16:06:17.562+0000] {processor.py:179} INFO - Processing /opt/airflow/dags/pipeline.py took 0.182 seconds
[2025-03-29T16:06:47.760+0000] {processor.py:157} INFO - Started process (PID=260) to work on /opt/airflow/dags/pipeline.py
[2025-03-29T16:06:47.762+0000] {processor.py:826} INFO - Processing file /opt/airflow/dags/pipeline.py for tasks to queue
[2025-03-29T16:06:47.764+0000] {logging_mixin.py:150} INFO - [2025-03-29T16:06:47.764+0000] {dagbag.py:541} INFO - Filling up the DagBag from /opt/airflow/dags/pipeline.py
[2025-03-29T16:06:47.786+0000] {processor.py:836} INFO - DAG(s) dict_keys(['pipeline']) retrieved from /opt/airflow/dags/pipeline.py
[2025-03-29T16:06:47.829+0000] {logging_mixin.py:150} INFO - [2025-03-29T16:06:47.829+0000] {dag.py:2742} INFO - Sync 1 DAGs
[2025-03-29T16:06:47.868+0000] {logging_mixin.py:150} INFO - [2025-03-29T16:06:47.868+0000] {dag.py:3504} INFO - Setting next_dagrun for pipeline to 2025-03-29T00:00:00+00:00, run_after=2025-03-30T00:00:00+00:00
[2025-03-29T16:06:47.899+0000] {processor.py:179} INFO - Processing /opt/airflow/dags/pipeline.py took 0.173 seconds
[2025-03-29T16:07:18.113+0000] {processor.py:157} INFO - Started process (PID=265) to work on /opt/airflow/dags/pipeline.py
[2025-03-29T16:07:18.114+0000] {processor.py:826} INFO - Processing file /opt/airflow/dags/pipeline.py for tasks to queue
[2025-03-29T16:07:18.116+0000] {logging_mixin.py:150} INFO - [2025-03-29T16:07:18.115+0000] {dagbag.py:541} INFO - Filling up the DagBag from /opt/airflow/dags/pipeline.py
[2025-03-29T16:07:18.136+0000] {processor.py:836} INFO - DAG(s) dict_keys(['pipeline']) retrieved from /opt/airflow/dags/pipeline.py
[2025-03-29T16:07:18.184+0000] {logging_mixin.py:150} INFO - [2025-03-29T16:07:18.183+0000] {dag.py:2742} INFO - Sync 1 DAGs
[2025-03-29T16:07:18.213+0000] {logging_mixin.py:150} INFO - [2025-03-29T16:07:18.213+0000] {dag.py:3504} INFO - Setting next_dagrun for pipeline to 2025-03-29T00:00:00+00:00, run_after=2025-03-30T00:00:00+00:00
[2025-03-29T16:07:18.242+0000] {processor.py:179} INFO - Processing /opt/airflow/dags/pipeline.py took 0.135 seconds
[2025-03-29T16:07:48.378+0000] {processor.py:157} INFO - Started process (PID=270) to work on /opt/airflow/dags/pipeline.py
[2025-03-29T16:07:48.383+0000] {processor.py:826} INFO - Processing file /opt/airflow/dags/pipeline.py for tasks to queue
[2025-03-29T16:07:48.385+0000] {logging_mixin.py:150} INFO - [2025-03-29T16:07:48.385+0000] {dagbag.py:541} INFO - Filling up the DagBag from /opt/airflow/dags/pipeline.py
[2025-03-29T16:07:48.418+0000] {processor.py:836} INFO - DAG(s) dict_keys(['pipeline']) retrieved from /opt/airflow/dags/pipeline.py
[2025-03-29T16:07:48.559+0000] {logging_mixin.py:150} INFO - [2025-03-29T16:07:48.559+0000] {dag.py:2742} INFO - Sync 1 DAGs
[2025-03-29T16:07:48.625+0000] {logging_mixin.py:150} INFO - [2025-03-29T16:07:48.625+0000] {dag.py:3504} INFO - Setting next_dagrun for pipeline to 2025-03-29T00:00:00+00:00, run_after=2025-03-30T00:00:00+00:00
[2025-03-29T16:07:48.667+0000] {processor.py:179} INFO - Processing /opt/airflow/dags/pipeline.py took 0.295 seconds
[2025-03-29T16:08:18.975+0000] {processor.py:157} INFO - Started process (PID=275) to work on /opt/airflow/dags/pipeline.py
[2025-03-29T16:08:18.977+0000] {processor.py:826} INFO - Processing file /opt/airflow/dags/pipeline.py for tasks to queue
[2025-03-29T16:08:18.979+0000] {logging_mixin.py:150} INFO - [2025-03-29T16:08:18.979+0000] {dagbag.py:541} INFO - Filling up the DagBag from /opt/airflow/dags/pipeline.py
[2025-03-29T16:08:19.008+0000] {processor.py:836} INFO - DAG(s) dict_keys(['pipeline']) retrieved from /opt/airflow/dags/pipeline.py
[2025-03-29T16:08:19.062+0000] {logging_mixin.py:150} INFO - [2025-03-29T16:08:19.062+0000] {dag.py:2742} INFO - Sync 1 DAGs
[2025-03-29T16:08:19.095+0000] {logging_mixin.py:150} INFO - [2025-03-29T16:08:19.094+0000] {dag.py:3504} INFO - Setting next_dagrun for pipeline to 2025-03-29T00:00:00+00:00, run_after=2025-03-30T00:00:00+00:00
[2025-03-29T16:08:19.120+0000] {processor.py:179} INFO - Processing /opt/airflow/dags/pipeline.py took 0.154 seconds
[2025-03-29T16:09:14.741+0000] {processor.py:157} INFO - Started process (PID=159) to work on /opt/airflow/dags/pipeline.py
[2025-03-29T16:09:14.755+0000] {processor.py:826} INFO - Processing file /opt/airflow/dags/pipeline.py for tasks to queue
[2025-03-29T16:09:14.761+0000] {logging_mixin.py:150} INFO - [2025-03-29T16:09:14.759+0000] {dagbag.py:541} INFO - Filling up the DagBag from /opt/airflow/dags/pipeline.py
[2025-03-29T16:09:14.871+0000] {processor.py:836} INFO - DAG(s) dict_keys(['pipeline']) retrieved from /opt/airflow/dags/pipeline.py
[2025-03-29T16:09:14.969+0000] {logging_mixin.py:150} INFO - [2025-03-29T16:09:14.968+0000] {dag.py:2742} INFO - Sync 1 DAGs
[2025-03-29T16:09:15.056+0000] {logging_mixin.py:150} INFO - [2025-03-29T16:09:15.056+0000] {dag.py:3504} INFO - Setting next_dagrun for pipeline to 2025-03-28T00:00:00+00:00, run_after=2025-03-29T00:00:00+00:00
[2025-03-29T16:09:15.091+0000] {processor.py:179} INFO - Processing /opt/airflow/dags/pipeline.py took 0.386 seconds
[2025-03-29T16:09:45.268+0000] {processor.py:157} INFO - Started process (PID=173) to work on /opt/airflow/dags/pipeline.py
[2025-03-29T16:09:45.271+0000] {processor.py:826} INFO - Processing file /opt/airflow/dags/pipeline.py for tasks to queue
[2025-03-29T16:09:45.273+0000] {logging_mixin.py:150} INFO - [2025-03-29T16:09:45.272+0000] {dagbag.py:541} INFO - Filling up the DagBag from /opt/airflow/dags/pipeline.py
[2025-03-29T16:09:45.351+0000] {processor.py:836} INFO - DAG(s) dict_keys(['pipeline']) retrieved from /opt/airflow/dags/pipeline.py
[2025-03-29T16:09:45.505+0000] {logging_mixin.py:150} INFO - [2025-03-29T16:09:45.504+0000] {dag.py:2742} INFO - Sync 1 DAGs
[2025-03-29T16:09:45.606+0000] {logging_mixin.py:150} INFO - [2025-03-29T16:09:45.605+0000] {dag.py:3504} INFO - Setting next_dagrun for pipeline to 2025-03-28T00:00:00+00:00, run_after=2025-03-29T00:00:00+00:00
[2025-03-29T16:09:45.671+0000] {processor.py:179} INFO - Processing /opt/airflow/dags/pipeline.py took 0.421 seconds
[2025-03-29T16:10:16.138+0000] {processor.py:157} INFO - Started process (PID=184) to work on /opt/airflow/dags/pipeline.py
[2025-03-29T16:10:16.166+0000] {processor.py:826} INFO - Processing file /opt/airflow/dags/pipeline.py for tasks to queue
[2025-03-29T16:10:16.176+0000] {logging_mixin.py:150} INFO - [2025-03-29T16:10:16.172+0000] {dagbag.py:541} INFO - Filling up the DagBag from /opt/airflow/dags/pipeline.py
[2025-03-29T16:10:16.399+0000] {processor.py:836} INFO - DAG(s) dict_keys(['pipeline']) retrieved from /opt/airflow/dags/pipeline.py
[2025-03-29T16:10:16.718+0000] {logging_mixin.py:150} INFO - [2025-03-29T16:10:16.718+0000] {dag.py:2742} INFO - Sync 1 DAGs
[2025-03-29T16:10:16.886+0000] {logging_mixin.py:150} INFO - [2025-03-29T16:10:16.884+0000] {dag.py:3504} INFO - Setting next_dagrun for pipeline to 2025-03-28T00:00:00+00:00, run_after=2025-03-29T00:00:00+00:00
[2025-03-29T16:10:16.941+0000] {processor.py:179} INFO - Processing /opt/airflow/dags/pipeline.py took 0.903 seconds
[2025-03-29T16:10:47.220+0000] {processor.py:157} INFO - Started process (PID=189) to work on /opt/airflow/dags/pipeline.py
[2025-03-29T16:10:47.223+0000] {processor.py:826} INFO - Processing file /opt/airflow/dags/pipeline.py for tasks to queue
[2025-03-29T16:10:47.224+0000] {logging_mixin.py:150} INFO - [2025-03-29T16:10:47.224+0000] {dagbag.py:541} INFO - Filling up the DagBag from /opt/airflow/dags/pipeline.py
[2025-03-29T16:10:47.357+0000] {processor.py:836} INFO - DAG(s) dict_keys(['pipeline']) retrieved from /opt/airflow/dags/pipeline.py
[2025-03-29T16:10:47.834+0000] {logging_mixin.py:150} INFO - [2025-03-29T16:10:47.834+0000] {dag.py:2742} INFO - Sync 1 DAGs
[2025-03-29T16:10:48.003+0000] {logging_mixin.py:150} INFO - [2025-03-29T16:10:48.002+0000] {dag.py:3504} INFO - Setting next_dagrun for pipeline to 2025-03-28T00:00:00+00:00, run_after=2025-03-29T00:00:00+00:00
[2025-03-29T16:10:48.071+0000] {processor.py:179} INFO - Processing /opt/airflow/dags/pipeline.py took 0.857 seconds
[2025-03-29T16:11:37.364+0000] {processor.py:157} INFO - Started process (PID=159) to work on /opt/airflow/dags/pipeline.py
[2025-03-29T16:11:37.370+0000] {processor.py:826} INFO - Processing file /opt/airflow/dags/pipeline.py for tasks to queue
[2025-03-29T16:11:37.377+0000] {logging_mixin.py:150} INFO - [2025-03-29T16:11:37.375+0000] {dagbag.py:541} INFO - Filling up the DagBag from /opt/airflow/dags/pipeline.py
[2025-03-29T16:11:37.472+0000] {processor.py:836} INFO - DAG(s) dict_keys(['pipeline']) retrieved from /opt/airflow/dags/pipeline.py
[2025-03-29T16:11:37.570+0000] {logging_mixin.py:150} INFO - [2025-03-29T16:11:37.570+0000] {dag.py:2742} INFO - Sync 1 DAGs
[2025-03-29T16:11:37.648+0000] {logging_mixin.py:150} INFO - [2025-03-29T16:11:37.647+0000] {dag.py:3504} INFO - Setting next_dagrun for pipeline to 2025-03-28T00:00:00+00:00, run_after=2025-03-29T00:00:00+00:00
[2025-03-29T16:11:37.710+0000] {processor.py:179} INFO - Processing /opt/airflow/dags/pipeline.py took 0.382 seconds
[2025-03-29T16:12:07.913+0000] {processor.py:157} INFO - Started process (PID=179) to work on /opt/airflow/dags/pipeline.py
[2025-03-29T16:12:07.916+0000] {processor.py:826} INFO - Processing file /opt/airflow/dags/pipeline.py for tasks to queue
[2025-03-29T16:12:07.919+0000] {logging_mixin.py:150} INFO - [2025-03-29T16:12:07.918+0000] {dagbag.py:541} INFO - Filling up the DagBag from /opt/airflow/dags/pipeline.py
[2025-03-29T16:12:07.950+0000] {processor.py:836} INFO - DAG(s) dict_keys(['pipeline']) retrieved from /opt/airflow/dags/pipeline.py
[2025-03-29T16:12:08.008+0000] {logging_mixin.py:150} INFO - [2025-03-29T16:12:08.008+0000] {dag.py:2742} INFO - Sync 1 DAGs
[2025-03-29T16:12:08.091+0000] {logging_mixin.py:150} INFO - [2025-03-29T16:12:08.090+0000] {dag.py:3504} INFO - Setting next_dagrun for pipeline to 2025-03-28T00:00:00+00:00, run_after=2025-03-29T00:00:00+00:00
[2025-03-29T16:12:08.182+0000] {processor.py:179} INFO - Processing /opt/airflow/dags/pipeline.py took 0.280 seconds
[2025-03-29T16:12:38.496+0000] {processor.py:157} INFO - Started process (PID=184) to work on /opt/airflow/dags/pipeline.py
[2025-03-29T16:12:38.498+0000] {processor.py:826} INFO - Processing file /opt/airflow/dags/pipeline.py for tasks to queue
[2025-03-29T16:12:38.499+0000] {logging_mixin.py:150} INFO - [2025-03-29T16:12:38.499+0000] {dagbag.py:541} INFO - Filling up the DagBag from /opt/airflow/dags/pipeline.py
[2025-03-29T16:12:38.525+0000] {processor.py:836} INFO - DAG(s) dict_keys(['pipeline']) retrieved from /opt/airflow/dags/pipeline.py
[2025-03-29T16:12:38.732+0000] {logging_mixin.py:150} INFO - [2025-03-29T16:12:38.731+0000] {dag.py:2742} INFO - Sync 1 DAGs
[2025-03-29T16:12:39.010+0000] {logging_mixin.py:150} INFO - [2025-03-29T16:12:39.009+0000] {dag.py:3504} INFO - Setting next_dagrun for pipeline to 2025-03-28T00:00:00+00:00, run_after=2025-03-29T00:00:00+00:00
[2025-03-29T16:12:39.124+0000] {processor.py:179} INFO - Processing /opt/airflow/dags/pipeline.py took 0.634 seconds
[2025-03-29T16:13:09.452+0000] {processor.py:157} INFO - Started process (PID=189) to work on /opt/airflow/dags/pipeline.py
[2025-03-29T16:13:09.454+0000] {processor.py:826} INFO - Processing file /opt/airflow/dags/pipeline.py for tasks to queue
[2025-03-29T16:13:09.459+0000] {logging_mixin.py:150} INFO - [2025-03-29T16:13:09.455+0000] {dagbag.py:541} INFO - Filling up the DagBag from /opt/airflow/dags/pipeline.py
[2025-03-29T16:13:09.590+0000] {processor.py:836} INFO - DAG(s) dict_keys(['pipeline']) retrieved from /opt/airflow/dags/pipeline.py
[2025-03-29T16:13:09.682+0000] {logging_mixin.py:150} INFO - [2025-03-29T16:13:09.682+0000] {dag.py:2742} INFO - Sync 1 DAGs
[2025-03-29T16:13:09.734+0000] {logging_mixin.py:150} INFO - [2025-03-29T16:13:09.734+0000] {dag.py:3504} INFO - Setting next_dagrun for pipeline to 2025-03-28T00:00:00+00:00, run_after=2025-03-29T00:00:00+00:00
[2025-03-29T16:13:09.770+0000] {processor.py:179} INFO - Processing /opt/airflow/dags/pipeline.py took 0.324 seconds
[2025-03-29T16:13:40.156+0000] {processor.py:157} INFO - Started process (PID=194) to work on /opt/airflow/dags/pipeline.py
[2025-03-29T16:13:40.158+0000] {processor.py:826} INFO - Processing file /opt/airflow/dags/pipeline.py for tasks to queue
[2025-03-29T16:13:40.159+0000] {logging_mixin.py:150} INFO - [2025-03-29T16:13:40.159+0000] {dagbag.py:541} INFO - Filling up the DagBag from /opt/airflow/dags/pipeline.py
[2025-03-29T16:13:40.187+0000] {processor.py:836} INFO - DAG(s) dict_keys(['pipeline']) retrieved from /opt/airflow/dags/pipeline.py
[2025-03-29T16:13:40.238+0000] {logging_mixin.py:150} INFO - [2025-03-29T16:13:40.237+0000] {dag.py:2742} INFO - Sync 1 DAGs
[2025-03-29T16:13:40.269+0000] {logging_mixin.py:150} INFO - [2025-03-29T16:13:40.268+0000] {dag.py:3504} INFO - Setting next_dagrun for pipeline to 2025-03-28T00:00:00+00:00, run_after=2025-03-29T00:00:00+00:00
[2025-03-29T16:13:40.291+0000] {processor.py:179} INFO - Processing /opt/airflow/dags/pipeline.py took 0.140 seconds
[2025-03-29T16:14:10.456+0000] {processor.py:157} INFO - Started process (PID=199) to work on /opt/airflow/dags/pipeline.py
[2025-03-29T16:14:10.460+0000] {processor.py:826} INFO - Processing file /opt/airflow/dags/pipeline.py for tasks to queue
[2025-03-29T16:14:10.463+0000] {logging_mixin.py:150} INFO - [2025-03-29T16:14:10.462+0000] {dagbag.py:541} INFO - Filling up the DagBag from /opt/airflow/dags/pipeline.py
[2025-03-29T16:14:10.508+0000] {processor.py:836} INFO - DAG(s) dict_keys(['pipeline']) retrieved from /opt/airflow/dags/pipeline.py
[2025-03-29T16:14:10.591+0000] {logging_mixin.py:150} INFO - [2025-03-29T16:14:10.591+0000] {dag.py:2742} INFO - Sync 1 DAGs
[2025-03-29T16:14:10.654+0000] {logging_mixin.py:150} INFO - [2025-03-29T16:14:10.654+0000] {dag.py:3504} INFO - Setting next_dagrun for pipeline to 2025-03-28T00:00:00+00:00, run_after=2025-03-29T00:00:00+00:00
[2025-03-29T16:14:10.685+0000] {processor.py:179} INFO - Processing /opt/airflow/dags/pipeline.py took 0.242 seconds
[2025-03-29T16:14:40.932+0000] {processor.py:157} INFO - Started process (PID=208) to work on /opt/airflow/dags/pipeline.py
[2025-03-29T16:14:40.948+0000] {processor.py:826} INFO - Processing file /opt/airflow/dags/pipeline.py for tasks to queue
[2025-03-29T16:14:40.962+0000] {logging_mixin.py:150} INFO - [2025-03-29T16:14:40.956+0000] {dagbag.py:541} INFO - Filling up the DagBag from /opt/airflow/dags/pipeline.py
[2025-03-29T16:14:41.039+0000] {processor.py:836} INFO - DAG(s) dict_keys(['pipeline']) retrieved from /opt/airflow/dags/pipeline.py
[2025-03-29T16:14:41.565+0000] {logging_mixin.py:150} INFO - [2025-03-29T16:14:41.564+0000] {dag.py:2742} INFO - Sync 1 DAGs
[2025-03-29T16:14:41.780+0000] {logging_mixin.py:150} INFO - [2025-03-29T16:14:41.779+0000] {dag.py:3504} INFO - Setting next_dagrun for pipeline to 2025-03-29T00:00:00+00:00, run_after=2025-03-30T00:00:00+00:00
[2025-03-29T16:14:41.830+0000] {processor.py:179} INFO - Processing /opt/airflow/dags/pipeline.py took 0.941 seconds
[2025-03-29T16:15:12.230+0000] {processor.py:157} INFO - Started process (PID=213) to work on /opt/airflow/dags/pipeline.py
[2025-03-29T16:15:12.232+0000] {processor.py:826} INFO - Processing file /opt/airflow/dags/pipeline.py for tasks to queue
[2025-03-29T16:15:12.234+0000] {logging_mixin.py:150} INFO - [2025-03-29T16:15:12.233+0000] {dagbag.py:541} INFO - Filling up the DagBag from /opt/airflow/dags/pipeline.py
[2025-03-29T16:15:12.340+0000] {processor.py:836} INFO - DAG(s) dict_keys(['pipeline']) retrieved from /opt/airflow/dags/pipeline.py
[2025-03-29T16:15:12.557+0000] {logging_mixin.py:150} INFO - [2025-03-29T16:15:12.557+0000] {dag.py:2742} INFO - Sync 1 DAGs
[2025-03-29T16:15:12.698+0000] {logging_mixin.py:150} INFO - [2025-03-29T16:15:12.697+0000] {dag.py:3504} INFO - Setting next_dagrun for pipeline to 2025-03-29T00:00:00+00:00, run_after=2025-03-30T00:00:00+00:00
[2025-03-29T16:15:12.775+0000] {processor.py:179} INFO - Processing /opt/airflow/dags/pipeline.py took 0.552 seconds
[2025-03-29T16:15:28.527+0000] {processor.py:157} INFO - Started process (PID=218) to work on /opt/airflow/dags/pipeline.py
[2025-03-29T16:15:28.533+0000] {processor.py:826} INFO - Processing file /opt/airflow/dags/pipeline.py for tasks to queue
[2025-03-29T16:15:28.536+0000] {logging_mixin.py:150} INFO - [2025-03-29T16:15:28.535+0000] {dagbag.py:541} INFO - Filling up the DagBag from /opt/airflow/dags/pipeline.py
[2025-03-29T16:15:28.596+0000] {processor.py:836} INFO - DAG(s) dict_keys(['pipeline']) retrieved from /opt/airflow/dags/pipeline.py
[2025-03-29T16:15:29.414+0000] {logging_mixin.py:150} INFO - [2025-03-29T16:15:29.414+0000] {dag.py:2742} INFO - Sync 1 DAGs
[2025-03-29T16:15:29.556+0000] {logging_mixin.py:150} INFO - [2025-03-29T16:15:29.556+0000] {dag.py:3504} INFO - Setting next_dagrun for pipeline to 2025-03-29T00:00:00+00:00, run_after=2025-03-30T00:00:00+00:00
[2025-03-29T16:15:29.624+0000] {processor.py:179} INFO - Processing /opt/airflow/dags/pipeline.py took 1.119 seconds
[2025-03-29T16:15:59.793+0000] {processor.py:157} INFO - Started process (PID=223) to work on /opt/airflow/dags/pipeline.py
[2025-03-29T16:15:59.795+0000] {processor.py:826} INFO - Processing file /opt/airflow/dags/pipeline.py for tasks to queue
[2025-03-29T16:15:59.797+0000] {logging_mixin.py:150} INFO - [2025-03-29T16:15:59.796+0000] {dagbag.py:541} INFO - Filling up the DagBag from /opt/airflow/dags/pipeline.py
[2025-03-29T16:15:59.829+0000] {processor.py:836} INFO - DAG(s) dict_keys(['pipeline']) retrieved from /opt/airflow/dags/pipeline.py
[2025-03-29T16:15:59.881+0000] {logging_mixin.py:150} INFO - [2025-03-29T16:15:59.880+0000] {dag.py:2742} INFO - Sync 1 DAGs
[2025-03-29T16:15:59.916+0000] {logging_mixin.py:150} INFO - [2025-03-29T16:15:59.916+0000] {dag.py:3504} INFO - Setting next_dagrun for pipeline to 2025-03-29T00:00:00+00:00, run_after=2025-03-30T00:00:00+00:00
[2025-03-29T16:15:59.939+0000] {processor.py:179} INFO - Processing /opt/airflow/dags/pipeline.py took 0.152 seconds
[2025-03-29T16:16:30.638+0000] {processor.py:157} INFO - Started process (PID=237) to work on /opt/airflow/dags/pipeline.py
[2025-03-29T16:16:30.657+0000] {processor.py:826} INFO - Processing file /opt/airflow/dags/pipeline.py for tasks to queue
[2025-03-29T16:16:30.689+0000] {logging_mixin.py:150} INFO - [2025-03-29T16:16:30.675+0000] {dagbag.py:541} INFO - Filling up the DagBag from /opt/airflow/dags/pipeline.py
[2025-03-29T16:16:30.818+0000] {processor.py:836} INFO - DAG(s) dict_keys(['pipeline']) retrieved from /opt/airflow/dags/pipeline.py
[2025-03-29T16:16:31.414+0000] {logging_mixin.py:150} INFO - [2025-03-29T16:16:31.414+0000] {dag.py:2742} INFO - Sync 1 DAGs
[2025-03-29T16:16:31.786+0000] {logging_mixin.py:150} INFO - [2025-03-29T16:16:31.785+0000] {dag.py:3504} INFO - Setting next_dagrun for pipeline to 2025-03-28T00:00:00+00:00, run_after=2025-03-29T00:00:00+00:00
[2025-03-29T16:16:32.512+0000] {processor.py:179} INFO - Processing /opt/airflow/dags/pipeline.py took 1.912 seconds
[2025-03-29T16:17:03.871+0000] {processor.py:157} INFO - Started process (PID=251) to work on /opt/airflow/dags/pipeline.py
[2025-03-29T16:17:03.883+0000] {processor.py:826} INFO - Processing file /opt/airflow/dags/pipeline.py for tasks to queue
[2025-03-29T16:17:03.891+0000] {logging_mixin.py:150} INFO - [2025-03-29T16:17:03.889+0000] {dagbag.py:541} INFO - Filling up the DagBag from /opt/airflow/dags/pipeline.py
[2025-03-29T16:17:04.107+0000] {processor.py:836} INFO - DAG(s) dict_keys(['pipeline']) retrieved from /opt/airflow/dags/pipeline.py
[2025-03-29T16:17:04.316+0000] {logging_mixin.py:150} INFO - [2025-03-29T16:17:04.315+0000] {dag.py:2742} INFO - Sync 1 DAGs
[2025-03-29T16:17:04.456+0000] {logging_mixin.py:150} INFO - [2025-03-29T16:17:04.456+0000] {dag.py:3504} INFO - Setting next_dagrun for pipeline to 2025-03-29T00:00:00+00:00, run_after=2025-03-30T00:00:00+00:00
[2025-03-29T16:17:04.545+0000] {processor.py:179} INFO - Processing /opt/airflow/dags/pipeline.py took 0.729 seconds
[2025-03-29T16:17:34.947+0000] {processor.py:157} INFO - Started process (PID=256) to work on /opt/airflow/dags/pipeline.py
[2025-03-29T16:17:34.948+0000] {processor.py:826} INFO - Processing file /opt/airflow/dags/pipeline.py for tasks to queue
[2025-03-29T16:17:34.950+0000] {logging_mixin.py:150} INFO - [2025-03-29T16:17:34.950+0000] {dagbag.py:541} INFO - Filling up the DagBag from /opt/airflow/dags/pipeline.py
[2025-03-29T16:17:34.970+0000] {processor.py:836} INFO - DAG(s) dict_keys(['pipeline']) retrieved from /opt/airflow/dags/pipeline.py
[2025-03-29T16:17:35.016+0000] {logging_mixin.py:150} INFO - [2025-03-29T16:17:35.015+0000] {dag.py:2742} INFO - Sync 1 DAGs
[2025-03-29T16:17:35.060+0000] {logging_mixin.py:150} INFO - [2025-03-29T16:17:35.059+0000] {dag.py:3504} INFO - Setting next_dagrun for pipeline to 2025-03-29T00:00:00+00:00, run_after=2025-03-30T00:00:00+00:00
[2025-03-29T16:17:35.146+0000] {processor.py:179} INFO - Processing /opt/airflow/dags/pipeline.py took 0.203 seconds
[2025-03-29T16:18:05.433+0000] {processor.py:157} INFO - Started process (PID=261) to work on /opt/airflow/dags/pipeline.py
[2025-03-29T16:18:05.434+0000] {processor.py:826} INFO - Processing file /opt/airflow/dags/pipeline.py for tasks to queue
[2025-03-29T16:18:05.435+0000] {logging_mixin.py:150} INFO - [2025-03-29T16:18:05.435+0000] {dagbag.py:541} INFO - Filling up the DagBag from /opt/airflow/dags/pipeline.py
[2025-03-29T16:18:05.460+0000] {processor.py:836} INFO - DAG(s) dict_keys(['pipeline']) retrieved from /opt/airflow/dags/pipeline.py
[2025-03-29T16:18:05.507+0000] {logging_mixin.py:150} INFO - [2025-03-29T16:18:05.507+0000] {dag.py:2742} INFO - Sync 1 DAGs
[2025-03-29T16:18:05.538+0000] {logging_mixin.py:150} INFO - [2025-03-29T16:18:05.538+0000] {dag.py:3504} INFO - Setting next_dagrun for pipeline to 2025-03-29T00:00:00+00:00, run_after=2025-03-30T00:00:00+00:00
[2025-03-29T16:18:05.566+0000] {processor.py:179} INFO - Processing /opt/airflow/dags/pipeline.py took 0.141 seconds
[2025-03-29T16:18:35.700+0000] {processor.py:157} INFO - Started process (PID=266) to work on /opt/airflow/dags/pipeline.py
[2025-03-29T16:18:35.703+0000] {processor.py:826} INFO - Processing file /opt/airflow/dags/pipeline.py for tasks to queue
[2025-03-29T16:18:35.704+0000] {logging_mixin.py:150} INFO - [2025-03-29T16:18:35.704+0000] {dagbag.py:541} INFO - Filling up the DagBag from /opt/airflow/dags/pipeline.py
[2025-03-29T16:18:35.732+0000] {processor.py:836} INFO - DAG(s) dict_keys(['pipeline']) retrieved from /opt/airflow/dags/pipeline.py
[2025-03-29T16:18:35.776+0000] {logging_mixin.py:150} INFO - [2025-03-29T16:18:35.776+0000] {dag.py:2742} INFO - Sync 1 DAGs
[2025-03-29T16:18:35.804+0000] {logging_mixin.py:150} INFO - [2025-03-29T16:18:35.804+0000] {dag.py:3504} INFO - Setting next_dagrun for pipeline to 2025-03-29T00:00:00+00:00, run_after=2025-03-30T00:00:00+00:00
[2025-03-29T16:18:35.826+0000] {processor.py:179} INFO - Processing /opt/airflow/dags/pipeline.py took 0.133 seconds
