[2025-03-28T15:45:11.092+0000] {processor.py:157} INFO - Started process (PID=159) to work on /opt/airflow/dags/pipeline.py
[2025-03-28T15:45:11.206+0000] {processor.py:826} INFO - Processing file /opt/airflow/dags/pipeline.py for tasks to queue
[2025-03-28T15:45:11.221+0000] {logging_mixin.py:150} INFO - [2025-03-28T15:45:11.219+0000] {dagbag.py:541} INFO - Filling up the DagBag from /opt/airflow/dags/pipeline.py
[2025-03-28T15:45:11.841+0000] {processor.py:836} INFO - DAG(s) dict_keys(['pipeline']) retrieved from /opt/airflow/dags/pipeline.py
[2025-03-28T15:45:11.981+0000] {logging_mixin.py:150} INFO - [2025-03-28T15:45:11.980+0000] {dag.py:2742} INFO - Sync 1 DAGs
[2025-03-28T15:45:12.054+0000] {logging_mixin.py:150} INFO - [2025-03-28T15:45:12.054+0000] {dag.py:3504} INFO - Setting next_dagrun for pipeline to 2025-03-28T00:00:00+00:00, run_after=2025-03-29T00:00:00+00:00
[2025-03-28T15:45:12.111+0000] {processor.py:179} INFO - Processing /opt/airflow/dags/pipeline.py took 1.151 seconds
[2025-03-28T15:45:42.516+0000] {processor.py:157} INFO - Started process (PID=169) to work on /opt/airflow/dags/pipeline.py
[2025-03-28T15:45:42.536+0000] {processor.py:826} INFO - Processing file /opt/airflow/dags/pipeline.py for tasks to queue
[2025-03-28T15:45:42.541+0000] {logging_mixin.py:150} INFO - [2025-03-28T15:45:42.539+0000] {dagbag.py:541} INFO - Filling up the DagBag from /opt/airflow/dags/pipeline.py
[2025-03-28T15:45:42.667+0000] {processor.py:836} INFO - DAG(s) dict_keys(['pipeline']) retrieved from /opt/airflow/dags/pipeline.py
[2025-03-28T15:45:42.905+0000] {logging_mixin.py:150} INFO - [2025-03-28T15:45:42.905+0000] {dag.py:2742} INFO - Sync 1 DAGs
[2025-03-28T15:45:43.063+0000] {logging_mixin.py:150} INFO - [2025-03-28T15:45:43.062+0000] {dag.py:3504} INFO - Setting next_dagrun for pipeline to 2025-03-28T00:00:00+00:00, run_after=2025-03-29T00:00:00+00:00
[2025-03-28T15:45:43.183+0000] {processor.py:179} INFO - Processing /opt/airflow/dags/pipeline.py took 0.734 seconds
[2025-03-28T15:46:13.697+0000] {processor.py:157} INFO - Started process (PID=184) to work on /opt/airflow/dags/pipeline.py
[2025-03-28T15:46:13.710+0000] {processor.py:826} INFO - Processing file /opt/airflow/dags/pipeline.py for tasks to queue
[2025-03-28T15:46:13.717+0000] {logging_mixin.py:150} INFO - [2025-03-28T15:46:13.714+0000] {dagbag.py:541} INFO - Filling up the DagBag from /opt/airflow/dags/pipeline.py
[2025-03-28T15:46:13.924+0000] {processor.py:836} INFO - DAG(s) dict_keys(['pipeline']) retrieved from /opt/airflow/dags/pipeline.py
[2025-03-28T15:46:14.115+0000] {logging_mixin.py:150} INFO - [2025-03-28T15:46:14.115+0000] {dag.py:2742} INFO - Sync 1 DAGs
[2025-03-28T15:46:14.258+0000] {logging_mixin.py:150} INFO - [2025-03-28T15:46:14.257+0000] {dag.py:3504} INFO - Setting next_dagrun for pipeline to 2025-03-28T00:00:00+00:00, run_after=2025-03-29T00:00:00+00:00
[2025-03-28T15:46:14.311+0000] {processor.py:179} INFO - Processing /opt/airflow/dags/pipeline.py took 0.663 seconds
[2025-03-28T15:46:44.790+0000] {processor.py:157} INFO - Started process (PID=193) to work on /opt/airflow/dags/pipeline.py
[2025-03-28T15:46:44.801+0000] {processor.py:826} INFO - Processing file /opt/airflow/dags/pipeline.py for tasks to queue
[2025-03-28T15:46:44.811+0000] {logging_mixin.py:150} INFO - [2025-03-28T15:46:44.807+0000] {dagbag.py:541} INFO - Filling up the DagBag from /opt/airflow/dags/pipeline.py
[2025-03-28T15:46:44.989+0000] {processor.py:836} INFO - DAG(s) dict_keys(['pipeline']) retrieved from /opt/airflow/dags/pipeline.py
[2025-03-28T15:46:45.179+0000] {logging_mixin.py:150} INFO - [2025-03-28T15:46:45.179+0000] {dag.py:2742} INFO - Sync 1 DAGs
[2025-03-28T15:46:45.257+0000] {logging_mixin.py:150} INFO - [2025-03-28T15:46:45.257+0000] {dag.py:3504} INFO - Setting next_dagrun for pipeline to 2025-03-28T00:00:00+00:00, run_after=2025-03-29T00:00:00+00:00
[2025-03-28T15:46:45.302+0000] {processor.py:179} INFO - Processing /opt/airflow/dags/pipeline.py took 0.564 seconds
[2025-03-28T15:47:15.409+0000] {processor.py:157} INFO - Started process (PID=198) to work on /opt/airflow/dags/pipeline.py
[2025-03-28T15:47:15.424+0000] {processor.py:826} INFO - Processing file /opt/airflow/dags/pipeline.py for tasks to queue
[2025-03-28T15:47:15.431+0000] {logging_mixin.py:150} INFO - [2025-03-28T15:47:15.429+0000] {dagbag.py:541} INFO - Filling up the DagBag from /opt/airflow/dags/pipeline.py
[2025-03-28T15:47:15.656+0000] {processor.py:836} INFO - DAG(s) dict_keys(['pipeline']) retrieved from /opt/airflow/dags/pipeline.py
[2025-03-28T15:47:15.862+0000] {logging_mixin.py:150} INFO - [2025-03-28T15:47:15.861+0000] {dag.py:2742} INFO - Sync 1 DAGs
[2025-03-28T15:47:15.997+0000] {logging_mixin.py:150} INFO - [2025-03-28T15:47:15.996+0000] {dag.py:3504} INFO - Setting next_dagrun for pipeline to 2025-03-28T00:00:00+00:00, run_after=2025-03-29T00:00:00+00:00
[2025-03-28T15:47:16.070+0000] {processor.py:179} INFO - Processing /opt/airflow/dags/pipeline.py took 0.691 seconds
[2025-03-28T15:47:46.608+0000] {processor.py:157} INFO - Started process (PID=203) to work on /opt/airflow/dags/pipeline.py
[2025-03-28T15:47:46.627+0000] {processor.py:826} INFO - Processing file /opt/airflow/dags/pipeline.py for tasks to queue
[2025-03-28T15:47:46.631+0000] {logging_mixin.py:150} INFO - [2025-03-28T15:47:46.630+0000] {dagbag.py:541} INFO - Filling up the DagBag from /opt/airflow/dags/pipeline.py
[2025-03-28T15:47:46.684+0000] {processor.py:836} INFO - DAG(s) dict_keys(['pipeline']) retrieved from /opt/airflow/dags/pipeline.py
[2025-03-28T15:47:47.093+0000] {logging_mixin.py:150} INFO - [2025-03-28T15:47:47.092+0000] {dag.py:2742} INFO - Sync 1 DAGs
[2025-03-28T15:47:47.172+0000] {logging_mixin.py:150} INFO - [2025-03-28T15:47:47.171+0000] {dag.py:3504} INFO - Setting next_dagrun for pipeline to 2025-03-28T00:00:00+00:00, run_after=2025-03-29T00:00:00+00:00
[2025-03-28T15:47:47.316+0000] {processor.py:179} INFO - Processing /opt/airflow/dags/pipeline.py took 0.837 seconds
[2025-03-28T15:48:17.624+0000] {processor.py:157} INFO - Started process (PID=208) to work on /opt/airflow/dags/pipeline.py
[2025-03-28T15:48:17.626+0000] {processor.py:826} INFO - Processing file /opt/airflow/dags/pipeline.py for tasks to queue
[2025-03-28T15:48:17.628+0000] {logging_mixin.py:150} INFO - [2025-03-28T15:48:17.627+0000] {dagbag.py:541} INFO - Filling up the DagBag from /opt/airflow/dags/pipeline.py
[2025-03-28T15:48:17.664+0000] {processor.py:836} INFO - DAG(s) dict_keys(['pipeline']) retrieved from /opt/airflow/dags/pipeline.py
[2025-03-28T15:48:17.712+0000] {logging_mixin.py:150} INFO - [2025-03-28T15:48:17.712+0000] {dag.py:2742} INFO - Sync 1 DAGs
[2025-03-28T15:48:17.740+0000] {logging_mixin.py:150} INFO - [2025-03-28T15:48:17.739+0000] {dag.py:3504} INFO - Setting next_dagrun for pipeline to 2025-03-28T00:00:00+00:00, run_after=2025-03-29T00:00:00+00:00
[2025-03-28T15:48:17.763+0000] {processor.py:179} INFO - Processing /opt/airflow/dags/pipeline.py took 0.150 seconds
[2025-03-28T15:48:47.958+0000] {processor.py:157} INFO - Started process (PID=216) to work on /opt/airflow/dags/pipeline.py
[2025-03-28T15:48:47.966+0000] {processor.py:826} INFO - Processing file /opt/airflow/dags/pipeline.py for tasks to queue
[2025-03-28T15:48:47.970+0000] {logging_mixin.py:150} INFO - [2025-03-28T15:48:47.969+0000] {dagbag.py:541} INFO - Filling up the DagBag from /opt/airflow/dags/pipeline.py
[2025-03-28T15:48:48.029+0000] {processor.py:836} INFO - DAG(s) dict_keys(['pipeline']) retrieved from /opt/airflow/dags/pipeline.py
[2025-03-28T15:48:48.158+0000] {logging_mixin.py:150} INFO - [2025-03-28T15:48:48.157+0000] {dag.py:2742} INFO - Sync 1 DAGs
[2025-03-28T15:48:48.226+0000] {logging_mixin.py:150} INFO - [2025-03-28T15:48:48.225+0000] {dag.py:3504} INFO - Setting next_dagrun for pipeline to 2025-03-28T00:00:00+00:00, run_after=2025-03-29T00:00:00+00:00
[2025-03-28T15:48:48.279+0000] {processor.py:179} INFO - Processing /opt/airflow/dags/pipeline.py took 0.344 seconds
[2025-03-28T15:49:18.575+0000] {processor.py:157} INFO - Started process (PID=224) to work on /opt/airflow/dags/pipeline.py
[2025-03-28T15:49:18.577+0000] {processor.py:826} INFO - Processing file /opt/airflow/dags/pipeline.py for tasks to queue
[2025-03-28T15:49:18.579+0000] {logging_mixin.py:150} INFO - [2025-03-28T15:49:18.578+0000] {dagbag.py:541} INFO - Filling up the DagBag from /opt/airflow/dags/pipeline.py
[2025-03-28T15:49:18.600+0000] {processor.py:836} INFO - DAG(s) dict_keys(['pipeline']) retrieved from /opt/airflow/dags/pipeline.py
[2025-03-28T15:49:18.649+0000] {logging_mixin.py:150} INFO - [2025-03-28T15:49:18.649+0000] {dag.py:2742} INFO - Sync 1 DAGs
[2025-03-28T15:49:18.686+0000] {logging_mixin.py:150} INFO - [2025-03-28T15:49:18.686+0000] {dag.py:3504} INFO - Setting next_dagrun for pipeline to 2025-03-28T00:00:00+00:00, run_after=2025-03-29T00:00:00+00:00
[2025-03-28T15:49:18.715+0000] {processor.py:179} INFO - Processing /opt/airflow/dags/pipeline.py took 0.145 seconds
[2025-03-28T15:49:48.867+0000] {processor.py:157} INFO - Started process (PID=229) to work on /opt/airflow/dags/pipeline.py
[2025-03-28T15:49:48.869+0000] {processor.py:826} INFO - Processing file /opt/airflow/dags/pipeline.py for tasks to queue
[2025-03-28T15:49:48.871+0000] {logging_mixin.py:150} INFO - [2025-03-28T15:49:48.870+0000] {dagbag.py:541} INFO - Filling up the DagBag from /opt/airflow/dags/pipeline.py
[2025-03-28T15:49:48.900+0000] {processor.py:836} INFO - DAG(s) dict_keys(['pipeline']) retrieved from /opt/airflow/dags/pipeline.py
[2025-03-28T15:49:48.958+0000] {logging_mixin.py:150} INFO - [2025-03-28T15:49:48.958+0000] {dag.py:2742} INFO - Sync 1 DAGs
[2025-03-28T15:49:49.005+0000] {logging_mixin.py:150} INFO - [2025-03-28T15:49:49.005+0000] {dag.py:3504} INFO - Setting next_dagrun for pipeline to 2025-03-28T00:00:00+00:00, run_after=2025-03-29T00:00:00+00:00
[2025-03-28T15:49:49.041+0000] {processor.py:179} INFO - Processing /opt/airflow/dags/pipeline.py took 0.181 seconds
[2025-03-28T15:50:05.703+0000] {processor.py:157} INFO - Started process (PID=158) to work on /opt/airflow/dags/pipeline.py
[2025-03-28T15:50:05.707+0000] {processor.py:826} INFO - Processing file /opt/airflow/dags/pipeline.py for tasks to queue
[2025-03-28T15:50:05.709+0000] {logging_mixin.py:150} INFO - [2025-03-28T15:50:05.708+0000] {dagbag.py:541} INFO - Filling up the DagBag from /opt/airflow/dags/pipeline.py
[2025-03-28T15:50:05.762+0000] {processor.py:836} INFO - DAG(s) dict_keys(['pipeline']) retrieved from /opt/airflow/dags/pipeline.py
[2025-03-28T15:50:05.849+0000] {logging_mixin.py:150} INFO - [2025-03-28T15:50:05.849+0000] {dag.py:2742} INFO - Sync 1 DAGs
[2025-03-28T15:50:06.055+0000] {logging_mixin.py:150} INFO - [2025-03-28T15:50:06.054+0000] {dag.py:3504} INFO - Setting next_dagrun for pipeline to 2025-03-28T00:00:00+00:00, run_after=2025-03-29T00:00:00+00:00
[2025-03-28T15:50:06.104+0000] {processor.py:179} INFO - Processing /opt/airflow/dags/pipeline.py took 0.425 seconds
[2025-03-28T15:50:36.511+0000] {processor.py:157} INFO - Started process (PID=173) to work on /opt/airflow/dags/pipeline.py
[2025-03-28T15:50:36.516+0000] {processor.py:826} INFO - Processing file /opt/airflow/dags/pipeline.py for tasks to queue
[2025-03-28T15:50:36.521+0000] {logging_mixin.py:150} INFO - [2025-03-28T15:50:36.517+0000] {dagbag.py:541} INFO - Filling up the DagBag from /opt/airflow/dags/pipeline.py
[2025-03-28T15:50:36.579+0000] {processor.py:836} INFO - DAG(s) dict_keys(['pipeline']) retrieved from /opt/airflow/dags/pipeline.py
[2025-03-28T15:50:36.716+0000] {logging_mixin.py:150} INFO - [2025-03-28T15:50:36.716+0000] {dag.py:2742} INFO - Sync 1 DAGs
[2025-03-28T15:50:36.795+0000] {logging_mixin.py:150} INFO - [2025-03-28T15:50:36.795+0000] {dag.py:3504} INFO - Setting next_dagrun for pipeline to 2025-03-28T00:00:00+00:00, run_after=2025-03-29T00:00:00+00:00
[2025-03-28T15:50:36.832+0000] {processor.py:179} INFO - Processing /opt/airflow/dags/pipeline.py took 0.342 seconds
[2025-03-28T15:51:07.132+0000] {processor.py:157} INFO - Started process (PID=185) to work on /opt/airflow/dags/pipeline.py
[2025-03-28T15:51:07.137+0000] {processor.py:826} INFO - Processing file /opt/airflow/dags/pipeline.py for tasks to queue
[2025-03-28T15:51:07.140+0000] {logging_mixin.py:150} INFO - [2025-03-28T15:51:07.139+0000] {dagbag.py:541} INFO - Filling up the DagBag from /opt/airflow/dags/pipeline.py
[2025-03-28T15:51:07.204+0000] {processor.py:836} INFO - DAG(s) dict_keys(['pipeline']) retrieved from /opt/airflow/dags/pipeline.py
[2025-03-28T15:51:07.297+0000] {logging_mixin.py:150} INFO - [2025-03-28T15:51:07.297+0000] {dag.py:2742} INFO - Sync 1 DAGs
[2025-03-28T15:51:07.352+0000] {logging_mixin.py:150} INFO - [2025-03-28T15:51:07.351+0000] {dag.py:3504} INFO - Setting next_dagrun for pipeline to 2025-03-28T00:00:00+00:00, run_after=2025-03-29T00:00:00+00:00
[2025-03-28T15:51:07.385+0000] {processor.py:179} INFO - Processing /opt/airflow/dags/pipeline.py took 0.265 seconds
[2025-03-28T15:51:37.625+0000] {processor.py:157} INFO - Started process (PID=192) to work on /opt/airflow/dags/pipeline.py
[2025-03-28T15:51:37.627+0000] {processor.py:826} INFO - Processing file /opt/airflow/dags/pipeline.py for tasks to queue
[2025-03-28T15:51:37.629+0000] {logging_mixin.py:150} INFO - [2025-03-28T15:51:37.628+0000] {dagbag.py:541} INFO - Filling up the DagBag from /opt/airflow/dags/pipeline.py
[2025-03-28T15:51:37.651+0000] {processor.py:836} INFO - DAG(s) dict_keys(['pipeline']) retrieved from /opt/airflow/dags/pipeline.py
[2025-03-28T15:51:37.693+0000] {logging_mixin.py:150} INFO - [2025-03-28T15:51:37.692+0000] {dag.py:2742} INFO - Sync 1 DAGs
[2025-03-28T15:51:37.720+0000] {logging_mixin.py:150} INFO - [2025-03-28T15:51:37.720+0000] {dag.py:3504} INFO - Setting next_dagrun for pipeline to 2025-03-28T00:00:00+00:00, run_after=2025-03-29T00:00:00+00:00
[2025-03-28T15:51:37.745+0000] {processor.py:179} INFO - Processing /opt/airflow/dags/pipeline.py took 0.127 seconds
[2025-03-28T15:52:07.948+0000] {processor.py:157} INFO - Started process (PID=197) to work on /opt/airflow/dags/pipeline.py
[2025-03-28T15:52:07.949+0000] {processor.py:826} INFO - Processing file /opt/airflow/dags/pipeline.py for tasks to queue
[2025-03-28T15:52:07.951+0000] {logging_mixin.py:150} INFO - [2025-03-28T15:52:07.950+0000] {dagbag.py:541} INFO - Filling up the DagBag from /opt/airflow/dags/pipeline.py
[2025-03-28T15:52:07.971+0000] {processor.py:836} INFO - DAG(s) dict_keys(['pipeline']) retrieved from /opt/airflow/dags/pipeline.py
[2025-03-28T15:52:08.011+0000] {logging_mixin.py:150} INFO - [2025-03-28T15:52:08.010+0000] {dag.py:2742} INFO - Sync 1 DAGs
[2025-03-28T15:52:08.040+0000] {logging_mixin.py:150} INFO - [2025-03-28T15:52:08.040+0000] {dag.py:3504} INFO - Setting next_dagrun for pipeline to 2025-03-28T00:00:00+00:00, run_after=2025-03-29T00:00:00+00:00
[2025-03-28T15:52:08.063+0000] {processor.py:179} INFO - Processing /opt/airflow/dags/pipeline.py took 0.119 seconds
[2025-03-28T15:52:38.261+0000] {processor.py:157} INFO - Started process (PID=202) to work on /opt/airflow/dags/pipeline.py
[2025-03-28T15:52:38.263+0000] {processor.py:826} INFO - Processing file /opt/airflow/dags/pipeline.py for tasks to queue
[2025-03-28T15:52:38.264+0000] {logging_mixin.py:150} INFO - [2025-03-28T15:52:38.264+0000] {dagbag.py:541} INFO - Filling up the DagBag from /opt/airflow/dags/pipeline.py
[2025-03-28T15:52:38.291+0000] {processor.py:836} INFO - DAG(s) dict_keys(['pipeline']) retrieved from /opt/airflow/dags/pipeline.py
[2025-03-28T15:52:38.337+0000] {logging_mixin.py:150} INFO - [2025-03-28T15:52:38.337+0000] {dag.py:2742} INFO - Sync 1 DAGs
[2025-03-28T15:52:38.369+0000] {logging_mixin.py:150} INFO - [2025-03-28T15:52:38.369+0000] {dag.py:3504} INFO - Setting next_dagrun for pipeline to 2025-03-28T00:00:00+00:00, run_after=2025-03-29T00:00:00+00:00
[2025-03-28T15:52:38.396+0000] {processor.py:179} INFO - Processing /opt/airflow/dags/pipeline.py took 0.143 seconds
[2025-03-28T15:53:08.567+0000] {processor.py:157} INFO - Started process (PID=207) to work on /opt/airflow/dags/pipeline.py
[2025-03-28T15:53:08.568+0000] {processor.py:826} INFO - Processing file /opt/airflow/dags/pipeline.py for tasks to queue
[2025-03-28T15:53:08.570+0000] {logging_mixin.py:150} INFO - [2025-03-28T15:53:08.569+0000] {dagbag.py:541} INFO - Filling up the DagBag from /opt/airflow/dags/pipeline.py
[2025-03-28T15:53:08.591+0000] {processor.py:836} INFO - DAG(s) dict_keys(['pipeline']) retrieved from /opt/airflow/dags/pipeline.py
[2025-03-28T15:53:08.639+0000] {logging_mixin.py:150} INFO - [2025-03-28T15:53:08.639+0000] {dag.py:2742} INFO - Sync 1 DAGs
[2025-03-28T15:53:08.669+0000] {logging_mixin.py:150} INFO - [2025-03-28T15:53:08.669+0000] {dag.py:3504} INFO - Setting next_dagrun for pipeline to 2025-03-28T00:00:00+00:00, run_after=2025-03-29T00:00:00+00:00
[2025-03-28T15:53:08.692+0000] {processor.py:179} INFO - Processing /opt/airflow/dags/pipeline.py took 0.131 seconds
[2025-03-28T15:54:20.021+0000] {processor.py:157} INFO - Started process (PID=159) to work on /opt/airflow/dags/pipeline.py
[2025-03-28T15:54:20.026+0000] {processor.py:826} INFO - Processing file /opt/airflow/dags/pipeline.py for tasks to queue
[2025-03-28T15:54:20.029+0000] {logging_mixin.py:150} INFO - [2025-03-28T15:54:20.028+0000] {dagbag.py:541} INFO - Filling up the DagBag from /opt/airflow/dags/pipeline.py
[2025-03-28T15:54:20.083+0000] {processor.py:836} INFO - DAG(s) dict_keys(['pipeline']) retrieved from /opt/airflow/dags/pipeline.py
[2025-03-28T15:54:20.121+0000] {logging_mixin.py:150} INFO - [2025-03-28T15:54:20.121+0000] {dag.py:2742} INFO - Sync 1 DAGs
[2025-03-28T15:54:20.156+0000] {logging_mixin.py:150} INFO - [2025-03-28T15:54:20.156+0000] {dag.py:3504} INFO - Setting next_dagrun for pipeline to 2025-03-28T00:00:00+00:00, run_after=2025-03-29T00:00:00+00:00
[2025-03-28T15:54:20.180+0000] {processor.py:179} INFO - Processing /opt/airflow/dags/pipeline.py took 0.173 seconds
[2025-03-28T15:54:50.296+0000] {processor.py:157} INFO - Started process (PID=179) to work on /opt/airflow/dags/pipeline.py
[2025-03-28T15:54:50.298+0000] {processor.py:826} INFO - Processing file /opt/airflow/dags/pipeline.py for tasks to queue
[2025-03-28T15:54:50.299+0000] {logging_mixin.py:150} INFO - [2025-03-28T15:54:50.299+0000] {dagbag.py:541} INFO - Filling up the DagBag from /opt/airflow/dags/pipeline.py
[2025-03-28T15:54:50.331+0000] {processor.py:836} INFO - DAG(s) dict_keys(['pipeline']) retrieved from /opt/airflow/dags/pipeline.py
[2025-03-28T15:54:50.385+0000] {logging_mixin.py:150} INFO - [2025-03-28T15:54:50.385+0000] {dag.py:2742} INFO - Sync 1 DAGs
[2025-03-28T15:54:50.421+0000] {logging_mixin.py:150} INFO - [2025-03-28T15:54:50.420+0000] {dag.py:3504} INFO - Setting next_dagrun for pipeline to 2025-03-28T00:00:00+00:00, run_after=2025-03-29T00:00:00+00:00
[2025-03-28T15:54:50.449+0000] {processor.py:179} INFO - Processing /opt/airflow/dags/pipeline.py took 0.160 seconds
[2025-03-28T15:55:20.693+0000] {processor.py:157} INFO - Started process (PID=188) to work on /opt/airflow/dags/pipeline.py
[2025-03-28T15:55:20.698+0000] {processor.py:826} INFO - Processing file /opt/airflow/dags/pipeline.py for tasks to queue
[2025-03-28T15:55:20.706+0000] {logging_mixin.py:150} INFO - [2025-03-28T15:55:20.703+0000] {dagbag.py:541} INFO - Filling up the DagBag from /opt/airflow/dags/pipeline.py
[2025-03-28T15:55:20.896+0000] {processor.py:836} INFO - DAG(s) dict_keys(['pipeline']) retrieved from /opt/airflow/dags/pipeline.py
[2025-03-28T15:55:21.087+0000] {logging_mixin.py:150} INFO - [2025-03-28T15:55:21.087+0000] {dag.py:2742} INFO - Sync 1 DAGs
[2025-03-28T15:55:21.171+0000] {logging_mixin.py:150} INFO - [2025-03-28T15:55:21.171+0000] {dag.py:3504} INFO - Setting next_dagrun for pipeline to 2025-03-28T00:00:00+00:00, run_after=2025-03-29T00:00:00+00:00
[2025-03-28T15:55:21.209+0000] {processor.py:179} INFO - Processing /opt/airflow/dags/pipeline.py took 0.553 seconds
[2025-03-28T15:55:51.521+0000] {processor.py:157} INFO - Started process (PID=193) to work on /opt/airflow/dags/pipeline.py
[2025-03-28T15:55:51.524+0000] {processor.py:826} INFO - Processing file /opt/airflow/dags/pipeline.py for tasks to queue
[2025-03-28T15:55:51.527+0000] {logging_mixin.py:150} INFO - [2025-03-28T15:55:51.526+0000] {dagbag.py:541} INFO - Filling up the DagBag from /opt/airflow/dags/pipeline.py
[2025-03-28T15:55:51.588+0000] {processor.py:836} INFO - DAG(s) dict_keys(['pipeline']) retrieved from /opt/airflow/dags/pipeline.py
[2025-03-28T15:55:51.742+0000] {logging_mixin.py:150} INFO - [2025-03-28T15:55:51.742+0000] {dag.py:2742} INFO - Sync 1 DAGs
[2025-03-28T15:55:51.859+0000] {logging_mixin.py:150} INFO - [2025-03-28T15:55:51.858+0000] {dag.py:3504} INFO - Setting next_dagrun for pipeline to 2025-03-28T00:00:00+00:00, run_after=2025-03-29T00:00:00+00:00
[2025-03-28T15:55:51.904+0000] {processor.py:179} INFO - Processing /opt/airflow/dags/pipeline.py took 0.397 seconds
[2025-03-28T15:56:22.196+0000] {processor.py:157} INFO - Started process (PID=205) to work on /opt/airflow/dags/pipeline.py
[2025-03-28T15:56:22.198+0000] {processor.py:826} INFO - Processing file /opt/airflow/dags/pipeline.py for tasks to queue
[2025-03-28T15:56:22.200+0000] {logging_mixin.py:150} INFO - [2025-03-28T15:56:22.199+0000] {dagbag.py:541} INFO - Filling up the DagBag from /opt/airflow/dags/pipeline.py
[2025-03-28T15:56:22.222+0000] {processor.py:836} INFO - DAG(s) dict_keys(['pipeline']) retrieved from /opt/airflow/dags/pipeline.py
[2025-03-28T15:56:22.412+0000] {logging_mixin.py:150} INFO - [2025-03-28T15:56:22.411+0000] {dag.py:2742} INFO - Sync 1 DAGs
[2025-03-28T15:56:22.500+0000] {logging_mixin.py:150} INFO - [2025-03-28T15:56:22.500+0000] {dag.py:3504} INFO - Setting next_dagrun for pipeline to 2025-03-28T00:00:00+00:00, run_after=2025-03-29T00:00:00+00:00
[2025-03-28T15:56:22.534+0000] {processor.py:179} INFO - Processing /opt/airflow/dags/pipeline.py took 0.347 seconds
[2025-03-28T15:56:52.806+0000] {processor.py:157} INFO - Started process (PID=210) to work on /opt/airflow/dags/pipeline.py
[2025-03-28T15:56:52.809+0000] {processor.py:826} INFO - Processing file /opt/airflow/dags/pipeline.py for tasks to queue
[2025-03-28T15:56:52.812+0000] {logging_mixin.py:150} INFO - [2025-03-28T15:56:52.811+0000] {dagbag.py:541} INFO - Filling up the DagBag from /opt/airflow/dags/pipeline.py
[2025-03-28T15:56:52.891+0000] {processor.py:836} INFO - DAG(s) dict_keys(['pipeline']) retrieved from /opt/airflow/dags/pipeline.py
[2025-03-28T15:56:53.018+0000] {logging_mixin.py:150} INFO - [2025-03-28T15:56:53.017+0000] {dag.py:2742} INFO - Sync 1 DAGs
[2025-03-28T15:56:53.046+0000] {logging_mixin.py:150} INFO - [2025-03-28T15:56:53.046+0000] {dag.py:3504} INFO - Setting next_dagrun for pipeline to 2025-03-28T00:00:00+00:00, run_after=2025-03-29T00:00:00+00:00
[2025-03-28T15:56:53.072+0000] {processor.py:179} INFO - Processing /opt/airflow/dags/pipeline.py took 0.276 seconds
[2025-03-28T15:57:23.379+0000] {processor.py:157} INFO - Started process (PID=215) to work on /opt/airflow/dags/pipeline.py
[2025-03-28T15:57:23.381+0000] {processor.py:826} INFO - Processing file /opt/airflow/dags/pipeline.py for tasks to queue
[2025-03-28T15:57:23.384+0000] {logging_mixin.py:150} INFO - [2025-03-28T15:57:23.383+0000] {dagbag.py:541} INFO - Filling up the DagBag from /opt/airflow/dags/pipeline.py
[2025-03-28T15:57:23.417+0000] {processor.py:836} INFO - DAG(s) dict_keys(['pipeline']) retrieved from /opt/airflow/dags/pipeline.py
[2025-03-28T15:57:23.539+0000] {logging_mixin.py:150} INFO - [2025-03-28T15:57:23.539+0000] {dag.py:2742} INFO - Sync 1 DAGs
[2025-03-28T15:57:23.600+0000] {logging_mixin.py:150} INFO - [2025-03-28T15:57:23.600+0000] {dag.py:3504} INFO - Setting next_dagrun for pipeline to 2025-03-28T00:00:00+00:00, run_after=2025-03-29T00:00:00+00:00
[2025-03-28T15:57:23.627+0000] {processor.py:179} INFO - Processing /opt/airflow/dags/pipeline.py took 0.265 seconds
[2025-03-28T15:57:53.900+0000] {processor.py:157} INFO - Started process (PID=220) to work on /opt/airflow/dags/pipeline.py
[2025-03-28T15:57:53.904+0000] {processor.py:826} INFO - Processing file /opt/airflow/dags/pipeline.py for tasks to queue
[2025-03-28T15:57:53.906+0000] {logging_mixin.py:150} INFO - [2025-03-28T15:57:53.905+0000] {dagbag.py:541} INFO - Filling up the DagBag from /opt/airflow/dags/pipeline.py
[2025-03-28T15:57:53.938+0000] {processor.py:836} INFO - DAG(s) dict_keys(['pipeline']) retrieved from /opt/airflow/dags/pipeline.py
[2025-03-28T15:57:53.988+0000] {logging_mixin.py:150} INFO - [2025-03-28T15:57:53.988+0000] {dag.py:2742} INFO - Sync 1 DAGs
[2025-03-28T15:57:54.018+0000] {logging_mixin.py:150} INFO - [2025-03-28T15:57:54.018+0000] {dag.py:3504} INFO - Setting next_dagrun for pipeline to 2025-03-28T00:00:00+00:00, run_after=2025-03-29T00:00:00+00:00
[2025-03-28T15:57:54.040+0000] {processor.py:179} INFO - Processing /opt/airflow/dags/pipeline.py took 0.148 seconds
[2025-03-28T15:58:24.217+0000] {processor.py:157} INFO - Started process (PID=225) to work on /opt/airflow/dags/pipeline.py
[2025-03-28T15:58:24.220+0000] {processor.py:826} INFO - Processing file /opt/airflow/dags/pipeline.py for tasks to queue
[2025-03-28T15:58:24.225+0000] {logging_mixin.py:150} INFO - [2025-03-28T15:58:24.222+0000] {dagbag.py:541} INFO - Filling up the DagBag from /opt/airflow/dags/pipeline.py
[2025-03-28T15:58:24.278+0000] {processor.py:836} INFO - DAG(s) dict_keys(['pipeline']) retrieved from /opt/airflow/dags/pipeline.py
[2025-03-28T15:58:24.333+0000] {logging_mixin.py:150} INFO - [2025-03-28T15:58:24.333+0000] {dag.py:2742} INFO - Sync 1 DAGs
[2025-03-28T15:58:24.367+0000] {logging_mixin.py:150} INFO - [2025-03-28T15:58:24.366+0000] {dag.py:3504} INFO - Setting next_dagrun for pipeline to 2025-03-28T00:00:00+00:00, run_after=2025-03-29T00:00:00+00:00
[2025-03-28T15:58:24.391+0000] {processor.py:179} INFO - Processing /opt/airflow/dags/pipeline.py took 0.183 seconds
[2025-03-28T15:58:54.602+0000] {processor.py:157} INFO - Started process (PID=230) to work on /opt/airflow/dags/pipeline.py
[2025-03-28T15:58:54.607+0000] {processor.py:826} INFO - Processing file /opt/airflow/dags/pipeline.py for tasks to queue
[2025-03-28T15:58:54.611+0000] {logging_mixin.py:150} INFO - [2025-03-28T15:58:54.610+0000] {dagbag.py:541} INFO - Filling up the DagBag from /opt/airflow/dags/pipeline.py
[2025-03-28T15:58:54.638+0000] {processor.py:836} INFO - DAG(s) dict_keys(['pipeline']) retrieved from /opt/airflow/dags/pipeline.py
[2025-03-28T15:58:54.687+0000] {logging_mixin.py:150} INFO - [2025-03-28T15:58:54.686+0000] {dag.py:2742} INFO - Sync 1 DAGs
[2025-03-28T15:58:54.721+0000] {logging_mixin.py:150} INFO - [2025-03-28T15:58:54.721+0000] {dag.py:3504} INFO - Setting next_dagrun for pipeline to 2025-03-28T00:00:00+00:00, run_after=2025-03-29T00:00:00+00:00
[2025-03-28T15:58:54.746+0000] {processor.py:179} INFO - Processing /opt/airflow/dags/pipeline.py took 0.174 seconds
[2025-03-28T15:59:24.960+0000] {processor.py:157} INFO - Started process (PID=235) to work on /opt/airflow/dags/pipeline.py
[2025-03-28T15:59:24.975+0000] {processor.py:826} INFO - Processing file /opt/airflow/dags/pipeline.py for tasks to queue
[2025-03-28T15:59:24.980+0000] {logging_mixin.py:150} INFO - [2025-03-28T15:59:24.977+0000] {dagbag.py:541} INFO - Filling up the DagBag from /opt/airflow/dags/pipeline.py
[2025-03-28T15:59:25.045+0000] {processor.py:836} INFO - DAG(s) dict_keys(['pipeline']) retrieved from /opt/airflow/dags/pipeline.py
[2025-03-28T15:59:25.304+0000] {logging_mixin.py:150} INFO - [2025-03-28T15:59:25.304+0000] {dag.py:2742} INFO - Sync 1 DAGs
[2025-03-28T15:59:25.493+0000] {logging_mixin.py:150} INFO - [2025-03-28T15:59:25.492+0000] {dag.py:3504} INFO - Setting next_dagrun for pipeline to 2025-03-28T00:00:00+00:00, run_after=2025-03-29T00:00:00+00:00
[2025-03-28T15:59:25.566+0000] {processor.py:179} INFO - Processing /opt/airflow/dags/pipeline.py took 0.636 seconds
[2025-03-28T15:59:55.919+0000] {processor.py:157} INFO - Started process (PID=240) to work on /opt/airflow/dags/pipeline.py
[2025-03-28T15:59:55.921+0000] {processor.py:826} INFO - Processing file /opt/airflow/dags/pipeline.py for tasks to queue
[2025-03-28T15:59:55.923+0000] {logging_mixin.py:150} INFO - [2025-03-28T15:59:55.923+0000] {dagbag.py:541} INFO - Filling up the DagBag from /opt/airflow/dags/pipeline.py
[2025-03-28T15:59:55.954+0000] {processor.py:836} INFO - DAG(s) dict_keys(['pipeline']) retrieved from /opt/airflow/dags/pipeline.py
[2025-03-28T15:59:56.301+0000] {logging_mixin.py:150} INFO - [2025-03-28T15:59:56.301+0000] {dag.py:2742} INFO - Sync 1 DAGs
[2025-03-28T15:59:56.403+0000] {logging_mixin.py:150} INFO - [2025-03-28T15:59:56.403+0000] {dag.py:3504} INFO - Setting next_dagrun for pipeline to 2025-03-28T00:00:00+00:00, run_after=2025-03-29T00:00:00+00:00
[2025-03-28T15:59:56.486+0000] {processor.py:179} INFO - Processing /opt/airflow/dags/pipeline.py took 0.574 seconds
[2025-03-28T16:00:26.946+0000] {processor.py:157} INFO - Started process (PID=248) to work on /opt/airflow/dags/pipeline.py
[2025-03-28T16:00:26.948+0000] {processor.py:826} INFO - Processing file /opt/airflow/dags/pipeline.py for tasks to queue
[2025-03-28T16:00:26.950+0000] {logging_mixin.py:150} INFO - [2025-03-28T16:00:26.949+0000] {dagbag.py:541} INFO - Filling up the DagBag from /opt/airflow/dags/pipeline.py
[2025-03-28T16:00:26.985+0000] {processor.py:836} INFO - DAG(s) dict_keys(['pipeline']) retrieved from /opt/airflow/dags/pipeline.py
[2025-03-28T16:00:27.059+0000] {logging_mixin.py:150} INFO - [2025-03-28T16:00:27.058+0000] {dag.py:2742} INFO - Sync 1 DAGs
[2025-03-28T16:00:27.097+0000] {logging_mixin.py:150} INFO - [2025-03-28T16:00:27.096+0000] {dag.py:3504} INFO - Setting next_dagrun for pipeline to 2025-03-28T00:00:00+00:00, run_after=2025-03-29T00:00:00+00:00
[2025-03-28T16:00:27.133+0000] {processor.py:179} INFO - Processing /opt/airflow/dags/pipeline.py took 0.194 seconds
[2025-03-28T16:00:57.898+0000] {processor.py:157} INFO - Started process (PID=253) to work on /opt/airflow/dags/pipeline.py
[2025-03-28T16:00:57.901+0000] {processor.py:826} INFO - Processing file /opt/airflow/dags/pipeline.py for tasks to queue
[2025-03-28T16:00:57.903+0000] {logging_mixin.py:150} INFO - [2025-03-28T16:00:57.902+0000] {dagbag.py:541} INFO - Filling up the DagBag from /opt/airflow/dags/pipeline.py
[2025-03-28T16:00:57.933+0000] {processor.py:836} INFO - DAG(s) dict_keys(['pipeline']) retrieved from /opt/airflow/dags/pipeline.py
[2025-03-28T16:00:58.021+0000] {logging_mixin.py:150} INFO - [2025-03-28T16:00:58.020+0000] {dag.py:2742} INFO - Sync 1 DAGs
[2025-03-28T16:00:58.101+0000] {logging_mixin.py:150} INFO - [2025-03-28T16:00:58.101+0000] {dag.py:3504} INFO - Setting next_dagrun for pipeline to 2025-03-28T00:00:00+00:00, run_after=2025-03-29T00:00:00+00:00
[2025-03-28T16:00:58.142+0000] {processor.py:179} INFO - Processing /opt/airflow/dags/pipeline.py took 0.253 seconds
[2025-03-28T16:16:47.982+0000] {processor.py:157} INFO - Started process (PID=258) to work on /opt/airflow/dags/pipeline.py
[2025-03-28T16:16:47.983+0000] {processor.py:826} INFO - Processing file /opt/airflow/dags/pipeline.py for tasks to queue
[2025-03-28T16:16:47.985+0000] {logging_mixin.py:150} INFO - [2025-03-28T16:16:47.985+0000] {dagbag.py:541} INFO - Filling up the DagBag from /opt/airflow/dags/pipeline.py
[2025-03-28T16:16:48.013+0000] {processor.py:836} INFO - DAG(s) dict_keys(['pipeline']) retrieved from /opt/airflow/dags/pipeline.py
[2025-03-28T16:16:48.097+0000] {logging_mixin.py:150} INFO - [2025-03-28T16:16:48.096+0000] {dag.py:2742} INFO - Sync 1 DAGs
[2025-03-28T16:16:48.149+0000] {logging_mixin.py:150} INFO - [2025-03-28T16:16:48.149+0000] {dag.py:3504} INFO - Setting next_dagrun for pipeline to 2025-03-28T00:00:00+00:00, run_after=2025-03-29T00:00:00+00:00
[2025-03-28T16:16:48.193+0000] {processor.py:179} INFO - Processing /opt/airflow/dags/pipeline.py took 0.217 seconds
[2025-03-28T16:17:23.318+0000] {processor.py:157} INFO - Started process (PID=263) to work on /opt/airflow/dags/pipeline.py
[2025-03-28T16:17:23.322+0000] {processor.py:826} INFO - Processing file /opt/airflow/dags/pipeline.py for tasks to queue
[2025-03-28T16:17:23.324+0000] {logging_mixin.py:150} INFO - [2025-03-28T16:17:23.323+0000] {dagbag.py:541} INFO - Filling up the DagBag from /opt/airflow/dags/pipeline.py
[2025-03-28T16:17:23.382+0000] {processor.py:836} INFO - DAG(s) dict_keys(['pipeline']) retrieved from /opt/airflow/dags/pipeline.py
[2025-03-28T16:17:23.470+0000] {logging_mixin.py:150} INFO - [2025-03-28T16:17:23.470+0000] {dag.py:2742} INFO - Sync 1 DAGs
[2025-03-28T16:17:23.504+0000] {logging_mixin.py:150} INFO - [2025-03-28T16:17:23.504+0000] {dag.py:3504} INFO - Setting next_dagrun for pipeline to 2025-03-28T00:00:00+00:00, run_after=2025-03-29T00:00:00+00:00
[2025-03-28T16:17:23.524+0000] {processor.py:179} INFO - Processing /opt/airflow/dags/pipeline.py took 0.289 seconds
[2025-03-28T16:17:58.466+0000] {processor.py:157} INFO - Started process (PID=268) to work on /opt/airflow/dags/pipeline.py
[2025-03-28T16:17:58.487+0000] {processor.py:826} INFO - Processing file /opt/airflow/dags/pipeline.py for tasks to queue
[2025-03-28T16:17:58.495+0000] {logging_mixin.py:150} INFO - [2025-03-28T16:17:58.495+0000] {dagbag.py:541} INFO - Filling up the DagBag from /opt/airflow/dags/pipeline.py
[2025-03-28T16:17:58.545+0000] {processor.py:836} INFO - DAG(s) dict_keys(['pipeline']) retrieved from /opt/airflow/dags/pipeline.py
[2025-03-28T16:17:58.602+0000] {logging_mixin.py:150} INFO - [2025-03-28T16:17:58.602+0000] {dag.py:2742} INFO - Sync 1 DAGs
[2025-03-28T16:17:58.634+0000] {logging_mixin.py:150} INFO - [2025-03-28T16:17:58.633+0000] {dag.py:3504} INFO - Setting next_dagrun for pipeline to 2025-03-28T00:00:00+00:00, run_after=2025-03-29T00:00:00+00:00
[2025-03-28T16:17:58.667+0000] {processor.py:179} INFO - Processing /opt/airflow/dags/pipeline.py took 0.254 seconds
[2025-03-28T16:18:39.127+0000] {processor.py:157} INFO - Started process (PID=274) to work on /opt/airflow/dags/pipeline.py
[2025-03-28T16:18:39.135+0000] {processor.py:826} INFO - Processing file /opt/airflow/dags/pipeline.py for tasks to queue
[2025-03-28T16:18:39.138+0000] {logging_mixin.py:150} INFO - [2025-03-28T16:18:39.137+0000] {dagbag.py:541} INFO - Filling up the DagBag from /opt/airflow/dags/pipeline.py
[2025-03-28T16:18:39.189+0000] {processor.py:836} INFO - DAG(s) dict_keys(['pipeline']) retrieved from /opt/airflow/dags/pipeline.py
[2025-03-28T16:18:39.309+0000] {logging_mixin.py:150} INFO - [2025-03-28T16:18:39.309+0000] {dag.py:2742} INFO - Sync 1 DAGs
[2025-03-28T16:18:39.379+0000] {logging_mixin.py:150} INFO - [2025-03-28T16:18:39.379+0000] {dag.py:3504} INFO - Setting next_dagrun for pipeline to 2025-03-28T00:00:00+00:00, run_after=2025-03-29T00:00:00+00:00
[2025-03-28T16:18:39.400+0000] {processor.py:179} INFO - Processing /opt/airflow/dags/pipeline.py took 0.305 seconds
[2025-03-28T16:34:25.379+0000] {processor.py:157} INFO - Started process (PID=280) to work on /opt/airflow/dags/pipeline.py
[2025-03-28T16:34:25.381+0000] {processor.py:826} INFO - Processing file /opt/airflow/dags/pipeline.py for tasks to queue
[2025-03-28T16:34:25.383+0000] {logging_mixin.py:150} INFO - [2025-03-28T16:34:25.382+0000] {dagbag.py:541} INFO - Filling up the DagBag from /opt/airflow/dags/pipeline.py
[2025-03-28T16:34:25.418+0000] {processor.py:836} INFO - DAG(s) dict_keys(['pipeline']) retrieved from /opt/airflow/dags/pipeline.py
[2025-03-28T16:34:25.469+0000] {logging_mixin.py:150} INFO - [2025-03-28T16:34:25.469+0000] {dag.py:2742} INFO - Sync 1 DAGs
[2025-03-28T16:34:25.508+0000] {logging_mixin.py:150} INFO - [2025-03-28T16:34:25.508+0000] {dag.py:3504} INFO - Setting next_dagrun for pipeline to 2025-03-28T00:00:00+00:00, run_after=2025-03-29T00:00:00+00:00
[2025-03-28T16:34:25.592+0000] {processor.py:179} INFO - Processing /opt/airflow/dags/pipeline.py took 0.218 seconds
[2025-03-28T16:34:59.564+0000] {processor.py:157} INFO - Started process (PID=287) to work on /opt/airflow/dags/pipeline.py
[2025-03-28T16:34:59.567+0000] {processor.py:826} INFO - Processing file /opt/airflow/dags/pipeline.py for tasks to queue
[2025-03-28T16:34:59.571+0000] {logging_mixin.py:150} INFO - [2025-03-28T16:34:59.570+0000] {dagbag.py:541} INFO - Filling up the DagBag from /opt/airflow/dags/pipeline.py
[2025-03-28T16:34:59.625+0000] {processor.py:836} INFO - DAG(s) dict_keys(['pipeline']) retrieved from /opt/airflow/dags/pipeline.py
[2025-03-28T16:34:59.787+0000] {logging_mixin.py:150} INFO - [2025-03-28T16:34:59.786+0000] {dag.py:2742} INFO - Sync 1 DAGs
[2025-03-28T16:34:59.839+0000] {logging_mixin.py:150} INFO - [2025-03-28T16:34:59.839+0000] {dag.py:3504} INFO - Setting next_dagrun for pipeline to 2025-03-28T00:00:00+00:00, run_after=2025-03-29T00:00:00+00:00
[2025-03-28T16:34:59.887+0000] {processor.py:179} INFO - Processing /opt/airflow/dags/pipeline.py took 0.331 seconds
[2025-03-28T16:35:34.978+0000] {processor.py:157} INFO - Started process (PID=293) to work on /opt/airflow/dags/pipeline.py
[2025-03-28T16:35:34.979+0000] {processor.py:826} INFO - Processing file /opt/airflow/dags/pipeline.py for tasks to queue
[2025-03-28T16:35:34.982+0000] {logging_mixin.py:150} INFO - [2025-03-28T16:35:34.981+0000] {dagbag.py:541} INFO - Filling up the DagBag from /opt/airflow/dags/pipeline.py
[2025-03-28T16:35:35.047+0000] {processor.py:836} INFO - DAG(s) dict_keys(['pipeline']) retrieved from /opt/airflow/dags/pipeline.py
[2025-03-28T16:35:35.192+0000] {logging_mixin.py:150} INFO - [2025-03-28T16:35:35.192+0000] {dag.py:2742} INFO - Sync 1 DAGs
[2025-03-28T16:35:35.239+0000] {logging_mixin.py:150} INFO - [2025-03-28T16:35:35.238+0000] {dag.py:3504} INFO - Setting next_dagrun for pipeline to 2025-03-28T00:00:00+00:00, run_after=2025-03-29T00:00:00+00:00
[2025-03-28T16:35:35.258+0000] {processor.py:179} INFO - Processing /opt/airflow/dags/pipeline.py took 0.287 seconds
[2025-03-28T16:36:09.640+0000] {processor.py:157} INFO - Started process (PID=299) to work on /opt/airflow/dags/pipeline.py
[2025-03-28T16:36:09.645+0000] {processor.py:826} INFO - Processing file /opt/airflow/dags/pipeline.py for tasks to queue
[2025-03-28T16:36:09.648+0000] {logging_mixin.py:150} INFO - [2025-03-28T16:36:09.647+0000] {dagbag.py:541} INFO - Filling up the DagBag from /opt/airflow/dags/pipeline.py
[2025-03-28T16:36:09.683+0000] {processor.py:836} INFO - DAG(s) dict_keys(['pipeline']) retrieved from /opt/airflow/dags/pipeline.py
[2025-03-28T16:36:09.816+0000] {logging_mixin.py:150} INFO - [2025-03-28T16:36:09.816+0000] {dag.py:2742} INFO - Sync 1 DAGs
[2025-03-28T16:36:09.867+0000] {logging_mixin.py:150} INFO - [2025-03-28T16:36:09.866+0000] {dag.py:3504} INFO - Setting next_dagrun for pipeline to 2025-03-28T00:00:00+00:00, run_after=2025-03-29T00:00:00+00:00
[2025-03-28T16:36:09.889+0000] {processor.py:179} INFO - Processing /opt/airflow/dags/pipeline.py took 0.259 seconds
[2025-03-28T16:52:02.392+0000] {processor.py:157} INFO - Started process (PID=305) to work on /opt/airflow/dags/pipeline.py
[2025-03-28T16:52:02.394+0000] {processor.py:826} INFO - Processing file /opt/airflow/dags/pipeline.py for tasks to queue
[2025-03-28T16:52:02.396+0000] {logging_mixin.py:150} INFO - [2025-03-28T16:52:02.396+0000] {dagbag.py:541} INFO - Filling up the DagBag from /opt/airflow/dags/pipeline.py
[2025-03-28T16:52:02.432+0000] {processor.py:836} INFO - DAG(s) dict_keys(['pipeline']) retrieved from /opt/airflow/dags/pipeline.py
[2025-03-28T16:52:02.505+0000] {logging_mixin.py:150} INFO - [2025-03-28T16:52:02.505+0000] {dag.py:2742} INFO - Sync 1 DAGs
[2025-03-28T16:52:02.551+0000] {logging_mixin.py:150} INFO - [2025-03-28T16:52:02.551+0000] {dag.py:3504} INFO - Setting next_dagrun for pipeline to 2025-03-28T00:00:00+00:00, run_after=2025-03-29T00:00:00+00:00
[2025-03-28T16:52:02.583+0000] {processor.py:179} INFO - Processing /opt/airflow/dags/pipeline.py took 0.196 seconds
[2025-03-28T16:52:37.058+0000] {processor.py:157} INFO - Started process (PID=312) to work on /opt/airflow/dags/pipeline.py
[2025-03-28T16:52:37.059+0000] {processor.py:826} INFO - Processing file /opt/airflow/dags/pipeline.py for tasks to queue
[2025-03-28T16:52:37.082+0000] {logging_mixin.py:150} INFO - [2025-03-28T16:52:37.081+0000] {dagbag.py:541} INFO - Filling up the DagBag from /opt/airflow/dags/pipeline.py
[2025-03-28T16:52:37.135+0000] {processor.py:836} INFO - DAG(s) dict_keys(['pipeline']) retrieved from /opt/airflow/dags/pipeline.py
[2025-03-28T16:52:37.205+0000] {logging_mixin.py:150} INFO - [2025-03-28T16:52:37.204+0000] {dag.py:2742} INFO - Sync 1 DAGs
[2025-03-28T16:52:37.260+0000] {logging_mixin.py:150} INFO - [2025-03-28T16:52:37.260+0000] {dag.py:3504} INFO - Setting next_dagrun for pipeline to 2025-03-28T00:00:00+00:00, run_after=2025-03-29T00:00:00+00:00
[2025-03-28T16:52:37.289+0000] {processor.py:179} INFO - Processing /opt/airflow/dags/pipeline.py took 0.237 seconds
[2025-03-28T16:53:12.292+0000] {processor.py:157} INFO - Started process (PID=317) to work on /opt/airflow/dags/pipeline.py
[2025-03-28T16:53:12.299+0000] {processor.py:826} INFO - Processing file /opt/airflow/dags/pipeline.py for tasks to queue
[2025-03-28T16:53:12.301+0000] {logging_mixin.py:150} INFO - [2025-03-28T16:53:12.300+0000] {dagbag.py:541} INFO - Filling up the DagBag from /opt/airflow/dags/pipeline.py
[2025-03-28T16:53:12.387+0000] {processor.py:836} INFO - DAG(s) dict_keys(['pipeline']) retrieved from /opt/airflow/dags/pipeline.py
[2025-03-28T16:53:12.445+0000] {logging_mixin.py:150} INFO - [2025-03-28T16:53:12.444+0000] {dag.py:2742} INFO - Sync 1 DAGs
[2025-03-28T16:53:12.474+0000] {logging_mixin.py:150} INFO - [2025-03-28T16:53:12.474+0000] {dag.py:3504} INFO - Setting next_dagrun for pipeline to 2025-03-28T00:00:00+00:00, run_after=2025-03-29T00:00:00+00:00
[2025-03-28T16:53:12.494+0000] {processor.py:179} INFO - Processing /opt/airflow/dags/pipeline.py took 0.213 seconds
[2025-03-28T16:53:47.083+0000] {processor.py:157} INFO - Started process (PID=324) to work on /opt/airflow/dags/pipeline.py
[2025-03-28T16:53:47.084+0000] {processor.py:826} INFO - Processing file /opt/airflow/dags/pipeline.py for tasks to queue
[2025-03-28T16:53:47.089+0000] {logging_mixin.py:150} INFO - [2025-03-28T16:53:47.087+0000] {dagbag.py:541} INFO - Filling up the DagBag from /opt/airflow/dags/pipeline.py
[2025-03-28T16:53:47.146+0000] {processor.py:836} INFO - DAG(s) dict_keys(['pipeline']) retrieved from /opt/airflow/dags/pipeline.py
[2025-03-28T16:53:47.220+0000] {logging_mixin.py:150} INFO - [2025-03-28T16:53:47.219+0000] {dag.py:2742} INFO - Sync 1 DAGs
[2025-03-28T16:53:47.253+0000] {logging_mixin.py:150} INFO - [2025-03-28T16:53:47.253+0000] {dag.py:3504} INFO - Setting next_dagrun for pipeline to 2025-03-28T00:00:00+00:00, run_after=2025-03-29T00:00:00+00:00
[2025-03-28T16:53:47.279+0000] {processor.py:179} INFO - Processing /opt/airflow/dags/pipeline.py took 0.217 seconds
[2025-03-28T16:54:22.084+0000] {processor.py:157} INFO - Started process (PID=330) to work on /opt/airflow/dags/pipeline.py
[2025-03-28T16:54:22.087+0000] {processor.py:826} INFO - Processing file /opt/airflow/dags/pipeline.py for tasks to queue
[2025-03-28T16:54:22.090+0000] {logging_mixin.py:150} INFO - [2025-03-28T16:54:22.089+0000] {dagbag.py:541} INFO - Filling up the DagBag from /opt/airflow/dags/pipeline.py
[2025-03-28T16:54:22.131+0000] {processor.py:836} INFO - DAG(s) dict_keys(['pipeline']) retrieved from /opt/airflow/dags/pipeline.py
[2025-03-28T16:54:22.189+0000] {logging_mixin.py:150} INFO - [2025-03-28T16:54:22.189+0000] {dag.py:2742} INFO - Sync 1 DAGs
[2025-03-28T16:54:22.225+0000] {logging_mixin.py:150} INFO - [2025-03-28T16:54:22.225+0000] {dag.py:3504} INFO - Setting next_dagrun for pipeline to 2025-03-28T00:00:00+00:00, run_after=2025-03-29T00:00:00+00:00
[2025-03-28T16:54:22.251+0000] {processor.py:179} INFO - Processing /opt/airflow/dags/pipeline.py took 0.184 seconds
[2025-03-28T16:54:56.478+0000] {processor.py:157} INFO - Started process (PID=335) to work on /opt/airflow/dags/pipeline.py
[2025-03-28T16:54:56.479+0000] {processor.py:826} INFO - Processing file /opt/airflow/dags/pipeline.py for tasks to queue
[2025-03-28T16:54:56.482+0000] {logging_mixin.py:150} INFO - [2025-03-28T16:54:56.481+0000] {dagbag.py:541} INFO - Filling up the DagBag from /opt/airflow/dags/pipeline.py
[2025-03-28T16:54:56.520+0000] {processor.py:836} INFO - DAG(s) dict_keys(['pipeline']) retrieved from /opt/airflow/dags/pipeline.py
[2025-03-28T16:54:56.628+0000] {logging_mixin.py:150} INFO - [2025-03-28T16:54:56.628+0000] {dag.py:2742} INFO - Sync 1 DAGs
[2025-03-28T16:54:56.686+0000] {logging_mixin.py:150} INFO - [2025-03-28T16:54:56.686+0000] {dag.py:3504} INFO - Setting next_dagrun for pipeline to 2025-03-28T00:00:00+00:00, run_after=2025-03-29T00:00:00+00:00
[2025-03-28T16:54:56.721+0000] {processor.py:179} INFO - Processing /opt/airflow/dags/pipeline.py took 0.251 seconds
[2025-03-28T17:10:48.273+0000] {processor.py:157} INFO - Started process (PID=341) to work on /opt/airflow/dags/pipeline.py
[2025-03-28T17:10:48.275+0000] {processor.py:826} INFO - Processing file /opt/airflow/dags/pipeline.py for tasks to queue
[2025-03-28T17:10:48.279+0000] {logging_mixin.py:150} INFO - [2025-03-28T17:10:48.277+0000] {dagbag.py:541} INFO - Filling up the DagBag from /opt/airflow/dags/pipeline.py
[2025-03-28T17:10:48.331+0000] {processor.py:836} INFO - DAG(s) dict_keys(['pipeline']) retrieved from /opt/airflow/dags/pipeline.py
[2025-03-28T17:10:48.389+0000] {logging_mixin.py:150} INFO - [2025-03-28T17:10:48.388+0000] {dag.py:2742} INFO - Sync 1 DAGs
[2025-03-28T17:10:48.428+0000] {logging_mixin.py:150} INFO - [2025-03-28T17:10:48.428+0000] {dag.py:3504} INFO - Setting next_dagrun for pipeline to 2025-03-28T00:00:00+00:00, run_after=2025-03-29T00:00:00+00:00
[2025-03-28T17:10:48.466+0000] {processor.py:179} INFO - Processing /opt/airflow/dags/pipeline.py took 0.202 seconds
[2025-03-28T17:11:23.295+0000] {processor.py:157} INFO - Started process (PID=348) to work on /opt/airflow/dags/pipeline.py
[2025-03-28T17:11:23.296+0000] {processor.py:826} INFO - Processing file /opt/airflow/dags/pipeline.py for tasks to queue
[2025-03-28T17:11:23.298+0000] {logging_mixin.py:150} INFO - [2025-03-28T17:11:23.297+0000] {dagbag.py:541} INFO - Filling up the DagBag from /opt/airflow/dags/pipeline.py
[2025-03-28T17:11:23.326+0000] {processor.py:836} INFO - DAG(s) dict_keys(['pipeline']) retrieved from /opt/airflow/dags/pipeline.py
[2025-03-28T17:11:23.376+0000] {logging_mixin.py:150} INFO - [2025-03-28T17:11:23.375+0000] {dag.py:2742} INFO - Sync 1 DAGs
[2025-03-28T17:11:23.407+0000] {logging_mixin.py:150} INFO - [2025-03-28T17:11:23.406+0000] {dag.py:3504} INFO - Setting next_dagrun for pipeline to 2025-03-28T00:00:00+00:00, run_after=2025-03-29T00:00:00+00:00
[2025-03-28T17:11:23.428+0000] {processor.py:179} INFO - Processing /opt/airflow/dags/pipeline.py took 0.144 seconds
[2025-03-28T17:11:57.905+0000] {processor.py:157} INFO - Started process (PID=354) to work on /opt/airflow/dags/pipeline.py
[2025-03-28T17:11:57.908+0000] {processor.py:826} INFO - Processing file /opt/airflow/dags/pipeline.py for tasks to queue
[2025-03-28T17:11:57.916+0000] {logging_mixin.py:150} INFO - [2025-03-28T17:11:57.912+0000] {dagbag.py:541} INFO - Filling up the DagBag from /opt/airflow/dags/pipeline.py
[2025-03-28T17:11:57.998+0000] {processor.py:836} INFO - DAG(s) dict_keys(['pipeline']) retrieved from /opt/airflow/dags/pipeline.py
[2025-03-28T17:11:58.073+0000] {logging_mixin.py:150} INFO - [2025-03-28T17:11:58.073+0000] {dag.py:2742} INFO - Sync 1 DAGs
[2025-03-28T17:11:58.103+0000] {logging_mixin.py:150} INFO - [2025-03-28T17:11:58.103+0000] {dag.py:3504} INFO - Setting next_dagrun for pipeline to 2025-03-28T00:00:00+00:00, run_after=2025-03-29T00:00:00+00:00
[2025-03-28T17:11:58.125+0000] {processor.py:179} INFO - Processing /opt/airflow/dags/pipeline.py took 0.229 seconds
[2025-03-28T17:12:33.065+0000] {processor.py:157} INFO - Started process (PID=359) to work on /opt/airflow/dags/pipeline.py
[2025-03-28T17:12:33.069+0000] {processor.py:826} INFO - Processing file /opt/airflow/dags/pipeline.py for tasks to queue
[2025-03-28T17:12:33.073+0000] {logging_mixin.py:150} INFO - [2025-03-28T17:12:33.071+0000] {dagbag.py:541} INFO - Filling up the DagBag from /opt/airflow/dags/pipeline.py
[2025-03-28T17:12:33.163+0000] {processor.py:836} INFO - DAG(s) dict_keys(['pipeline']) retrieved from /opt/airflow/dags/pipeline.py
[2025-03-28T17:12:33.649+0000] {logging_mixin.py:150} INFO - [2025-03-28T17:12:33.648+0000] {dag.py:2742} INFO - Sync 1 DAGs
[2025-03-28T17:12:33.772+0000] {logging_mixin.py:150} INFO - [2025-03-28T17:12:33.771+0000] {dag.py:3504} INFO - Setting next_dagrun for pipeline to 2025-03-28T00:00:00+00:00, run_after=2025-03-29T00:00:00+00:00
[2025-03-28T17:12:33.842+0000] {processor.py:179} INFO - Processing /opt/airflow/dags/pipeline.py took 0.786 seconds
[2025-03-28T17:28:22.692+0000] {processor.py:157} INFO - Started process (PID=364) to work on /opt/airflow/dags/pipeline.py
[2025-03-28T17:28:22.701+0000] {processor.py:826} INFO - Processing file /opt/airflow/dags/pipeline.py for tasks to queue
[2025-03-28T17:28:22.704+0000] {logging_mixin.py:150} INFO - [2025-03-28T17:28:22.704+0000] {dagbag.py:541} INFO - Filling up the DagBag from /opt/airflow/dags/pipeline.py
[2025-03-28T17:28:22.779+0000] {processor.py:836} INFO - DAG(s) dict_keys(['pipeline']) retrieved from /opt/airflow/dags/pipeline.py
[2025-03-28T17:28:22.897+0000] {logging_mixin.py:150} INFO - [2025-03-28T17:28:22.897+0000] {dag.py:2742} INFO - Sync 1 DAGs
[2025-03-28T17:28:23.047+0000] {logging_mixin.py:150} INFO - [2025-03-28T17:28:23.047+0000] {dag.py:3504} INFO - Setting next_dagrun for pipeline to 2025-03-28T00:00:00+00:00, run_after=2025-03-29T00:00:00+00:00
[2025-03-28T17:28:23.095+0000] {processor.py:179} INFO - Processing /opt/airflow/dags/pipeline.py took 0.425 seconds
[2025-03-28T17:28:57.299+0000] {processor.py:157} INFO - Started process (PID=374) to work on /opt/airflow/dags/pipeline.py
[2025-03-28T17:28:57.301+0000] {processor.py:826} INFO - Processing file /opt/airflow/dags/pipeline.py for tasks to queue
[2025-03-28T17:28:57.304+0000] {logging_mixin.py:150} INFO - [2025-03-28T17:28:57.304+0000] {dagbag.py:541} INFO - Filling up the DagBag from /opt/airflow/dags/pipeline.py
[2025-03-28T17:28:57.373+0000] {processor.py:836} INFO - DAG(s) dict_keys(['pipeline']) retrieved from /opt/airflow/dags/pipeline.py
[2025-03-28T17:28:57.474+0000] {logging_mixin.py:150} INFO - [2025-03-28T17:28:57.474+0000] {dag.py:2742} INFO - Sync 1 DAGs
[2025-03-28T17:28:57.519+0000] {logging_mixin.py:150} INFO - [2025-03-28T17:28:57.519+0000] {dag.py:3504} INFO - Setting next_dagrun for pipeline to 2025-03-28T00:00:00+00:00, run_after=2025-03-29T00:00:00+00:00
[2025-03-28T17:28:57.542+0000] {processor.py:179} INFO - Processing /opt/airflow/dags/pipeline.py took 0.250 seconds
[2025-03-28T17:29:32.042+0000] {processor.py:157} INFO - Started process (PID=379) to work on /opt/airflow/dags/pipeline.py
[2025-03-28T17:29:32.044+0000] {processor.py:826} INFO - Processing file /opt/airflow/dags/pipeline.py for tasks to queue
[2025-03-28T17:29:32.049+0000] {logging_mixin.py:150} INFO - [2025-03-28T17:29:32.049+0000] {dagbag.py:541} INFO - Filling up the DagBag from /opt/airflow/dags/pipeline.py
[2025-03-28T17:29:32.076+0000] {processor.py:836} INFO - DAG(s) dict_keys(['pipeline']) retrieved from /opt/airflow/dags/pipeline.py
[2025-03-28T17:29:32.155+0000] {logging_mixin.py:150} INFO - [2025-03-28T17:29:32.155+0000] {dag.py:2742} INFO - Sync 1 DAGs
[2025-03-28T17:29:32.223+0000] {logging_mixin.py:150} INFO - [2025-03-28T17:29:32.223+0000] {dag.py:3504} INFO - Setting next_dagrun for pipeline to 2025-03-28T00:00:00+00:00, run_after=2025-03-29T00:00:00+00:00
[2025-03-28T17:29:32.253+0000] {processor.py:179} INFO - Processing /opt/airflow/dags/pipeline.py took 0.217 seconds
[2025-03-28T17:30:06.929+0000] {processor.py:157} INFO - Started process (PID=384) to work on /opt/airflow/dags/pipeline.py
[2025-03-28T17:30:06.932+0000] {processor.py:826} INFO - Processing file /opt/airflow/dags/pipeline.py for tasks to queue
[2025-03-28T17:30:06.935+0000] {logging_mixin.py:150} INFO - [2025-03-28T17:30:06.934+0000] {dagbag.py:541} INFO - Filling up the DagBag from /opt/airflow/dags/pipeline.py
[2025-03-28T17:30:06.992+0000] {processor.py:836} INFO - DAG(s) dict_keys(['pipeline']) retrieved from /opt/airflow/dags/pipeline.py
[2025-03-28T17:30:07.046+0000] {logging_mixin.py:150} INFO - [2025-03-28T17:30:07.046+0000] {dag.py:2742} INFO - Sync 1 DAGs
[2025-03-28T17:30:07.074+0000] {logging_mixin.py:150} INFO - [2025-03-28T17:30:07.074+0000] {dag.py:3504} INFO - Setting next_dagrun for pipeline to 2025-03-28T00:00:00+00:00, run_after=2025-03-29T00:00:00+00:00
[2025-03-28T17:30:07.096+0000] {processor.py:179} INFO - Processing /opt/airflow/dags/pipeline.py took 0.176 seconds
[2025-03-28T17:46:01.037+0000] {processor.py:157} INFO - Started process (PID=402) to work on /opt/airflow/dags/pipeline.py
[2025-03-28T17:46:01.039+0000] {processor.py:826} INFO - Processing file /opt/airflow/dags/pipeline.py for tasks to queue
[2025-03-28T17:46:01.041+0000] {logging_mixin.py:150} INFO - [2025-03-28T17:46:01.040+0000] {dagbag.py:541} INFO - Filling up the DagBag from /opt/airflow/dags/pipeline.py
[2025-03-28T17:46:01.068+0000] {processor.py:836} INFO - DAG(s) dict_keys(['pipeline']) retrieved from /opt/airflow/dags/pipeline.py
[2025-03-28T17:46:01.141+0000] {logging_mixin.py:150} INFO - [2025-03-28T17:46:01.141+0000] {dag.py:2742} INFO - Sync 1 DAGs
[2025-03-28T17:46:01.178+0000] {logging_mixin.py:150} INFO - [2025-03-28T17:46:01.178+0000] {dag.py:3504} INFO - Setting next_dagrun for pipeline to 2025-03-28T00:00:00+00:00, run_after=2025-03-29T00:00:00+00:00
[2025-03-28T17:46:01.204+0000] {processor.py:179} INFO - Processing /opt/airflow/dags/pipeline.py took 0.175 seconds
[2025-03-28T17:46:35.043+0000] {processor.py:157} INFO - Started process (PID=409) to work on /opt/airflow/dags/pipeline.py
[2025-03-28T17:46:35.045+0000] {processor.py:826} INFO - Processing file /opt/airflow/dags/pipeline.py for tasks to queue
[2025-03-28T17:46:35.047+0000] {logging_mixin.py:150} INFO - [2025-03-28T17:46:35.046+0000] {dagbag.py:541} INFO - Filling up the DagBag from /opt/airflow/dags/pipeline.py
[2025-03-28T17:46:35.065+0000] {processor.py:836} INFO - DAG(s) dict_keys(['pipeline']) retrieved from /opt/airflow/dags/pipeline.py
[2025-03-28T17:46:35.199+0000] {logging_mixin.py:150} INFO - [2025-03-28T17:46:35.198+0000] {dag.py:2742} INFO - Sync 1 DAGs
[2025-03-28T17:46:35.231+0000] {logging_mixin.py:150} INFO - [2025-03-28T17:46:35.231+0000] {dag.py:3504} INFO - Setting next_dagrun for pipeline to 2025-03-28T00:00:00+00:00, run_after=2025-03-29T00:00:00+00:00
[2025-03-28T17:46:35.254+0000] {processor.py:179} INFO - Processing /opt/airflow/dags/pipeline.py took 0.218 seconds
[2025-03-28T17:47:09.565+0000] {processor.py:157} INFO - Started process (PID=415) to work on /opt/airflow/dags/pipeline.py
[2025-03-28T17:47:09.567+0000] {processor.py:826} INFO - Processing file /opt/airflow/dags/pipeline.py for tasks to queue
[2025-03-28T17:47:09.570+0000] {logging_mixin.py:150} INFO - [2025-03-28T17:47:09.570+0000] {dagbag.py:541} INFO - Filling up the DagBag from /opt/airflow/dags/pipeline.py
[2025-03-28T17:47:09.596+0000] {processor.py:836} INFO - DAG(s) dict_keys(['pipeline']) retrieved from /opt/airflow/dags/pipeline.py
[2025-03-28T17:47:09.666+0000] {logging_mixin.py:150} INFO - [2025-03-28T17:47:09.666+0000] {dag.py:2742} INFO - Sync 1 DAGs
[2025-03-28T17:47:09.714+0000] {logging_mixin.py:150} INFO - [2025-03-28T17:47:09.714+0000] {dag.py:3504} INFO - Setting next_dagrun for pipeline to 2025-03-28T00:00:00+00:00, run_after=2025-03-29T00:00:00+00:00
[2025-03-28T17:47:09.792+0000] {processor.py:179} INFO - Processing /opt/airflow/dags/pipeline.py took 0.298 seconds
[2025-03-28T17:47:44.623+0000] {processor.py:157} INFO - Started process (PID=422) to work on /opt/airflow/dags/pipeline.py
[2025-03-28T17:47:44.627+0000] {processor.py:826} INFO - Processing file /opt/airflow/dags/pipeline.py for tasks to queue
[2025-03-28T17:47:44.631+0000] {logging_mixin.py:150} INFO - [2025-03-28T17:47:44.631+0000] {dagbag.py:541} INFO - Filling up the DagBag from /opt/airflow/dags/pipeline.py
[2025-03-28T17:47:44.659+0000] {processor.py:836} INFO - DAG(s) dict_keys(['pipeline']) retrieved from /opt/airflow/dags/pipeline.py
[2025-03-28T17:47:44.751+0000] {logging_mixin.py:150} INFO - [2025-03-28T17:47:44.751+0000] {dag.py:2742} INFO - Sync 1 DAGs
[2025-03-28T17:47:44.774+0000] {logging_mixin.py:150} INFO - [2025-03-28T17:47:44.774+0000] {dag.py:3504} INFO - Setting next_dagrun for pipeline to 2025-03-28T00:00:00+00:00, run_after=2025-03-29T00:00:00+00:00
[2025-03-28T17:47:44.794+0000] {processor.py:179} INFO - Processing /opt/airflow/dags/pipeline.py took 0.181 seconds
[2025-03-28T18:01:14.235+0000] {processor.py:157} INFO - Started process (PID=429) to work on /opt/airflow/dags/pipeline.py
[2025-03-28T18:01:14.237+0000] {processor.py:826} INFO - Processing file /opt/airflow/dags/pipeline.py for tasks to queue
[2025-03-28T18:01:14.240+0000] {logging_mixin.py:150} INFO - [2025-03-28T18:01:14.239+0000] {dagbag.py:541} INFO - Filling up the DagBag from /opt/airflow/dags/pipeline.py
[2025-03-28T18:01:14.261+0000] {processor.py:836} INFO - DAG(s) dict_keys(['pipeline']) retrieved from /opt/airflow/dags/pipeline.py
[2025-03-28T18:01:14.328+0000] {logging_mixin.py:150} INFO - [2025-03-28T18:01:14.328+0000] {dag.py:2742} INFO - Sync 1 DAGs
[2025-03-28T18:01:14.382+0000] {logging_mixin.py:150} INFO - [2025-03-28T18:01:14.382+0000] {dag.py:3504} INFO - Setting next_dagrun for pipeline to 2025-03-28T00:00:00+00:00, run_after=2025-03-29T00:00:00+00:00
[2025-03-28T18:01:14.421+0000] {processor.py:179} INFO - Processing /opt/airflow/dags/pipeline.py took 0.195 seconds
[2025-03-28T18:01:57.923+0000] {processor.py:157} INFO - Started process (PID=434) to work on /opt/airflow/dags/pipeline.py
[2025-03-28T18:01:57.926+0000] {processor.py:826} INFO - Processing file /opt/airflow/dags/pipeline.py for tasks to queue
[2025-03-28T18:01:57.928+0000] {logging_mixin.py:150} INFO - [2025-03-28T18:01:57.927+0000] {dagbag.py:541} INFO - Filling up the DagBag from /opt/airflow/dags/pipeline.py
[2025-03-28T18:01:57.944+0000] {processor.py:836} INFO - DAG(s) dict_keys(['pipeline']) retrieved from /opt/airflow/dags/pipeline.py
[2025-03-28T18:01:58.095+0000] {logging_mixin.py:150} INFO - [2025-03-28T18:01:58.095+0000] {dag.py:2742} INFO - Sync 1 DAGs
[2025-03-28T18:01:58.136+0000] {logging_mixin.py:150} INFO - [2025-03-28T18:01:58.136+0000] {dag.py:3504} INFO - Setting next_dagrun for pipeline to 2025-03-28T00:00:00+00:00, run_after=2025-03-29T00:00:00+00:00
[2025-03-28T18:01:58.171+0000] {processor.py:179} INFO - Processing /opt/airflow/dags/pipeline.py took 0.256 seconds
[2025-03-28T18:02:29.617+0000] {processor.py:157} INFO - Started process (PID=439) to work on /opt/airflow/dags/pipeline.py
[2025-03-28T18:02:29.637+0000] {processor.py:826} INFO - Processing file /opt/airflow/dags/pipeline.py for tasks to queue
[2025-03-28T18:02:29.657+0000] {logging_mixin.py:150} INFO - [2025-03-28T18:02:29.652+0000] {dagbag.py:541} INFO - Filling up the DagBag from /opt/airflow/dags/pipeline.py
[2025-03-28T18:02:29.923+0000] {processor.py:836} INFO - DAG(s) dict_keys(['pipeline']) retrieved from /opt/airflow/dags/pipeline.py
[2025-03-28T18:02:30.788+0000] {logging_mixin.py:150} INFO - [2025-03-28T18:02:30.785+0000] {dag.py:2742} INFO - Sync 1 DAGs
[2025-03-28T18:02:31.254+0000] {logging_mixin.py:150} INFO - [2025-03-28T18:02:31.251+0000] {dag.py:3504} INFO - Setting next_dagrun for pipeline to 2025-03-28T00:00:00+00:00, run_after=2025-03-29T00:00:00+00:00
[2025-03-28T18:02:31.591+0000] {processor.py:179} INFO - Processing /opt/airflow/dags/pipeline.py took 2.059 seconds
[2025-03-28T18:18:04.610+0000] {processor.py:157} INFO - Started process (PID=454) to work on /opt/airflow/dags/pipeline.py
[2025-03-28T18:18:04.612+0000] {processor.py:826} INFO - Processing file /opt/airflow/dags/pipeline.py for tasks to queue
[2025-03-28T18:18:04.615+0000] {logging_mixin.py:150} INFO - [2025-03-28T18:18:04.614+0000] {dagbag.py:541} INFO - Filling up the DagBag from /opt/airflow/dags/pipeline.py
[2025-03-28T18:18:04.645+0000] {processor.py:836} INFO - DAG(s) dict_keys(['pipeline']) retrieved from /opt/airflow/dags/pipeline.py
[2025-03-28T18:18:04.760+0000] {logging_mixin.py:150} INFO - [2025-03-28T18:18:04.759+0000] {dag.py:2742} INFO - Sync 1 DAGs
[2025-03-28T18:18:04.801+0000] {logging_mixin.py:150} INFO - [2025-03-28T18:18:04.800+0000] {dag.py:3504} INFO - Setting next_dagrun for pipeline to 2025-03-28T00:00:00+00:00, run_after=2025-03-29T00:00:00+00:00
[2025-03-28T18:18:04.838+0000] {processor.py:179} INFO - Processing /opt/airflow/dags/pipeline.py took 0.238 seconds
[2025-03-28T18:18:42.670+0000] {processor.py:157} INFO - Started process (PID=459) to work on /opt/airflow/dags/pipeline.py
[2025-03-28T18:18:42.672+0000] {processor.py:826} INFO - Processing file /opt/airflow/dags/pipeline.py for tasks to queue
[2025-03-28T18:18:42.674+0000] {logging_mixin.py:150} INFO - [2025-03-28T18:18:42.674+0000] {dagbag.py:541} INFO - Filling up the DagBag from /opt/airflow/dags/pipeline.py
[2025-03-28T18:18:42.732+0000] {processor.py:836} INFO - DAG(s) dict_keys(['pipeline']) retrieved from /opt/airflow/dags/pipeline.py
[2025-03-28T18:18:42.832+0000] {logging_mixin.py:150} INFO - [2025-03-28T18:18:42.832+0000] {dag.py:2742} INFO - Sync 1 DAGs
[2025-03-28T18:18:42.867+0000] {logging_mixin.py:150} INFO - [2025-03-28T18:18:42.867+0000] {dag.py:3504} INFO - Setting next_dagrun for pipeline to 2025-03-28T00:00:00+00:00, run_after=2025-03-29T00:00:00+00:00
[2025-03-28T18:18:42.890+0000] {processor.py:179} INFO - Processing /opt/airflow/dags/pipeline.py took 0.227 seconds
[2025-03-28T18:19:17.559+0000] {processor.py:157} INFO - Started process (PID=465) to work on /opt/airflow/dags/pipeline.py
[2025-03-28T18:19:17.564+0000] {processor.py:826} INFO - Processing file /opt/airflow/dags/pipeline.py for tasks to queue
[2025-03-28T18:19:17.568+0000] {logging_mixin.py:150} INFO - [2025-03-28T18:19:17.567+0000] {dagbag.py:541} INFO - Filling up the DagBag from /opt/airflow/dags/pipeline.py
[2025-03-28T18:19:17.594+0000] {processor.py:836} INFO - DAG(s) dict_keys(['pipeline']) retrieved from /opt/airflow/dags/pipeline.py
[2025-03-28T18:19:17.694+0000] {logging_mixin.py:150} INFO - [2025-03-28T18:19:17.694+0000] {dag.py:2742} INFO - Sync 1 DAGs
[2025-03-28T18:19:17.764+0000] {logging_mixin.py:150} INFO - [2025-03-28T18:19:17.764+0000] {dag.py:3504} INFO - Setting next_dagrun for pipeline to 2025-03-28T00:00:00+00:00, run_after=2025-03-29T00:00:00+00:00
[2025-03-28T18:19:17.789+0000] {processor.py:179} INFO - Processing /opt/airflow/dags/pipeline.py took 0.248 seconds
[2025-03-28T18:19:52.494+0000] {processor.py:157} INFO - Started process (PID=470) to work on /opt/airflow/dags/pipeline.py
[2025-03-28T18:19:52.497+0000] {processor.py:826} INFO - Processing file /opt/airflow/dags/pipeline.py for tasks to queue
[2025-03-28T18:19:52.498+0000] {logging_mixin.py:150} INFO - [2025-03-28T18:19:52.498+0000] {dagbag.py:541} INFO - Filling up the DagBag from /opt/airflow/dags/pipeline.py
[2025-03-28T18:19:52.557+0000] {processor.py:836} INFO - DAG(s) dict_keys(['pipeline']) retrieved from /opt/airflow/dags/pipeline.py
[2025-03-28T18:19:52.677+0000] {logging_mixin.py:150} INFO - [2025-03-28T18:19:52.677+0000] {dag.py:2742} INFO - Sync 1 DAGs
[2025-03-28T18:19:52.705+0000] {logging_mixin.py:150} INFO - [2025-03-28T18:19:52.705+0000] {dag.py:3504} INFO - Setting next_dagrun for pipeline to 2025-03-28T00:00:00+00:00, run_after=2025-03-29T00:00:00+00:00
[2025-03-28T18:19:52.730+0000] {processor.py:179} INFO - Processing /opt/airflow/dags/pipeline.py took 0.269 seconds
[2025-03-28T18:35:45.630+0000] {processor.py:157} INFO - Started process (PID=476) to work on /opt/airflow/dags/pipeline.py
[2025-03-28T18:35:45.633+0000] {processor.py:826} INFO - Processing file /opt/airflow/dags/pipeline.py for tasks to queue
[2025-03-28T18:35:45.636+0000] {logging_mixin.py:150} INFO - [2025-03-28T18:35:45.635+0000] {dagbag.py:541} INFO - Filling up the DagBag from /opt/airflow/dags/pipeline.py
[2025-03-28T18:35:45.697+0000] {processor.py:836} INFO - DAG(s) dict_keys(['pipeline']) retrieved from /opt/airflow/dags/pipeline.py
[2025-03-28T18:35:45.796+0000] {logging_mixin.py:150} INFO - [2025-03-28T18:35:45.796+0000] {dag.py:2742} INFO - Sync 1 DAGs
[2025-03-28T18:35:45.843+0000] {logging_mixin.py:150} INFO - [2025-03-28T18:35:45.842+0000] {dag.py:3504} INFO - Setting next_dagrun for pipeline to 2025-03-28T00:00:00+00:00, run_after=2025-03-29T00:00:00+00:00
[2025-03-28T18:35:45.873+0000] {processor.py:179} INFO - Processing /opt/airflow/dags/pipeline.py took 0.254 seconds
[2025-03-28T18:36:20.772+0000] {processor.py:157} INFO - Started process (PID=482) to work on /opt/airflow/dags/pipeline.py
[2025-03-28T18:36:20.788+0000] {processor.py:826} INFO - Processing file /opt/airflow/dags/pipeline.py for tasks to queue
[2025-03-28T18:36:20.791+0000] {logging_mixin.py:150} INFO - [2025-03-28T18:36:20.790+0000] {dagbag.py:541} INFO - Filling up the DagBag from /opt/airflow/dags/pipeline.py
[2025-03-28T18:36:20.869+0000] {processor.py:836} INFO - DAG(s) dict_keys(['pipeline']) retrieved from /opt/airflow/dags/pipeline.py
[2025-03-28T18:36:20.963+0000] {logging_mixin.py:150} INFO - [2025-03-28T18:36:20.963+0000] {dag.py:2742} INFO - Sync 1 DAGs
[2025-03-28T18:36:21.017+0000] {logging_mixin.py:150} INFO - [2025-03-28T18:36:21.017+0000] {dag.py:3504} INFO - Setting next_dagrun for pipeline to 2025-03-28T00:00:00+00:00, run_after=2025-03-29T00:00:00+00:00
[2025-03-28T18:36:21.046+0000] {processor.py:179} INFO - Processing /opt/airflow/dags/pipeline.py took 0.279 seconds
[2025-03-28T18:36:55.125+0000] {processor.py:157} INFO - Started process (PID=490) to work on /opt/airflow/dags/pipeline.py
[2025-03-28T18:36:55.127+0000] {processor.py:826} INFO - Processing file /opt/airflow/dags/pipeline.py for tasks to queue
[2025-03-28T18:36:55.135+0000] {logging_mixin.py:150} INFO - [2025-03-28T18:36:55.131+0000] {dagbag.py:541} INFO - Filling up the DagBag from /opt/airflow/dags/pipeline.py
[2025-03-28T18:36:55.157+0000] {processor.py:836} INFO - DAG(s) dict_keys(['pipeline']) retrieved from /opt/airflow/dags/pipeline.py
[2025-03-28T18:36:55.303+0000] {logging_mixin.py:150} INFO - [2025-03-28T18:36:55.303+0000] {dag.py:2742} INFO - Sync 1 DAGs
[2025-03-28T18:36:55.369+0000] {logging_mixin.py:150} INFO - [2025-03-28T18:36:55.369+0000] {dag.py:3504} INFO - Setting next_dagrun for pipeline to 2025-03-28T00:00:00+00:00, run_after=2025-03-29T00:00:00+00:00
[2025-03-28T18:36:55.389+0000] {processor.py:179} INFO - Processing /opt/airflow/dags/pipeline.py took 0.278 seconds
[2025-03-28T18:37:30.017+0000] {processor.py:157} INFO - Started process (PID=496) to work on /opt/airflow/dags/pipeline.py
[2025-03-28T18:37:30.020+0000] {processor.py:826} INFO - Processing file /opt/airflow/dags/pipeline.py for tasks to queue
[2025-03-28T18:37:30.022+0000] {logging_mixin.py:150} INFO - [2025-03-28T18:37:30.021+0000] {dagbag.py:541} INFO - Filling up the DagBag from /opt/airflow/dags/pipeline.py
[2025-03-28T18:37:30.120+0000] {processor.py:836} INFO - DAG(s) dict_keys(['pipeline']) retrieved from /opt/airflow/dags/pipeline.py
[2025-03-28T18:37:30.211+0000] {logging_mixin.py:150} INFO - [2025-03-28T18:37:30.209+0000] {dag.py:2742} INFO - Sync 1 DAGs
[2025-03-28T18:37:30.296+0000] {logging_mixin.py:150} INFO - [2025-03-28T18:37:30.295+0000] {dag.py:3504} INFO - Setting next_dagrun for pipeline to 2025-03-28T00:00:00+00:00, run_after=2025-03-29T00:00:00+00:00
[2025-03-28T18:37:30.331+0000] {processor.py:179} INFO - Processing /opt/airflow/dags/pipeline.py took 0.320 seconds
[2025-03-28T18:53:20.983+0000] {processor.py:157} INFO - Started process (PID=503) to work on /opt/airflow/dags/pipeline.py
[2025-03-28T18:53:20.985+0000] {processor.py:826} INFO - Processing file /opt/airflow/dags/pipeline.py for tasks to queue
[2025-03-28T18:53:20.986+0000] {logging_mixin.py:150} INFO - [2025-03-28T18:53:20.986+0000] {dagbag.py:541} INFO - Filling up the DagBag from /opt/airflow/dags/pipeline.py
[2025-03-28T18:53:20.999+0000] {processor.py:836} INFO - DAG(s) dict_keys(['pipeline']) retrieved from /opt/airflow/dags/pipeline.py
[2025-03-28T18:53:21.058+0000] {logging_mixin.py:150} INFO - [2025-03-28T18:53:21.058+0000] {dag.py:2742} INFO - Sync 1 DAGs
[2025-03-28T18:53:21.099+0000] {logging_mixin.py:150} INFO - [2025-03-28T18:53:21.099+0000] {dag.py:3504} INFO - Setting next_dagrun for pipeline to 2025-03-28T00:00:00+00:00, run_after=2025-03-29T00:00:00+00:00
[2025-03-28T18:53:21.132+0000] {processor.py:179} INFO - Processing /opt/airflow/dags/pipeline.py took 0.153 seconds
[2025-03-28T18:53:56.291+0000] {processor.py:157} INFO - Started process (PID=510) to work on /opt/airflow/dags/pipeline.py
[2025-03-28T18:53:56.297+0000] {processor.py:826} INFO - Processing file /opt/airflow/dags/pipeline.py for tasks to queue
[2025-03-28T18:53:56.310+0000] {logging_mixin.py:150} INFO - [2025-03-28T18:53:56.308+0000] {dagbag.py:541} INFO - Filling up the DagBag from /opt/airflow/dags/pipeline.py
[2025-03-28T18:53:56.637+0000] {processor.py:836} INFO - DAG(s) dict_keys(['pipeline']) retrieved from /opt/airflow/dags/pipeline.py
[2025-03-28T18:53:56.778+0000] {logging_mixin.py:150} INFO - [2025-03-28T18:53:56.776+0000] {dag.py:2742} INFO - Sync 1 DAGs
[2025-03-28T18:53:56.819+0000] {logging_mixin.py:150} INFO - [2025-03-28T18:53:56.819+0000] {dag.py:3504} INFO - Setting next_dagrun for pipeline to 2025-03-28T00:00:00+00:00, run_after=2025-03-29T00:00:00+00:00
[2025-03-28T18:53:56.850+0000] {processor.py:179} INFO - Processing /opt/airflow/dags/pipeline.py took 0.565 seconds
[2025-03-28T18:54:30.557+0000] {processor.py:157} INFO - Started process (PID=515) to work on /opt/airflow/dags/pipeline.py
[2025-03-28T18:54:30.559+0000] {processor.py:826} INFO - Processing file /opt/airflow/dags/pipeline.py for tasks to queue
[2025-03-28T18:54:30.562+0000] {logging_mixin.py:150} INFO - [2025-03-28T18:54:30.562+0000] {dagbag.py:541} INFO - Filling up the DagBag from /opt/airflow/dags/pipeline.py
[2025-03-28T18:54:30.618+0000] {processor.py:836} INFO - DAG(s) dict_keys(['pipeline']) retrieved from /opt/airflow/dags/pipeline.py
[2025-03-28T18:54:30.749+0000] {logging_mixin.py:150} INFO - [2025-03-28T18:54:30.749+0000] {dag.py:2742} INFO - Sync 1 DAGs
[2025-03-28T18:54:30.865+0000] {logging_mixin.py:150} INFO - [2025-03-28T18:54:30.864+0000] {dag.py:3504} INFO - Setting next_dagrun for pipeline to 2025-03-28T00:00:00+00:00, run_after=2025-03-29T00:00:00+00:00
[2025-03-28T18:54:30.925+0000] {processor.py:179} INFO - Processing /opt/airflow/dags/pipeline.py took 0.375 seconds
[2025-03-28T18:55:05.464+0000] {processor.py:157} INFO - Started process (PID=520) to work on /opt/airflow/dags/pipeline.py
[2025-03-28T18:55:05.467+0000] {processor.py:826} INFO - Processing file /opt/airflow/dags/pipeline.py for tasks to queue
[2025-03-28T18:55:05.477+0000] {logging_mixin.py:150} INFO - [2025-03-28T18:55:05.476+0000] {dagbag.py:541} INFO - Filling up the DagBag from /opt/airflow/dags/pipeline.py
[2025-03-28T18:55:05.527+0000] {processor.py:836} INFO - DAG(s) dict_keys(['pipeline']) retrieved from /opt/airflow/dags/pipeline.py
[2025-03-28T18:55:05.659+0000] {logging_mixin.py:150} INFO - [2025-03-28T18:55:05.658+0000] {dag.py:2742} INFO - Sync 1 DAGs
[2025-03-28T18:55:05.737+0000] {logging_mixin.py:150} INFO - [2025-03-28T18:55:05.736+0000] {dag.py:3504} INFO - Setting next_dagrun for pipeline to 2025-03-28T00:00:00+00:00, run_after=2025-03-29T00:00:00+00:00
[2025-03-28T18:55:05.768+0000] {processor.py:179} INFO - Processing /opt/airflow/dags/pipeline.py took 0.322 seconds
[2025-03-28T19:02:14.850+0000] {processor.py:157} INFO - Started process (PID=527) to work on /opt/airflow/dags/pipeline.py
[2025-03-28T19:02:14.857+0000] {processor.py:826} INFO - Processing file /opt/airflow/dags/pipeline.py for tasks to queue
[2025-03-28T19:02:14.859+0000] {logging_mixin.py:150} INFO - [2025-03-28T19:02:14.858+0000] {dagbag.py:541} INFO - Filling up the DagBag from /opt/airflow/dags/pipeline.py
[2025-03-28T19:02:14.872+0000] {processor.py:836} INFO - DAG(s) dict_keys(['pipeline']) retrieved from /opt/airflow/dags/pipeline.py
[2025-03-28T19:02:14.923+0000] {logging_mixin.py:150} INFO - [2025-03-28T19:02:14.923+0000] {dag.py:2742} INFO - Sync 1 DAGs
[2025-03-28T19:02:14.958+0000] {logging_mixin.py:150} INFO - [2025-03-28T19:02:14.958+0000] {dag.py:3504} INFO - Setting next_dagrun for pipeline to 2025-03-28T00:00:00+00:00, run_after=2025-03-29T00:00:00+00:00
[2025-03-28T19:02:14.994+0000] {processor.py:179} INFO - Processing /opt/airflow/dags/pipeline.py took 0.152 seconds
[2025-03-28T19:02:48.372+0000] {processor.py:157} INFO - Started process (PID=534) to work on /opt/airflow/dags/pipeline.py
[2025-03-28T19:02:48.417+0000] {processor.py:826} INFO - Processing file /opt/airflow/dags/pipeline.py for tasks to queue
[2025-03-28T19:02:48.473+0000] {logging_mixin.py:150} INFO - [2025-03-28T19:02:48.451+0000] {dagbag.py:541} INFO - Filling up the DagBag from /opt/airflow/dags/pipeline.py
[2025-03-28T19:02:51.085+0000] {processor.py:836} INFO - DAG(s) dict_keys(['pipeline']) retrieved from /opt/airflow/dags/pipeline.py
[2025-03-28T19:03:20.943+0000] {logging_mixin.py:150} INFO - [2025-03-28T19:03:20.940+0000] {dag.py:2742} INFO - Sync 1 DAGs
[2025-03-28T19:03:21.324+0000] {logging_mixin.py:150} INFO - [2025-03-28T19:03:21.323+0000] {dag.py:3504} INFO - Setting next_dagrun for pipeline to 2025-03-28T00:00:00+00:00, run_after=2025-03-29T00:00:00+00:00
[2025-03-28T19:03:21.403+0000] {processor.py:179} INFO - Processing /opt/airflow/dags/pipeline.py took 33.996 seconds
[2025-03-28T19:19:04.972+0000] {processor.py:157} INFO - Started process (PID=541) to work on /opt/airflow/dags/pipeline.py
[2025-03-28T19:19:04.974+0000] {processor.py:826} INFO - Processing file /opt/airflow/dags/pipeline.py for tasks to queue
[2025-03-28T19:19:04.976+0000] {logging_mixin.py:150} INFO - [2025-03-28T19:19:04.975+0000] {dagbag.py:541} INFO - Filling up the DagBag from /opt/airflow/dags/pipeline.py
[2025-03-28T19:19:05.000+0000] {processor.py:836} INFO - DAG(s) dict_keys(['pipeline']) retrieved from /opt/airflow/dags/pipeline.py
[2025-03-28T19:19:05.099+0000] {logging_mixin.py:150} INFO - [2025-03-28T19:19:05.098+0000] {dag.py:2742} INFO - Sync 1 DAGs
[2025-03-28T19:19:05.150+0000] {logging_mixin.py:150} INFO - [2025-03-28T19:19:05.150+0000] {dag.py:3504} INFO - Setting next_dagrun for pipeline to 2025-03-28T00:00:00+00:00, run_after=2025-03-29T00:00:00+00:00
[2025-03-28T19:19:05.179+0000] {processor.py:179} INFO - Processing /opt/airflow/dags/pipeline.py took 0.213 seconds
[2025-03-28T19:19:39.376+0000] {processor.py:157} INFO - Started process (PID=546) to work on /opt/airflow/dags/pipeline.py
[2025-03-28T19:19:39.380+0000] {processor.py:826} INFO - Processing file /opt/airflow/dags/pipeline.py for tasks to queue
[2025-03-28T19:19:39.383+0000] {logging_mixin.py:150} INFO - [2025-03-28T19:19:39.382+0000] {dagbag.py:541} INFO - Filling up the DagBag from /opt/airflow/dags/pipeline.py
[2025-03-28T19:19:39.404+0000] {processor.py:836} INFO - DAG(s) dict_keys(['pipeline']) retrieved from /opt/airflow/dags/pipeline.py
[2025-03-28T19:19:39.490+0000] {logging_mixin.py:150} INFO - [2025-03-28T19:19:39.490+0000] {dag.py:2742} INFO - Sync 1 DAGs
[2025-03-28T19:19:39.536+0000] {logging_mixin.py:150} INFO - [2025-03-28T19:19:39.536+0000] {dag.py:3504} INFO - Setting next_dagrun for pipeline to 2025-03-28T00:00:00+00:00, run_after=2025-03-29T00:00:00+00:00
[2025-03-28T19:19:39.563+0000] {processor.py:179} INFO - Processing /opt/airflow/dags/pipeline.py took 0.202 seconds
[2025-03-28T19:20:14.070+0000] {processor.py:157} INFO - Started process (PID=552) to work on /opt/airflow/dags/pipeline.py
[2025-03-28T19:20:14.073+0000] {processor.py:826} INFO - Processing file /opt/airflow/dags/pipeline.py for tasks to queue
[2025-03-28T19:20:14.093+0000] {logging_mixin.py:150} INFO - [2025-03-28T19:20:14.093+0000] {dagbag.py:541} INFO - Filling up the DagBag from /opt/airflow/dags/pipeline.py
[2025-03-28T19:20:14.128+0000] {processor.py:836} INFO - DAG(s) dict_keys(['pipeline']) retrieved from /opt/airflow/dags/pipeline.py
[2025-03-28T19:20:14.309+0000] {logging_mixin.py:150} INFO - [2025-03-28T19:20:14.309+0000] {dag.py:2742} INFO - Sync 1 DAGs
[2025-03-28T19:20:14.366+0000] {logging_mixin.py:150} INFO - [2025-03-28T19:20:14.365+0000] {dag.py:3504} INFO - Setting next_dagrun for pipeline to 2025-03-28T00:00:00+00:00, run_after=2025-03-29T00:00:00+00:00
[2025-03-28T19:20:14.407+0000] {processor.py:179} INFO - Processing /opt/airflow/dags/pipeline.py took 0.343 seconds
[2025-03-28T19:20:48.959+0000] {processor.py:157} INFO - Started process (PID=557) to work on /opt/airflow/dags/pipeline.py
[2025-03-28T19:20:48.962+0000] {processor.py:826} INFO - Processing file /opt/airflow/dags/pipeline.py for tasks to queue
[2025-03-28T19:20:48.964+0000] {logging_mixin.py:150} INFO - [2025-03-28T19:20:48.963+0000] {dagbag.py:541} INFO - Filling up the DagBag from /opt/airflow/dags/pipeline.py
[2025-03-28T19:20:49.031+0000] {processor.py:836} INFO - DAG(s) dict_keys(['pipeline']) retrieved from /opt/airflow/dags/pipeline.py
[2025-03-28T19:20:49.129+0000] {logging_mixin.py:150} INFO - [2025-03-28T19:20:49.129+0000] {dag.py:2742} INFO - Sync 1 DAGs
[2025-03-28T19:20:49.233+0000] {logging_mixin.py:150} INFO - [2025-03-28T19:20:49.232+0000] {dag.py:3504} INFO - Setting next_dagrun for pipeline to 2025-03-28T00:00:00+00:00, run_after=2025-03-29T00:00:00+00:00
[2025-03-28T19:20:49.259+0000] {processor.py:179} INFO - Processing /opt/airflow/dags/pipeline.py took 0.310 seconds
[2025-03-28T19:36:40.256+0000] {processor.py:157} INFO - Started process (PID=572) to work on /opt/airflow/dags/pipeline.py
[2025-03-28T19:36:40.258+0000] {processor.py:826} INFO - Processing file /opt/airflow/dags/pipeline.py for tasks to queue
[2025-03-28T19:36:40.259+0000] {logging_mixin.py:150} INFO - [2025-03-28T19:36:40.259+0000] {dagbag.py:541} INFO - Filling up the DagBag from /opt/airflow/dags/pipeline.py
[2025-03-28T19:36:40.271+0000] {processor.py:836} INFO - DAG(s) dict_keys(['pipeline']) retrieved from /opt/airflow/dags/pipeline.py
[2025-03-28T19:36:40.312+0000] {logging_mixin.py:150} INFO - [2025-03-28T19:36:40.312+0000] {dag.py:2742} INFO - Sync 1 DAGs
[2025-03-28T19:36:40.335+0000] {logging_mixin.py:150} INFO - [2025-03-28T19:36:40.335+0000] {dag.py:3504} INFO - Setting next_dagrun for pipeline to 2025-03-28T00:00:00+00:00, run_after=2025-03-29T00:00:00+00:00
[2025-03-28T19:36:40.357+0000] {processor.py:179} INFO - Processing /opt/airflow/dags/pipeline.py took 0.107 seconds
[2025-03-28T19:37:14.644+0000] {processor.py:157} INFO - Started process (PID=577) to work on /opt/airflow/dags/pipeline.py
[2025-03-28T19:37:14.645+0000] {processor.py:826} INFO - Processing file /opt/airflow/dags/pipeline.py for tasks to queue
[2025-03-28T19:37:14.649+0000] {logging_mixin.py:150} INFO - [2025-03-28T19:37:14.648+0000] {dagbag.py:541} INFO - Filling up the DagBag from /opt/airflow/dags/pipeline.py
[2025-03-28T19:37:14.665+0000] {processor.py:836} INFO - DAG(s) dict_keys(['pipeline']) retrieved from /opt/airflow/dags/pipeline.py
[2025-03-28T19:37:14.708+0000] {logging_mixin.py:150} INFO - [2025-03-28T19:37:14.707+0000] {dag.py:2742} INFO - Sync 1 DAGs
[2025-03-28T19:37:14.740+0000] {logging_mixin.py:150} INFO - [2025-03-28T19:37:14.739+0000] {dag.py:3504} INFO - Setting next_dagrun for pipeline to 2025-03-28T00:00:00+00:00, run_after=2025-03-29T00:00:00+00:00
[2025-03-28T19:37:14.759+0000] {processor.py:179} INFO - Processing /opt/airflow/dags/pipeline.py took 0.124 seconds
[2025-03-28T19:37:49.293+0000] {processor.py:157} INFO - Started process (PID=584) to work on /opt/airflow/dags/pipeline.py
[2025-03-28T19:37:49.295+0000] {processor.py:826} INFO - Processing file /opt/airflow/dags/pipeline.py for tasks to queue
[2025-03-28T19:37:49.296+0000] {logging_mixin.py:150} INFO - [2025-03-28T19:37:49.296+0000] {dagbag.py:541} INFO - Filling up the DagBag from /opt/airflow/dags/pipeline.py
[2025-03-28T19:37:49.340+0000] {processor.py:836} INFO - DAG(s) dict_keys(['pipeline']) retrieved from /opt/airflow/dags/pipeline.py
[2025-03-28T19:37:49.403+0000] {logging_mixin.py:150} INFO - [2025-03-28T19:37:49.403+0000] {dag.py:2742} INFO - Sync 1 DAGs
[2025-03-28T19:37:49.440+0000] {logging_mixin.py:150} INFO - [2025-03-28T19:37:49.440+0000] {dag.py:3504} INFO - Setting next_dagrun for pipeline to 2025-03-28T00:00:00+00:00, run_after=2025-03-29T00:00:00+00:00
[2025-03-28T19:37:49.481+0000] {processor.py:179} INFO - Processing /opt/airflow/dags/pipeline.py took 0.195 seconds
[2025-03-28T19:38:24.058+0000] {processor.py:157} INFO - Started process (PID=589) to work on /opt/airflow/dags/pipeline.py
[2025-03-28T19:38:24.079+0000] {processor.py:826} INFO - Processing file /opt/airflow/dags/pipeline.py for tasks to queue
[2025-03-28T19:38:24.084+0000] {logging_mixin.py:150} INFO - [2025-03-28T19:38:24.082+0000] {dagbag.py:541} INFO - Filling up the DagBag from /opt/airflow/dags/pipeline.py
[2025-03-28T19:38:24.106+0000] {processor.py:836} INFO - DAG(s) dict_keys(['pipeline']) retrieved from /opt/airflow/dags/pipeline.py
[2025-03-28T19:38:24.186+0000] {logging_mixin.py:150} INFO - [2025-03-28T19:38:24.186+0000] {dag.py:2742} INFO - Sync 1 DAGs
[2025-03-28T19:38:24.232+0000] {logging_mixin.py:150} INFO - [2025-03-28T19:38:24.232+0000] {dag.py:3504} INFO - Setting next_dagrun for pipeline to 2025-03-28T00:00:00+00:00, run_after=2025-03-29T00:00:00+00:00
[2025-03-28T19:38:24.272+0000] {processor.py:179} INFO - Processing /opt/airflow/dags/pipeline.py took 0.220 seconds
[2025-03-28T19:38:54.978+0000] {processor.py:157} INFO - Started process (PID=594) to work on /opt/airflow/dags/pipeline.py
[2025-03-28T19:38:55.005+0000] {processor.py:826} INFO - Processing file /opt/airflow/dags/pipeline.py for tasks to queue
[2025-03-28T19:38:55.026+0000] {logging_mixin.py:150} INFO - [2025-03-28T19:38:55.022+0000] {dagbag.py:541} INFO - Filling up the DagBag from /opt/airflow/dags/pipeline.py
[2025-03-28T19:38:55.175+0000] {processor.py:836} INFO - DAG(s) dict_keys(['pipeline']) retrieved from /opt/airflow/dags/pipeline.py
[2025-03-28T19:38:55.928+0000] {logging_mixin.py:150} INFO - [2025-03-28T19:38:55.924+0000] {dag.py:2742} INFO - Sync 1 DAGs
[2025-03-28T19:38:56.372+0000] {logging_mixin.py:150} INFO - [2025-03-28T19:38:56.370+0000] {dag.py:3504} INFO - Setting next_dagrun for pipeline to 2025-03-28T00:00:00+00:00, run_after=2025-03-29T00:00:00+00:00
[2025-03-28T19:38:56.635+0000] {processor.py:179} INFO - Processing /opt/airflow/dags/pipeline.py took 1.735 seconds
[2025-03-28T19:39:27.350+0000] {processor.py:157} INFO - Started process (PID=599) to work on /opt/airflow/dags/pipeline.py
[2025-03-28T19:39:27.354+0000] {processor.py:826} INFO - Processing file /opt/airflow/dags/pipeline.py for tasks to queue
[2025-03-28T19:39:27.357+0000] {logging_mixin.py:150} INFO - [2025-03-28T19:39:27.356+0000] {dagbag.py:541} INFO - Filling up the DagBag from /opt/airflow/dags/pipeline.py
[2025-03-28T19:39:27.383+0000] {processor.py:836} INFO - DAG(s) dict_keys(['pipeline']) retrieved from /opt/airflow/dags/pipeline.py
[2025-03-28T19:39:27.493+0000] {logging_mixin.py:150} INFO - [2025-03-28T19:39:27.492+0000] {dag.py:2742} INFO - Sync 1 DAGs
[2025-03-28T19:39:27.569+0000] {logging_mixin.py:150} INFO - [2025-03-28T19:39:27.569+0000] {dag.py:3504} INFO - Setting next_dagrun for pipeline to 2025-03-28T00:00:00+00:00, run_after=2025-03-29T00:00:00+00:00
[2025-03-28T19:39:27.613+0000] {processor.py:179} INFO - Processing /opt/airflow/dags/pipeline.py took 0.274 seconds
[2025-03-28T19:39:57.928+0000] {processor.py:157} INFO - Started process (PID=604) to work on /opt/airflow/dags/pipeline.py
[2025-03-28T19:39:57.930+0000] {processor.py:826} INFO - Processing file /opt/airflow/dags/pipeline.py for tasks to queue
[2025-03-28T19:39:57.931+0000] {logging_mixin.py:150} INFO - [2025-03-28T19:39:57.931+0000] {dagbag.py:541} INFO - Filling up the DagBag from /opt/airflow/dags/pipeline.py
[2025-03-28T19:39:57.943+0000] {processor.py:836} INFO - DAG(s) dict_keys(['pipeline']) retrieved from /opt/airflow/dags/pipeline.py
[2025-03-28T19:39:57.988+0000] {logging_mixin.py:150} INFO - [2025-03-28T19:39:57.988+0000] {dag.py:2742} INFO - Sync 1 DAGs
[2025-03-28T19:39:58.018+0000] {logging_mixin.py:150} INFO - [2025-03-28T19:39:58.018+0000] {dag.py:3504} INFO - Setting next_dagrun for pipeline to 2025-03-28T00:00:00+00:00, run_after=2025-03-29T00:00:00+00:00
[2025-03-28T19:39:58.040+0000] {processor.py:179} INFO - Processing /opt/airflow/dags/pipeline.py took 0.118 seconds
[2025-03-28T19:40:28.191+0000] {processor.py:157} INFO - Started process (PID=609) to work on /opt/airflow/dags/pipeline.py
[2025-03-28T19:40:28.195+0000] {processor.py:826} INFO - Processing file /opt/airflow/dags/pipeline.py for tasks to queue
[2025-03-28T19:40:28.197+0000] {logging_mixin.py:150} INFO - [2025-03-28T19:40:28.196+0000] {dagbag.py:541} INFO - Filling up the DagBag from /opt/airflow/dags/pipeline.py
[2025-03-28T19:40:28.215+0000] {processor.py:836} INFO - DAG(s) dict_keys(['pipeline']) retrieved from /opt/airflow/dags/pipeline.py
[2025-03-28T19:40:28.267+0000] {logging_mixin.py:150} INFO - [2025-03-28T19:40:28.267+0000] {dag.py:2742} INFO - Sync 1 DAGs
[2025-03-28T19:40:28.291+0000] {logging_mixin.py:150} INFO - [2025-03-28T19:40:28.291+0000] {dag.py:3504} INFO - Setting next_dagrun for pipeline to 2025-03-28T00:00:00+00:00, run_after=2025-03-29T00:00:00+00:00
[2025-03-28T19:40:28.312+0000] {processor.py:179} INFO - Processing /opt/airflow/dags/pipeline.py took 0.132 seconds
[2025-03-28T19:55:57.763+0000] {processor.py:157} INFO - Started process (PID=614) to work on /opt/airflow/dags/pipeline.py
[2025-03-28T19:55:57.774+0000] {processor.py:826} INFO - Processing file /opt/airflow/dags/pipeline.py for tasks to queue
[2025-03-28T19:55:57.776+0000] {logging_mixin.py:150} INFO - [2025-03-28T19:55:57.775+0000] {dagbag.py:541} INFO - Filling up the DagBag from /opt/airflow/dags/pipeline.py
[2025-03-28T19:55:57.792+0000] {processor.py:836} INFO - DAG(s) dict_keys(['pipeline']) retrieved from /opt/airflow/dags/pipeline.py
[2025-03-28T19:55:57.840+0000] {logging_mixin.py:150} INFO - [2025-03-28T19:55:57.840+0000] {dag.py:2742} INFO - Sync 1 DAGs
[2025-03-28T19:55:57.869+0000] {logging_mixin.py:150} INFO - [2025-03-28T19:55:57.869+0000] {dag.py:3504} INFO - Setting next_dagrun for pipeline to 2025-03-28T00:00:00+00:00, run_after=2025-03-29T00:00:00+00:00
[2025-03-28T19:55:57.895+0000] {processor.py:179} INFO - Processing /opt/airflow/dags/pipeline.py took 0.153 seconds
[2025-03-28T19:56:32.122+0000] {processor.py:157} INFO - Started process (PID=623) to work on /opt/airflow/dags/pipeline.py
[2025-03-28T19:56:32.124+0000] {processor.py:826} INFO - Processing file /opt/airflow/dags/pipeline.py for tasks to queue
[2025-03-28T19:56:32.126+0000] {logging_mixin.py:150} INFO - [2025-03-28T19:56:32.126+0000] {dagbag.py:541} INFO - Filling up the DagBag from /opt/airflow/dags/pipeline.py
[2025-03-28T19:56:32.141+0000] {processor.py:836} INFO - DAG(s) dict_keys(['pipeline']) retrieved from /opt/airflow/dags/pipeline.py
[2025-03-28T19:56:32.247+0000] {logging_mixin.py:150} INFO - [2025-03-28T19:56:32.246+0000] {dag.py:2742} INFO - Sync 1 DAGs
[2025-03-28T19:56:32.316+0000] {logging_mixin.py:150} INFO - [2025-03-28T19:56:32.316+0000] {dag.py:3504} INFO - Setting next_dagrun for pipeline to 2025-03-28T00:00:00+00:00, run_after=2025-03-29T00:00:00+00:00
[2025-03-28T19:56:32.335+0000] {processor.py:179} INFO - Processing /opt/airflow/dags/pipeline.py took 0.223 seconds
[2025-03-28T19:57:07.081+0000] {processor.py:157} INFO - Started process (PID=628) to work on /opt/airflow/dags/pipeline.py
[2025-03-28T19:57:07.085+0000] {processor.py:826} INFO - Processing file /opt/airflow/dags/pipeline.py for tasks to queue
[2025-03-28T19:57:07.087+0000] {logging_mixin.py:150} INFO - [2025-03-28T19:57:07.087+0000] {dagbag.py:541} INFO - Filling up the DagBag from /opt/airflow/dags/pipeline.py
[2025-03-28T19:57:07.123+0000] {processor.py:836} INFO - DAG(s) dict_keys(['pipeline']) retrieved from /opt/airflow/dags/pipeline.py
[2025-03-28T19:57:07.191+0000] {logging_mixin.py:150} INFO - [2025-03-28T19:57:07.190+0000] {dag.py:2742} INFO - Sync 1 DAGs
[2025-03-28T19:57:07.312+0000] {logging_mixin.py:150} INFO - [2025-03-28T19:57:07.312+0000] {dag.py:3504} INFO - Setting next_dagrun for pipeline to 2025-03-28T00:00:00+00:00, run_after=2025-03-29T00:00:00+00:00
[2025-03-28T19:57:07.340+0000] {processor.py:179} INFO - Processing /opt/airflow/dags/pipeline.py took 0.264 seconds
[2025-03-28T19:57:42.159+0000] {processor.py:157} INFO - Started process (PID=634) to work on /opt/airflow/dags/pipeline.py
[2025-03-28T19:57:42.182+0000] {processor.py:826} INFO - Processing file /opt/airflow/dags/pipeline.py for tasks to queue
[2025-03-28T19:57:42.187+0000] {logging_mixin.py:150} INFO - [2025-03-28T19:57:42.186+0000] {dagbag.py:541} INFO - Filling up the DagBag from /opt/airflow/dags/pipeline.py
[2025-03-28T19:57:42.206+0000] {processor.py:836} INFO - DAG(s) dict_keys(['pipeline']) retrieved from /opt/airflow/dags/pipeline.py
[2025-03-28T19:57:42.285+0000] {logging_mixin.py:150} INFO - [2025-03-28T19:57:42.285+0000] {dag.py:2742} INFO - Sync 1 DAGs
[2025-03-28T19:57:42.399+0000] {logging_mixin.py:150} INFO - [2025-03-28T19:57:42.398+0000] {dag.py:3504} INFO - Setting next_dagrun for pipeline to 2025-03-28T00:00:00+00:00, run_after=2025-03-29T00:00:00+00:00
[2025-03-28T19:57:42.425+0000] {processor.py:179} INFO - Processing /opt/airflow/dags/pipeline.py took 0.274 seconds
[2025-03-28T20:03:15.714+0000] {processor.py:157} INFO - Started process (PID=641) to work on /opt/airflow/dags/pipeline.py
[2025-03-28T20:03:15.715+0000] {processor.py:826} INFO - Processing file /opt/airflow/dags/pipeline.py for tasks to queue
[2025-03-28T20:03:15.718+0000] {logging_mixin.py:150} INFO - [2025-03-28T20:03:15.718+0000] {dagbag.py:541} INFO - Filling up the DagBag from /opt/airflow/dags/pipeline.py
[2025-03-28T20:03:15.732+0000] {processor.py:836} INFO - DAG(s) dict_keys(['pipeline']) retrieved from /opt/airflow/dags/pipeline.py
[2025-03-28T20:03:15.793+0000] {logging_mixin.py:150} INFO - [2025-03-28T20:03:15.793+0000] {dag.py:2742} INFO - Sync 1 DAGs
[2025-03-28T20:03:15.824+0000] {logging_mixin.py:150} INFO - [2025-03-28T20:03:15.824+0000] {dag.py:3504} INFO - Setting next_dagrun for pipeline to 2025-03-28T00:00:00+00:00, run_after=2025-03-29T00:00:00+00:00
[2025-03-28T20:03:15.847+0000] {processor.py:179} INFO - Processing /opt/airflow/dags/pipeline.py took 0.148 seconds
[2025-03-28T20:03:49.795+0000] {processor.py:157} INFO - Started process (PID=647) to work on /opt/airflow/dags/pipeline.py
[2025-03-28T20:03:49.796+0000] {processor.py:826} INFO - Processing file /opt/airflow/dags/pipeline.py for tasks to queue
[2025-03-28T20:03:49.798+0000] {logging_mixin.py:150} INFO - [2025-03-28T20:03:49.798+0000] {dagbag.py:541} INFO - Filling up the DagBag from /opt/airflow/dags/pipeline.py
[2025-03-28T20:03:50.038+0000] {processor.py:836} INFO - DAG(s) dict_keys(['pipeline']) retrieved from /opt/airflow/dags/pipeline.py
[2025-03-28T20:03:50.092+0000] {logging_mixin.py:150} INFO - [2025-03-28T20:03:50.092+0000] {dag.py:2742} INFO - Sync 1 DAGs
[2025-03-28T20:03:50.153+0000] {logging_mixin.py:150} INFO - [2025-03-28T20:03:50.152+0000] {dag.py:3504} INFO - Setting next_dagrun for pipeline to 2025-03-28T00:00:00+00:00, run_after=2025-03-29T00:00:00+00:00
[2025-03-28T20:03:50.199+0000] {processor.py:179} INFO - Processing /opt/airflow/dags/pipeline.py took 0.409 seconds
[2025-03-28T20:04:25.052+0000] {processor.py:157} INFO - Started process (PID=653) to work on /opt/airflow/dags/pipeline.py
[2025-03-28T20:04:25.053+0000] {processor.py:826} INFO - Processing file /opt/airflow/dags/pipeline.py for tasks to queue
[2025-03-28T20:04:25.056+0000] {logging_mixin.py:150} INFO - [2025-03-28T20:04:25.055+0000] {dagbag.py:541} INFO - Filling up the DagBag from /opt/airflow/dags/pipeline.py
[2025-03-28T20:04:25.070+0000] {processor.py:836} INFO - DAG(s) dict_keys(['pipeline']) retrieved from /opt/airflow/dags/pipeline.py
[2025-03-28T20:04:25.156+0000] {logging_mixin.py:150} INFO - [2025-03-28T20:04:25.155+0000] {dag.py:2742} INFO - Sync 1 DAGs
[2025-03-28T20:04:25.194+0000] {logging_mixin.py:150} INFO - [2025-03-28T20:04:25.194+0000] {dag.py:3504} INFO - Setting next_dagrun for pipeline to 2025-03-28T00:00:00+00:00, run_after=2025-03-29T00:00:00+00:00
[2025-03-28T20:04:25.238+0000] {processor.py:179} INFO - Processing /opt/airflow/dags/pipeline.py took 0.192 seconds
[2025-03-28T20:05:00.034+0000] {processor.py:157} INFO - Started process (PID=658) to work on /opt/airflow/dags/pipeline.py
[2025-03-28T20:05:00.039+0000] {processor.py:826} INFO - Processing file /opt/airflow/dags/pipeline.py for tasks to queue
[2025-03-28T20:05:00.041+0000] {logging_mixin.py:150} INFO - [2025-03-28T20:05:00.041+0000] {dagbag.py:541} INFO - Filling up the DagBag from /opt/airflow/dags/pipeline.py
[2025-03-28T20:05:00.073+0000] {processor.py:836} INFO - DAG(s) dict_keys(['pipeline']) retrieved from /opt/airflow/dags/pipeline.py
[2025-03-28T20:05:00.156+0000] {logging_mixin.py:150} INFO - [2025-03-28T20:05:00.155+0000] {dag.py:2742} INFO - Sync 1 DAGs
[2025-03-28T20:05:00.212+0000] {logging_mixin.py:150} INFO - [2025-03-28T20:05:00.212+0000] {dag.py:3504} INFO - Setting next_dagrun for pipeline to 2025-03-28T00:00:00+00:00, run_after=2025-03-29T00:00:00+00:00
[2025-03-28T20:05:00.257+0000] {processor.py:179} INFO - Processing /opt/airflow/dags/pipeline.py took 0.231 seconds
[2025-03-28T20:50:53.836+0000] {processor.py:157} INFO - Started process (PID=663) to work on /opt/airflow/dags/pipeline.py
[2025-03-28T20:50:53.838+0000] {processor.py:826} INFO - Processing file /opt/airflow/dags/pipeline.py for tasks to queue
[2025-03-28T20:50:53.843+0000] {logging_mixin.py:150} INFO - [2025-03-28T20:50:53.842+0000] {dagbag.py:541} INFO - Filling up the DagBag from /opt/airflow/dags/pipeline.py
[2025-03-28T20:50:53.869+0000] {processor.py:836} INFO - DAG(s) dict_keys(['pipeline']) retrieved from /opt/airflow/dags/pipeline.py
[2025-03-28T20:50:53.982+0000] {logging_mixin.py:150} INFO - [2025-03-28T20:50:53.982+0000] {dag.py:2742} INFO - Sync 1 DAGs
[2025-03-28T20:50:54.013+0000] {logging_mixin.py:150} INFO - [2025-03-28T20:50:54.012+0000] {dag.py:3504} INFO - Setting next_dagrun for pipeline to 2025-03-28T00:00:00+00:00, run_after=2025-03-29T00:00:00+00:00
[2025-03-28T20:50:54.037+0000] {processor.py:179} INFO - Processing /opt/airflow/dags/pipeline.py took 0.206 seconds
[2025-03-28T20:51:28.164+0000] {processor.py:157} INFO - Started process (PID=672) to work on /opt/airflow/dags/pipeline.py
[2025-03-28T20:51:28.173+0000] {processor.py:826} INFO - Processing file /opt/airflow/dags/pipeline.py for tasks to queue
[2025-03-28T20:51:28.200+0000] {logging_mixin.py:150} INFO - [2025-03-28T20:51:28.200+0000] {dagbag.py:541} INFO - Filling up the DagBag from /opt/airflow/dags/pipeline.py
[2025-03-28T20:51:28.260+0000] {processor.py:836} INFO - DAG(s) dict_keys(['pipeline']) retrieved from /opt/airflow/dags/pipeline.py
[2025-03-28T20:51:28.428+0000] {logging_mixin.py:150} INFO - [2025-03-28T20:51:28.427+0000] {dag.py:2742} INFO - Sync 1 DAGs
[2025-03-28T20:51:28.481+0000] {logging_mixin.py:150} INFO - [2025-03-28T20:51:28.481+0000] {dag.py:3504} INFO - Setting next_dagrun for pipeline to 2025-03-28T00:00:00+00:00, run_after=2025-03-29T00:00:00+00:00
[2025-03-28T20:51:28.509+0000] {processor.py:179} INFO - Processing /opt/airflow/dags/pipeline.py took 0.380 seconds
[2025-03-28T20:52:02.920+0000] {processor.py:157} INFO - Started process (PID=678) to work on /opt/airflow/dags/pipeline.py
[2025-03-28T20:52:02.921+0000] {processor.py:826} INFO - Processing file /opt/airflow/dags/pipeline.py for tasks to queue
[2025-03-28T20:52:02.923+0000] {logging_mixin.py:150} INFO - [2025-03-28T20:52:02.922+0000] {dagbag.py:541} INFO - Filling up the DagBag from /opt/airflow/dags/pipeline.py
[2025-03-28T20:52:02.961+0000] {processor.py:836} INFO - DAG(s) dict_keys(['pipeline']) retrieved from /opt/airflow/dags/pipeline.py
[2025-03-28T20:52:03.048+0000] {logging_mixin.py:150} INFO - [2025-03-28T20:52:03.048+0000] {dag.py:2742} INFO - Sync 1 DAGs
[2025-03-28T20:52:03.098+0000] {logging_mixin.py:150} INFO - [2025-03-28T20:52:03.097+0000] {dag.py:3504} INFO - Setting next_dagrun for pipeline to 2025-03-28T00:00:00+00:00, run_after=2025-03-29T00:00:00+00:00
[2025-03-28T20:52:03.128+0000] {processor.py:179} INFO - Processing /opt/airflow/dags/pipeline.py took 0.213 seconds
[2025-03-28T20:52:38.038+0000] {processor.py:157} INFO - Started process (PID=684) to work on /opt/airflow/dags/pipeline.py
[2025-03-28T20:52:38.055+0000] {processor.py:826} INFO - Processing file /opt/airflow/dags/pipeline.py for tasks to queue
[2025-03-28T20:52:38.059+0000] {logging_mixin.py:150} INFO - [2025-03-28T20:52:38.058+0000] {dagbag.py:541} INFO - Filling up the DagBag from /opt/airflow/dags/pipeline.py
[2025-03-28T20:52:38.075+0000] {processor.py:836} INFO - DAG(s) dict_keys(['pipeline']) retrieved from /opt/airflow/dags/pipeline.py
[2025-03-28T20:52:38.169+0000] {logging_mixin.py:150} INFO - [2025-03-28T20:52:38.169+0000] {dag.py:2742} INFO - Sync 1 DAGs
[2025-03-28T20:52:38.224+0000] {logging_mixin.py:150} INFO - [2025-03-28T20:52:38.223+0000] {dag.py:3504} INFO - Setting next_dagrun for pipeline to 2025-03-28T00:00:00+00:00, run_after=2025-03-29T00:00:00+00:00
[2025-03-28T20:52:38.249+0000] {processor.py:179} INFO - Processing /opt/airflow/dags/pipeline.py took 0.220 seconds
[2025-03-28T21:04:17.812+0000] {processor.py:157} INFO - Started process (PID=690) to work on /opt/airflow/dags/pipeline.py
[2025-03-28T21:04:17.815+0000] {processor.py:826} INFO - Processing file /opt/airflow/dags/pipeline.py for tasks to queue
[2025-03-28T21:04:17.818+0000] {logging_mixin.py:150} INFO - [2025-03-28T21:04:17.817+0000] {dagbag.py:541} INFO - Filling up the DagBag from /opt/airflow/dags/pipeline.py
[2025-03-28T21:04:17.836+0000] {processor.py:836} INFO - DAG(s) dict_keys(['pipeline']) retrieved from /opt/airflow/dags/pipeline.py
[2025-03-28T21:04:17.886+0000] {logging_mixin.py:150} INFO - [2025-03-28T21:04:17.886+0000] {dag.py:2742} INFO - Sync 1 DAGs
[2025-03-28T21:04:17.916+0000] {logging_mixin.py:150} INFO - [2025-03-28T21:04:17.916+0000] {dag.py:3504} INFO - Setting next_dagrun for pipeline to 2025-03-28T00:00:00+00:00, run_after=2025-03-29T00:00:00+00:00
[2025-03-28T21:04:17.945+0000] {processor.py:179} INFO - Processing /opt/airflow/dags/pipeline.py took 0.139 seconds
[2025-03-28T21:04:52.416+0000] {processor.py:157} INFO - Started process (PID=698) to work on /opt/airflow/dags/pipeline.py
[2025-03-28T21:04:52.417+0000] {processor.py:826} INFO - Processing file /opt/airflow/dags/pipeline.py for tasks to queue
[2025-03-28T21:04:52.421+0000] {logging_mixin.py:150} INFO - [2025-03-28T21:04:52.421+0000] {dagbag.py:541} INFO - Filling up the DagBag from /opt/airflow/dags/pipeline.py
[2025-03-28T21:04:52.437+0000] {processor.py:836} INFO - DAG(s) dict_keys(['pipeline']) retrieved from /opt/airflow/dags/pipeline.py
[2025-03-28T21:04:52.501+0000] {logging_mixin.py:150} INFO - [2025-03-28T21:04:52.500+0000] {dag.py:2742} INFO - Sync 1 DAGs
[2025-03-28T21:04:52.578+0000] {logging_mixin.py:150} INFO - [2025-03-28T21:04:52.577+0000] {dag.py:3504} INFO - Setting next_dagrun for pipeline to 2025-03-28T00:00:00+00:00, run_after=2025-03-29T00:00:00+00:00
[2025-03-28T21:04:52.610+0000] {processor.py:179} INFO - Processing /opt/airflow/dags/pipeline.py took 0.227 seconds
[2025-03-28T21:05:27.386+0000] {processor.py:157} INFO - Started process (PID=703) to work on /opt/airflow/dags/pipeline.py
[2025-03-28T21:05:27.388+0000] {processor.py:826} INFO - Processing file /opt/airflow/dags/pipeline.py for tasks to queue
[2025-03-28T21:05:27.391+0000] {logging_mixin.py:150} INFO - [2025-03-28T21:05:27.391+0000] {dagbag.py:541} INFO - Filling up the DagBag from /opt/airflow/dags/pipeline.py
[2025-03-28T21:05:27.415+0000] {processor.py:836} INFO - DAG(s) dict_keys(['pipeline']) retrieved from /opt/airflow/dags/pipeline.py
[2025-03-28T21:05:27.534+0000] {logging_mixin.py:150} INFO - [2025-03-28T21:05:27.533+0000] {dag.py:2742} INFO - Sync 1 DAGs
[2025-03-28T21:05:27.574+0000] {logging_mixin.py:150} INFO - [2025-03-28T21:05:27.574+0000] {dag.py:3504} INFO - Setting next_dagrun for pipeline to 2025-03-28T00:00:00+00:00, run_after=2025-03-29T00:00:00+00:00
[2025-03-28T21:05:27.594+0000] {processor.py:179} INFO - Processing /opt/airflow/dags/pipeline.py took 0.219 seconds
[2025-03-28T21:06:01.939+0000] {processor.py:157} INFO - Started process (PID=709) to work on /opt/airflow/dags/pipeline.py
[2025-03-28T21:06:01.941+0000] {processor.py:826} INFO - Processing file /opt/airflow/dags/pipeline.py for tasks to queue
[2025-03-28T21:06:01.943+0000] {logging_mixin.py:150} INFO - [2025-03-28T21:06:01.942+0000] {dagbag.py:541} INFO - Filling up the DagBag from /opt/airflow/dags/pipeline.py
[2025-03-28T21:06:02.016+0000] {processor.py:836} INFO - DAG(s) dict_keys(['pipeline']) retrieved from /opt/airflow/dags/pipeline.py
[2025-03-28T21:06:02.113+0000] {logging_mixin.py:150} INFO - [2025-03-28T21:06:02.113+0000] {dag.py:2742} INFO - Sync 1 DAGs
[2025-03-28T21:06:02.147+0000] {logging_mixin.py:150} INFO - [2025-03-28T21:06:02.147+0000] {dag.py:3504} INFO - Setting next_dagrun for pipeline to 2025-03-28T00:00:00+00:00, run_after=2025-03-29T00:00:00+00:00
[2025-03-28T21:06:02.171+0000] {processor.py:179} INFO - Processing /opt/airflow/dags/pipeline.py took 0.239 seconds
[2025-03-28T21:46:28.416+0000] {processor.py:157} INFO - Started process (PID=716) to work on /opt/airflow/dags/pipeline.py
[2025-03-28T21:46:28.418+0000] {processor.py:826} INFO - Processing file /opt/airflow/dags/pipeline.py for tasks to queue
[2025-03-28T21:46:28.420+0000] {logging_mixin.py:150} INFO - [2025-03-28T21:46:28.420+0000] {dagbag.py:541} INFO - Filling up the DagBag from /opt/airflow/dags/pipeline.py
[2025-03-28T21:46:28.433+0000] {processor.py:836} INFO - DAG(s) dict_keys(['pipeline']) retrieved from /opt/airflow/dags/pipeline.py
[2025-03-28T21:46:28.485+0000] {logging_mixin.py:150} INFO - [2025-03-28T21:46:28.485+0000] {dag.py:2742} INFO - Sync 1 DAGs
[2025-03-28T21:46:28.510+0000] {logging_mixin.py:150} INFO - [2025-03-28T21:46:28.509+0000] {dag.py:3504} INFO - Setting next_dagrun for pipeline to 2025-03-28T00:00:00+00:00, run_after=2025-03-29T00:00:00+00:00
[2025-03-28T21:46:28.538+0000] {processor.py:179} INFO - Processing /opt/airflow/dags/pipeline.py took 0.127 seconds
[2025-03-28T21:47:03.193+0000] {processor.py:157} INFO - Started process (PID=722) to work on /opt/airflow/dags/pipeline.py
[2025-03-28T21:47:03.196+0000] {processor.py:826} INFO - Processing file /opt/airflow/dags/pipeline.py for tasks to queue
[2025-03-28T21:47:03.198+0000] {logging_mixin.py:150} INFO - [2025-03-28T21:47:03.198+0000] {dagbag.py:541} INFO - Filling up the DagBag from /opt/airflow/dags/pipeline.py
[2025-03-28T21:47:03.235+0000] {processor.py:836} INFO - DAG(s) dict_keys(['pipeline']) retrieved from /opt/airflow/dags/pipeline.py
[2025-03-28T21:47:03.335+0000] {logging_mixin.py:150} INFO - [2025-03-28T21:47:03.335+0000] {dag.py:2742} INFO - Sync 1 DAGs
[2025-03-28T21:47:03.384+0000] {logging_mixin.py:150} INFO - [2025-03-28T21:47:03.384+0000] {dag.py:3504} INFO - Setting next_dagrun for pipeline to 2025-03-28T00:00:00+00:00, run_after=2025-03-29T00:00:00+00:00
[2025-03-28T21:47:03.436+0000] {processor.py:179} INFO - Processing /opt/airflow/dags/pipeline.py took 0.251 seconds
[2025-03-28T21:47:38.453+0000] {processor.py:157} INFO - Started process (PID=729) to work on /opt/airflow/dags/pipeline.py
[2025-03-28T21:47:38.457+0000] {processor.py:826} INFO - Processing file /opt/airflow/dags/pipeline.py for tasks to queue
[2025-03-28T21:47:38.461+0000] {logging_mixin.py:150} INFO - [2025-03-28T21:47:38.460+0000] {dagbag.py:541} INFO - Filling up the DagBag from /opt/airflow/dags/pipeline.py
[2025-03-28T21:47:38.523+0000] {processor.py:836} INFO - DAG(s) dict_keys(['pipeline']) retrieved from /opt/airflow/dags/pipeline.py
[2025-03-28T21:47:38.563+0000] {logging_mixin.py:150} INFO - [2025-03-28T21:47:38.563+0000] {dag.py:2742} INFO - Sync 1 DAGs
[2025-03-28T21:47:38.587+0000] {logging_mixin.py:150} INFO - [2025-03-28T21:47:38.587+0000] {dag.py:3504} INFO - Setting next_dagrun for pipeline to 2025-03-28T00:00:00+00:00, run_after=2025-03-29T00:00:00+00:00
[2025-03-28T21:47:38.606+0000] {processor.py:179} INFO - Processing /opt/airflow/dags/pipeline.py took 0.160 seconds
[2025-03-28T21:48:13.340+0000] {processor.py:157} INFO - Started process (PID=736) to work on /opt/airflow/dags/pipeline.py
[2025-03-28T21:48:13.351+0000] {processor.py:826} INFO - Processing file /opt/airflow/dags/pipeline.py for tasks to queue
[2025-03-28T21:48:13.353+0000] {logging_mixin.py:150} INFO - [2025-03-28T21:48:13.352+0000] {dagbag.py:541} INFO - Filling up the DagBag from /opt/airflow/dags/pipeline.py
[2025-03-28T21:48:13.368+0000] {processor.py:836} INFO - DAG(s) dict_keys(['pipeline']) retrieved from /opt/airflow/dags/pipeline.py
[2025-03-28T21:48:13.458+0000] {logging_mixin.py:150} INFO - [2025-03-28T21:48:13.458+0000] {dag.py:2742} INFO - Sync 1 DAGs
[2025-03-28T21:48:13.546+0000] {logging_mixin.py:150} INFO - [2025-03-28T21:48:13.546+0000] {dag.py:3504} INFO - Setting next_dagrun for pipeline to 2025-03-28T00:00:00+00:00, run_after=2025-03-29T00:00:00+00:00
[2025-03-28T21:48:13.597+0000] {processor.py:179} INFO - Processing /opt/airflow/dags/pipeline.py took 0.265 seconds
[2025-03-28T22:00:39.594+0000] {processor.py:157} INFO - Started process (PID=742) to work on /opt/airflow/dags/pipeline.py
[2025-03-28T22:00:39.596+0000] {processor.py:826} INFO - Processing file /opt/airflow/dags/pipeline.py for tasks to queue
[2025-03-28T22:00:39.598+0000] {logging_mixin.py:150} INFO - [2025-03-28T22:00:39.598+0000] {dagbag.py:541} INFO - Filling up the DagBag from /opt/airflow/dags/pipeline.py
[2025-03-28T22:00:39.623+0000] {processor.py:836} INFO - DAG(s) dict_keys(['pipeline']) retrieved from /opt/airflow/dags/pipeline.py
[2025-03-28T22:00:39.706+0000] {logging_mixin.py:150} INFO - [2025-03-28T22:00:39.705+0000] {dag.py:2742} INFO - Sync 1 DAGs
[2025-03-28T22:00:39.934+0000] {logging_mixin.py:150} INFO - [2025-03-28T22:00:39.932+0000] {dag.py:3504} INFO - Setting next_dagrun for pipeline to 2025-03-28T00:00:00+00:00, run_after=2025-03-29T00:00:00+00:00
[2025-03-28T22:00:40.122+0000] {processor.py:179} INFO - Processing /opt/airflow/dags/pipeline.py took 0.538 seconds
[2025-03-28T22:01:10.313+0000] {processor.py:157} INFO - Started process (PID=751) to work on /opt/airflow/dags/pipeline.py
[2025-03-28T22:01:10.315+0000] {processor.py:826} INFO - Processing file /opt/airflow/dags/pipeline.py for tasks to queue
[2025-03-28T22:01:10.317+0000] {logging_mixin.py:150} INFO - [2025-03-28T22:01:10.316+0000] {dagbag.py:541} INFO - Filling up the DagBag from /opt/airflow/dags/pipeline.py
[2025-03-28T22:01:10.332+0000] {processor.py:836} INFO - DAG(s) dict_keys(['pipeline']) retrieved from /opt/airflow/dags/pipeline.py
[2025-03-28T22:01:10.375+0000] {logging_mixin.py:150} INFO - [2025-03-28T22:01:10.375+0000] {dag.py:2742} INFO - Sync 1 DAGs
[2025-03-28T22:01:10.402+0000] {logging_mixin.py:150} INFO - [2025-03-28T22:01:10.402+0000] {dag.py:3504} INFO - Setting next_dagrun for pipeline to 2025-03-28T00:00:00+00:00, run_after=2025-03-29T00:00:00+00:00
[2025-03-28T22:01:10.429+0000] {processor.py:179} INFO - Processing /opt/airflow/dags/pipeline.py took 0.123 seconds
[2025-03-28T22:01:40.606+0000] {processor.py:157} INFO - Started process (PID=756) to work on /opt/airflow/dags/pipeline.py
[2025-03-28T22:01:40.607+0000] {processor.py:826} INFO - Processing file /opt/airflow/dags/pipeline.py for tasks to queue
[2025-03-28T22:01:40.609+0000] {logging_mixin.py:150} INFO - [2025-03-28T22:01:40.608+0000] {dagbag.py:541} INFO - Filling up the DagBag from /opt/airflow/dags/pipeline.py
[2025-03-28T22:01:40.619+0000] {processor.py:836} INFO - DAG(s) dict_keys(['pipeline']) retrieved from /opt/airflow/dags/pipeline.py
[2025-03-28T22:01:40.664+0000] {logging_mixin.py:150} INFO - [2025-03-28T22:01:40.664+0000] {dag.py:2742} INFO - Sync 1 DAGs
[2025-03-28T22:01:40.688+0000] {logging_mixin.py:150} INFO - [2025-03-28T22:01:40.688+0000] {dag.py:3504} INFO - Setting next_dagrun for pipeline to 2025-03-28T00:00:00+00:00, run_after=2025-03-29T00:00:00+00:00
[2025-03-28T22:01:40.709+0000] {processor.py:179} INFO - Processing /opt/airflow/dags/pipeline.py took 0.109 seconds
[2025-03-28T22:17:23.179+0000] {processor.py:157} INFO - Started process (PID=762) to work on /opt/airflow/dags/pipeline.py
[2025-03-28T22:17:23.180+0000] {processor.py:826} INFO - Processing file /opt/airflow/dags/pipeline.py for tasks to queue
[2025-03-28T22:17:23.184+0000] {logging_mixin.py:150} INFO - [2025-03-28T22:17:23.184+0000] {dagbag.py:541} INFO - Filling up the DagBag from /opt/airflow/dags/pipeline.py
[2025-03-28T22:17:23.228+0000] {processor.py:836} INFO - DAG(s) dict_keys(['pipeline']) retrieved from /opt/airflow/dags/pipeline.py
[2025-03-28T22:17:23.309+0000] {logging_mixin.py:150} INFO - [2025-03-28T22:17:23.309+0000] {dag.py:2742} INFO - Sync 1 DAGs
[2025-03-28T22:17:23.344+0000] {logging_mixin.py:150} INFO - [2025-03-28T22:17:23.344+0000] {dag.py:3504} INFO - Setting next_dagrun for pipeline to 2025-03-28T00:00:00+00:00, run_after=2025-03-29T00:00:00+00:00
[2025-03-28T22:17:23.371+0000] {processor.py:179} INFO - Processing /opt/airflow/dags/pipeline.py took 0.199 seconds
[2025-03-28T22:18:08.079+0000] {processor.py:157} INFO - Started process (PID=767) to work on /opt/airflow/dags/pipeline.py
[2025-03-28T22:18:08.081+0000] {processor.py:826} INFO - Processing file /opt/airflow/dags/pipeline.py for tasks to queue
[2025-03-28T22:18:08.084+0000] {logging_mixin.py:150} INFO - [2025-03-28T22:18:08.083+0000] {dagbag.py:541} INFO - Filling up the DagBag from /opt/airflow/dags/pipeline.py
[2025-03-28T22:18:08.168+0000] {processor.py:836} INFO - DAG(s) dict_keys(['pipeline']) retrieved from /opt/airflow/dags/pipeline.py
[2025-03-28T22:18:08.275+0000] {logging_mixin.py:150} INFO - [2025-03-28T22:18:08.274+0000] {dag.py:2742} INFO - Sync 1 DAGs
[2025-03-28T22:18:08.313+0000] {logging_mixin.py:150} INFO - [2025-03-28T22:18:08.312+0000] {dag.py:3504} INFO - Setting next_dagrun for pipeline to 2025-03-28T00:00:00+00:00, run_after=2025-03-29T00:00:00+00:00
[2025-03-28T22:18:08.378+0000] {processor.py:179} INFO - Processing /opt/airflow/dags/pipeline.py took 0.303 seconds
[2025-03-28T22:33:58.785+0000] {processor.py:157} INFO - Started process (PID=772) to work on /opt/airflow/dags/pipeline.py
[2025-03-28T22:33:58.787+0000] {processor.py:826} INFO - Processing file /opt/airflow/dags/pipeline.py for tasks to queue
[2025-03-28T22:33:58.789+0000] {logging_mixin.py:150} INFO - [2025-03-28T22:33:58.788+0000] {dagbag.py:541} INFO - Filling up the DagBag from /opt/airflow/dags/pipeline.py
[2025-03-28T22:33:58.812+0000] {processor.py:836} INFO - DAG(s) dict_keys(['pipeline']) retrieved from /opt/airflow/dags/pipeline.py
[2025-03-28T22:33:58.880+0000] {logging_mixin.py:150} INFO - [2025-03-28T22:33:58.880+0000] {dag.py:2742} INFO - Sync 1 DAGs
[2025-03-28T22:33:58.918+0000] {logging_mixin.py:150} INFO - [2025-03-28T22:33:58.918+0000] {dag.py:3504} INFO - Setting next_dagrun for pipeline to 2025-03-28T00:00:00+00:00, run_after=2025-03-29T00:00:00+00:00
[2025-03-28T22:33:58.945+0000] {processor.py:179} INFO - Processing /opt/airflow/dags/pipeline.py took 0.165 seconds
[2025-03-28T22:34:33.411+0000] {processor.py:157} INFO - Started process (PID=778) to work on /opt/airflow/dags/pipeline.py
[2025-03-28T22:34:33.420+0000] {processor.py:826} INFO - Processing file /opt/airflow/dags/pipeline.py for tasks to queue
[2025-03-28T22:34:33.425+0000] {logging_mixin.py:150} INFO - [2025-03-28T22:34:33.423+0000] {dagbag.py:541} INFO - Filling up the DagBag from /opt/airflow/dags/pipeline.py
[2025-03-28T22:34:33.463+0000] {processor.py:836} INFO - DAG(s) dict_keys(['pipeline']) retrieved from /opt/airflow/dags/pipeline.py
[2025-03-28T22:34:33.529+0000] {logging_mixin.py:150} INFO - [2025-03-28T22:34:33.529+0000] {dag.py:2742} INFO - Sync 1 DAGs
[2025-03-28T22:34:33.579+0000] {logging_mixin.py:150} INFO - [2025-03-28T22:34:33.579+0000] {dag.py:3504} INFO - Setting next_dagrun for pipeline to 2025-03-28T00:00:00+00:00, run_after=2025-03-29T00:00:00+00:00
[2025-03-28T22:34:33.616+0000] {processor.py:179} INFO - Processing /opt/airflow/dags/pipeline.py took 0.222 seconds
[2025-03-28T22:35:07.778+0000] {processor.py:157} INFO - Started process (PID=784) to work on /opt/airflow/dags/pipeline.py
[2025-03-28T22:35:07.797+0000] {processor.py:826} INFO - Processing file /opt/airflow/dags/pipeline.py for tasks to queue
[2025-03-28T22:35:07.807+0000] {logging_mixin.py:150} INFO - [2025-03-28T22:35:07.807+0000] {dagbag.py:541} INFO - Filling up the DagBag from /opt/airflow/dags/pipeline.py
[2025-03-28T22:35:07.865+0000] {processor.py:836} INFO - DAG(s) dict_keys(['pipeline']) retrieved from /opt/airflow/dags/pipeline.py
[2025-03-28T22:35:07.939+0000] {logging_mixin.py:150} INFO - [2025-03-28T22:35:07.939+0000] {dag.py:2742} INFO - Sync 1 DAGs
[2025-03-28T22:35:08.004+0000] {logging_mixin.py:150} INFO - [2025-03-28T22:35:08.004+0000] {dag.py:3504} INFO - Setting next_dagrun for pipeline to 2025-03-28T00:00:00+00:00, run_after=2025-03-29T00:00:00+00:00
[2025-03-28T22:35:08.050+0000] {processor.py:179} INFO - Processing /opt/airflow/dags/pipeline.py took 0.282 seconds
[2025-03-28T22:35:42.676+0000] {processor.py:157} INFO - Started process (PID=789) to work on /opt/airflow/dags/pipeline.py
[2025-03-28T22:35:42.679+0000] {processor.py:826} INFO - Processing file /opt/airflow/dags/pipeline.py for tasks to queue
[2025-03-28T22:35:42.682+0000] {logging_mixin.py:150} INFO - [2025-03-28T22:35:42.681+0000] {dagbag.py:541} INFO - Filling up the DagBag from /opt/airflow/dags/pipeline.py
[2025-03-28T22:35:42.740+0000] {processor.py:836} INFO - DAG(s) dict_keys(['pipeline']) retrieved from /opt/airflow/dags/pipeline.py
[2025-03-28T22:35:42.815+0000] {logging_mixin.py:150} INFO - [2025-03-28T22:35:42.815+0000] {dag.py:2742} INFO - Sync 1 DAGs
[2025-03-28T22:35:42.850+0000] {logging_mixin.py:150} INFO - [2025-03-28T22:35:42.850+0000] {dag.py:3504} INFO - Setting next_dagrun for pipeline to 2025-03-28T00:00:00+00:00, run_after=2025-03-29T00:00:00+00:00
[2025-03-28T22:35:42.880+0000] {processor.py:179} INFO - Processing /opt/airflow/dags/pipeline.py took 0.210 seconds
[2025-03-28T22:36:17.634+0000] {processor.py:157} INFO - Started process (PID=796) to work on /opt/airflow/dags/pipeline.py
[2025-03-28T22:36:17.636+0000] {processor.py:826} INFO - Processing file /opt/airflow/dags/pipeline.py for tasks to queue
[2025-03-28T22:36:17.639+0000] {logging_mixin.py:150} INFO - [2025-03-28T22:36:17.638+0000] {dagbag.py:541} INFO - Filling up the DagBag from /opt/airflow/dags/pipeline.py
[2025-03-28T22:36:17.738+0000] {processor.py:836} INFO - DAG(s) dict_keys(['pipeline']) retrieved from /opt/airflow/dags/pipeline.py
[2025-03-28T22:36:17.807+0000] {logging_mixin.py:150} INFO - [2025-03-28T22:36:17.807+0000] {dag.py:2742} INFO - Sync 1 DAGs
[2025-03-28T22:36:17.840+0000] {logging_mixin.py:150} INFO - [2025-03-28T22:36:17.839+0000] {dag.py:3504} INFO - Setting next_dagrun for pipeline to 2025-03-28T00:00:00+00:00, run_after=2025-03-29T00:00:00+00:00
[2025-03-28T22:36:17.859+0000] {processor.py:179} INFO - Processing /opt/airflow/dags/pipeline.py took 0.232 seconds
[2025-03-28T22:52:10.925+0000] {processor.py:157} INFO - Started process (PID=801) to work on /opt/airflow/dags/pipeline.py
[2025-03-28T22:52:10.926+0000] {processor.py:826} INFO - Processing file /opt/airflow/dags/pipeline.py for tasks to queue
[2025-03-28T22:52:10.928+0000] {logging_mixin.py:150} INFO - [2025-03-28T22:52:10.927+0000] {dagbag.py:541} INFO - Filling up the DagBag from /opt/airflow/dags/pipeline.py
[2025-03-28T22:52:10.941+0000] {processor.py:836} INFO - DAG(s) dict_keys(['pipeline']) retrieved from /opt/airflow/dags/pipeline.py
[2025-03-28T22:52:10.992+0000] {logging_mixin.py:150} INFO - [2025-03-28T22:52:10.992+0000] {dag.py:2742} INFO - Sync 1 DAGs
[2025-03-28T22:52:11.028+0000] {logging_mixin.py:150} INFO - [2025-03-28T22:52:11.028+0000] {dag.py:3504} INFO - Setting next_dagrun for pipeline to 2025-03-28T00:00:00+00:00, run_after=2025-03-29T00:00:00+00:00
[2025-03-28T22:52:11.055+0000] {processor.py:179} INFO - Processing /opt/airflow/dags/pipeline.py took 0.137 seconds
[2025-03-28T22:52:54.039+0000] {processor.py:157} INFO - Started process (PID=806) to work on /opt/airflow/dags/pipeline.py
[2025-03-28T22:52:54.040+0000] {processor.py:826} INFO - Processing file /opt/airflow/dags/pipeline.py for tasks to queue
[2025-03-28T22:52:54.043+0000] {logging_mixin.py:150} INFO - [2025-03-28T22:52:54.043+0000] {dagbag.py:541} INFO - Filling up the DagBag from /opt/airflow/dags/pipeline.py
[2025-03-28T22:52:54.060+0000] {processor.py:836} INFO - DAG(s) dict_keys(['pipeline']) retrieved from /opt/airflow/dags/pipeline.py
[2025-03-28T22:52:54.145+0000] {logging_mixin.py:150} INFO - [2025-03-28T22:52:54.144+0000] {dag.py:2742} INFO - Sync 1 DAGs
[2025-03-28T22:52:54.207+0000] {logging_mixin.py:150} INFO - [2025-03-28T22:52:54.207+0000] {dag.py:3504} INFO - Setting next_dagrun for pipeline to 2025-03-28T00:00:00+00:00, run_after=2025-03-29T00:00:00+00:00
[2025-03-28T22:52:54.244+0000] {processor.py:179} INFO - Processing /opt/airflow/dags/pipeline.py took 0.212 seconds
[2025-03-28T23:08:49.237+0000] {processor.py:157} INFO - Started process (PID=816) to work on /opt/airflow/dags/pipeline.py
[2025-03-28T23:08:49.238+0000] {processor.py:826} INFO - Processing file /opt/airflow/dags/pipeline.py for tasks to queue
[2025-03-28T23:08:49.240+0000] {logging_mixin.py:150} INFO - [2025-03-28T23:08:49.240+0000] {dagbag.py:541} INFO - Filling up the DagBag from /opt/airflow/dags/pipeline.py
[2025-03-28T23:08:49.252+0000] {processor.py:836} INFO - DAG(s) dict_keys(['pipeline']) retrieved from /opt/airflow/dags/pipeline.py
[2025-03-28T23:08:49.299+0000] {logging_mixin.py:150} INFO - [2025-03-28T23:08:49.299+0000] {dag.py:2742} INFO - Sync 1 DAGs
[2025-03-28T23:08:49.350+0000] {logging_mixin.py:150} INFO - [2025-03-28T23:08:49.350+0000] {dag.py:3504} INFO - Setting next_dagrun for pipeline to 2025-03-28T00:00:00+00:00, run_after=2025-03-29T00:00:00+00:00
[2025-03-28T23:08:49.371+0000] {processor.py:179} INFO - Processing /opt/airflow/dags/pipeline.py took 0.142 seconds
[2025-03-28T23:09:23.304+0000] {processor.py:157} INFO - Started process (PID=822) to work on /opt/airflow/dags/pipeline.py
[2025-03-28T23:09:23.307+0000] {processor.py:826} INFO - Processing file /opt/airflow/dags/pipeline.py for tasks to queue
[2025-03-28T23:09:23.314+0000] {logging_mixin.py:150} INFO - [2025-03-28T23:09:23.312+0000] {dagbag.py:541} INFO - Filling up the DagBag from /opt/airflow/dags/pipeline.py
[2025-03-28T23:09:23.357+0000] {processor.py:836} INFO - DAG(s) dict_keys(['pipeline']) retrieved from /opt/airflow/dags/pipeline.py
[2025-03-28T23:09:23.455+0000] {logging_mixin.py:150} INFO - [2025-03-28T23:09:23.454+0000] {dag.py:2742} INFO - Sync 1 DAGs
[2025-03-28T23:09:23.482+0000] {logging_mixin.py:150} INFO - [2025-03-28T23:09:23.482+0000] {dag.py:3504} INFO - Setting next_dagrun for pipeline to 2025-03-28T00:00:00+00:00, run_after=2025-03-29T00:00:00+00:00
[2025-03-28T23:09:23.501+0000] {processor.py:179} INFO - Processing /opt/airflow/dags/pipeline.py took 0.206 seconds
[2025-03-28T23:09:58.165+0000] {processor.py:157} INFO - Started process (PID=828) to work on /opt/airflow/dags/pipeline.py
[2025-03-28T23:09:58.167+0000] {processor.py:826} INFO - Processing file /opt/airflow/dags/pipeline.py for tasks to queue
[2025-03-28T23:09:58.169+0000] {logging_mixin.py:150} INFO - [2025-03-28T23:09:58.168+0000] {dagbag.py:541} INFO - Filling up the DagBag from /opt/airflow/dags/pipeline.py
[2025-03-28T23:09:58.188+0000] {processor.py:836} INFO - DAG(s) dict_keys(['pipeline']) retrieved from /opt/airflow/dags/pipeline.py
[2025-03-28T23:09:58.274+0000] {logging_mixin.py:150} INFO - [2025-03-28T23:09:58.274+0000] {dag.py:2742} INFO - Sync 1 DAGs
[2025-03-28T23:09:58.406+0000] {logging_mixin.py:150} INFO - [2025-03-28T23:09:58.406+0000] {dag.py:3504} INFO - Setting next_dagrun for pipeline to 2025-03-28T00:00:00+00:00, run_after=2025-03-29T00:00:00+00:00
[2025-03-28T23:09:58.430+0000] {processor.py:179} INFO - Processing /opt/airflow/dags/pipeline.py took 0.272 seconds
[2025-03-28T23:10:32.945+0000] {processor.py:157} INFO - Started process (PID=833) to work on /opt/airflow/dags/pipeline.py
[2025-03-28T23:10:32.982+0000] {processor.py:826} INFO - Processing file /opt/airflow/dags/pipeline.py for tasks to queue
[2025-03-28T23:10:33.013+0000] {logging_mixin.py:150} INFO - [2025-03-28T23:10:33.013+0000] {dagbag.py:541} INFO - Filling up the DagBag from /opt/airflow/dags/pipeline.py
[2025-03-28T23:10:33.067+0000] {processor.py:836} INFO - DAG(s) dict_keys(['pipeline']) retrieved from /opt/airflow/dags/pipeline.py
[2025-03-28T23:10:33.276+0000] {logging_mixin.py:150} INFO - [2025-03-28T23:10:33.276+0000] {dag.py:2742} INFO - Sync 1 DAGs
[2025-03-28T23:10:33.350+0000] {logging_mixin.py:150} INFO - [2025-03-28T23:10:33.345+0000] {dag.py:3504} INFO - Setting next_dagrun for pipeline to 2025-03-28T00:00:00+00:00, run_after=2025-03-29T00:00:00+00:00
[2025-03-28T23:10:33.474+0000] {processor.py:179} INFO - Processing /opt/airflow/dags/pipeline.py took 0.537 seconds
[2025-03-28T23:26:27.402+0000] {processor.py:157} INFO - Started process (PID=838) to work on /opt/airflow/dags/pipeline.py
[2025-03-28T23:26:27.407+0000] {processor.py:826} INFO - Processing file /opt/airflow/dags/pipeline.py for tasks to queue
[2025-03-28T23:26:27.410+0000] {logging_mixin.py:150} INFO - [2025-03-28T23:26:27.409+0000] {dagbag.py:541} INFO - Filling up the DagBag from /opt/airflow/dags/pipeline.py
[2025-03-28T23:26:27.447+0000] {processor.py:836} INFO - DAG(s) dict_keys(['pipeline']) retrieved from /opt/airflow/dags/pipeline.py
[2025-03-28T23:26:27.540+0000] {logging_mixin.py:150} INFO - [2025-03-28T23:26:27.539+0000] {dag.py:2742} INFO - Sync 1 DAGs
[2025-03-28T23:26:27.601+0000] {logging_mixin.py:150} INFO - [2025-03-28T23:26:27.601+0000] {dag.py:3504} INFO - Setting next_dagrun for pipeline to 2025-03-28T00:00:00+00:00, run_after=2025-03-29T00:00:00+00:00
[2025-03-28T23:26:27.631+0000] {processor.py:179} INFO - Processing /opt/airflow/dags/pipeline.py took 0.245 seconds
[2025-03-28T23:27:02.061+0000] {processor.py:157} INFO - Started process (PID=847) to work on /opt/airflow/dags/pipeline.py
[2025-03-28T23:27:02.064+0000] {processor.py:826} INFO - Processing file /opt/airflow/dags/pipeline.py for tasks to queue
[2025-03-28T23:27:02.069+0000] {logging_mixin.py:150} INFO - [2025-03-28T23:27:02.068+0000] {dagbag.py:541} INFO - Filling up the DagBag from /opt/airflow/dags/pipeline.py
[2025-03-28T23:27:02.094+0000] {processor.py:836} INFO - DAG(s) dict_keys(['pipeline']) retrieved from /opt/airflow/dags/pipeline.py
[2025-03-28T23:27:02.212+0000] {logging_mixin.py:150} INFO - [2025-03-28T23:27:02.211+0000] {dag.py:2742} INFO - Sync 1 DAGs
[2025-03-28T23:27:02.260+0000] {logging_mixin.py:150} INFO - [2025-03-28T23:27:02.260+0000] {dag.py:3504} INFO - Setting next_dagrun for pipeline to 2025-03-28T00:00:00+00:00, run_after=2025-03-29T00:00:00+00:00
[2025-03-28T23:27:02.290+0000] {processor.py:179} INFO - Processing /opt/airflow/dags/pipeline.py took 0.236 seconds
[2025-03-28T23:27:36.800+0000] {processor.py:157} INFO - Started process (PID=852) to work on /opt/airflow/dags/pipeline.py
[2025-03-28T23:27:36.803+0000] {processor.py:826} INFO - Processing file /opt/airflow/dags/pipeline.py for tasks to queue
[2025-03-28T23:27:36.805+0000] {logging_mixin.py:150} INFO - [2025-03-28T23:27:36.805+0000] {dagbag.py:541} INFO - Filling up the DagBag from /opt/airflow/dags/pipeline.py
[2025-03-28T23:27:36.824+0000] {processor.py:836} INFO - DAG(s) dict_keys(['pipeline']) retrieved from /opt/airflow/dags/pipeline.py
[2025-03-28T23:27:36.950+0000] {logging_mixin.py:150} INFO - [2025-03-28T23:27:36.950+0000] {dag.py:2742} INFO - Sync 1 DAGs
[2025-03-28T23:27:37.008+0000] {logging_mixin.py:150} INFO - [2025-03-28T23:27:37.007+0000] {dag.py:3504} INFO - Setting next_dagrun for pipeline to 2025-03-28T00:00:00+00:00, run_after=2025-03-29T00:00:00+00:00
[2025-03-28T23:27:37.088+0000] {processor.py:179} INFO - Processing /opt/airflow/dags/pipeline.py took 0.325 seconds
[2025-03-28T23:43:32.297+0000] {processor.py:157} INFO - Started process (PID=858) to work on /opt/airflow/dags/pipeline.py
[2025-03-28T23:43:32.299+0000] {processor.py:826} INFO - Processing file /opt/airflow/dags/pipeline.py for tasks to queue
[2025-03-28T23:43:32.301+0000] {logging_mixin.py:150} INFO - [2025-03-28T23:43:32.300+0000] {dagbag.py:541} INFO - Filling up the DagBag from /opt/airflow/dags/pipeline.py
[2025-03-28T23:43:32.323+0000] {processor.py:836} INFO - DAG(s) dict_keys(['pipeline']) retrieved from /opt/airflow/dags/pipeline.py
[2025-03-28T23:43:32.425+0000] {logging_mixin.py:150} INFO - [2025-03-28T23:43:32.425+0000] {dag.py:2742} INFO - Sync 1 DAGs
[2025-03-28T23:43:32.483+0000] {logging_mixin.py:150} INFO - [2025-03-28T23:43:32.483+0000] {dag.py:3504} INFO - Setting next_dagrun for pipeline to 2025-03-28T00:00:00+00:00, run_after=2025-03-29T00:00:00+00:00
[2025-03-28T23:43:32.517+0000] {processor.py:179} INFO - Processing /opt/airflow/dags/pipeline.py took 0.230 seconds
[2025-03-28T23:44:06.972+0000] {processor.py:157} INFO - Started process (PID=865) to work on /opt/airflow/dags/pipeline.py
[2025-03-28T23:44:06.978+0000] {processor.py:826} INFO - Processing file /opt/airflow/dags/pipeline.py for tasks to queue
[2025-03-28T23:44:06.981+0000] {logging_mixin.py:150} INFO - [2025-03-28T23:44:06.980+0000] {dagbag.py:541} INFO - Filling up the DagBag from /opt/airflow/dags/pipeline.py
[2025-03-28T23:44:07.008+0000] {processor.py:836} INFO - DAG(s) dict_keys(['pipeline']) retrieved from /opt/airflow/dags/pipeline.py
[2025-03-28T23:44:07.136+0000] {logging_mixin.py:150} INFO - [2025-03-28T23:44:07.135+0000] {dag.py:2742} INFO - Sync 1 DAGs
[2025-03-28T23:44:07.179+0000] {logging_mixin.py:150} INFO - [2025-03-28T23:44:07.178+0000] {dag.py:3504} INFO - Setting next_dagrun for pipeline to 2025-03-28T00:00:00+00:00, run_after=2025-03-29T00:00:00+00:00
[2025-03-28T23:44:07.205+0000] {processor.py:179} INFO - Processing /opt/airflow/dags/pipeline.py took 0.245 seconds
[2025-03-28T23:44:41.224+0000] {processor.py:157} INFO - Started process (PID=870) to work on /opt/airflow/dags/pipeline.py
[2025-03-28T23:44:41.226+0000] {processor.py:826} INFO - Processing file /opt/airflow/dags/pipeline.py for tasks to queue
[2025-03-28T23:44:41.228+0000] {logging_mixin.py:150} INFO - [2025-03-28T23:44:41.228+0000] {dagbag.py:541} INFO - Filling up the DagBag from /opt/airflow/dags/pipeline.py
[2025-03-28T23:44:41.285+0000] {processor.py:836} INFO - DAG(s) dict_keys(['pipeline']) retrieved from /opt/airflow/dags/pipeline.py
[2025-03-28T23:44:41.387+0000] {logging_mixin.py:150} INFO - [2025-03-28T23:44:41.387+0000] {dag.py:2742} INFO - Sync 1 DAGs
[2025-03-28T23:44:41.435+0000] {logging_mixin.py:150} INFO - [2025-03-28T23:44:41.435+0000] {dag.py:3504} INFO - Setting next_dagrun for pipeline to 2025-03-28T00:00:00+00:00, run_after=2025-03-29T00:00:00+00:00
[2025-03-28T23:44:41.465+0000] {processor.py:179} INFO - Processing /opt/airflow/dags/pipeline.py took 0.246 seconds
[2025-03-28T23:45:15.856+0000] {processor.py:157} INFO - Started process (PID=875) to work on /opt/airflow/dags/pipeline.py
[2025-03-28T23:45:16.127+0000] {processor.py:826} INFO - Processing file /opt/airflow/dags/pipeline.py for tasks to queue
[2025-03-28T23:45:16.138+0000] {logging_mixin.py:150} INFO - [2025-03-28T23:45:16.136+0000] {dagbag.py:541} INFO - Filling up the DagBag from /opt/airflow/dags/pipeline.py
[2025-03-28T23:45:16.179+0000] {processor.py:836} INFO - DAG(s) dict_keys(['pipeline']) retrieved from /opt/airflow/dags/pipeline.py
[2025-03-28T23:45:16.320+0000] {logging_mixin.py:150} INFO - [2025-03-28T23:45:16.319+0000] {dag.py:2742} INFO - Sync 1 DAGs
[2025-03-28T23:45:16.384+0000] {logging_mixin.py:150} INFO - [2025-03-28T23:45:16.383+0000] {dag.py:3504} INFO - Setting next_dagrun for pipeline to 2025-03-28T00:00:00+00:00, run_after=2025-03-29T00:00:00+00:00
[2025-03-28T23:45:16.472+0000] {processor.py:179} INFO - Processing /opt/airflow/dags/pipeline.py took 0.619 seconds
[2025-03-28T23:59:05.599+0000] {processor.py:157} INFO - Started process (PID=881) to work on /opt/airflow/dags/pipeline.py
[2025-03-28T23:59:05.602+0000] {processor.py:826} INFO - Processing file /opt/airflow/dags/pipeline.py for tasks to queue
[2025-03-28T23:59:05.605+0000] {logging_mixin.py:150} INFO - [2025-03-28T23:59:05.604+0000] {dagbag.py:541} INFO - Filling up the DagBag from /opt/airflow/dags/pipeline.py
[2025-03-28T23:59:05.621+0000] {processor.py:836} INFO - DAG(s) dict_keys(['pipeline']) retrieved from /opt/airflow/dags/pipeline.py
[2025-03-28T23:59:05.694+0000] {logging_mixin.py:150} INFO - [2025-03-28T23:59:05.694+0000] {dag.py:2742} INFO - Sync 1 DAGs
[2025-03-28T23:59:05.742+0000] {logging_mixin.py:150} INFO - [2025-03-28T23:59:05.742+0000] {dag.py:3504} INFO - Setting next_dagrun for pipeline to 2025-03-28T00:00:00+00:00, run_after=2025-03-29T00:00:00+00:00
[2025-03-28T23:59:05.767+0000] {processor.py:179} INFO - Processing /opt/airflow/dags/pipeline.py took 0.173 seconds
[2025-03-28T23:59:40.226+0000] {processor.py:157} INFO - Started process (PID=888) to work on /opt/airflow/dags/pipeline.py
[2025-03-28T23:59:40.239+0000] {processor.py:826} INFO - Processing file /opt/airflow/dags/pipeline.py for tasks to queue
[2025-03-28T23:59:40.245+0000] {logging_mixin.py:150} INFO - [2025-03-28T23:59:40.244+0000] {dagbag.py:541} INFO - Filling up the DagBag from /opt/airflow/dags/pipeline.py
[2025-03-28T23:59:40.275+0000] {processor.py:836} INFO - DAG(s) dict_keys(['pipeline']) retrieved from /opt/airflow/dags/pipeline.py
[2025-03-28T23:59:40.335+0000] {logging_mixin.py:150} INFO - [2025-03-28T23:59:40.334+0000] {dag.py:2742} INFO - Sync 1 DAGs
[2025-03-28T23:59:40.369+0000] {logging_mixin.py:150} INFO - [2025-03-28T23:59:40.369+0000] {dag.py:3504} INFO - Setting next_dagrun for pipeline to 2025-03-28T00:00:00+00:00, run_after=2025-03-29T00:00:00+00:00
[2025-03-28T23:59:40.403+0000] {processor.py:179} INFO - Processing /opt/airflow/dags/pipeline.py took 0.194 seconds
